panel,model_id,measurement_system,outcome_label,outcome_column,focal_predictor,term,is_focal_term,estimate,standard_error,t_statistic,pvalue,ci95_low,ci95_high,significance,n,df_resid,r_squared,adjusted_r_squared,outcome_scale,predictor_scale,inference
Figure 1c,C_NRC_sadness,NRC Emotion Lexicon,Sadness,climate_sadness_score_freq,US_daily_covid_death,const,False,0.3892745801,0.1443685156,2.696395253,0.007179421539,0.1058231531,0.6727260072,**,711,694,0.1517873394,0.1322320043,Standardized daily climate-only language score,Standardized daily COVID-19 deaths,Conventional OLS; exact two-sided p values
Figure 1c,C_NRC_sadness,NRC Emotion Lexicon,Sadness,climate_sadness_score_freq,US_daily_covid_death,US_daily_covid_death,True,-0.1534269833,0.04344344451,-3.531648676,0.000440302085,-0.2387233257,-0.06813064084,***,711,694,0.1517873394,0.1322320043,Standardized daily climate-only language score,Standardized daily COVID-19 deaths,Conventional OLS; exact two-sided p values
Figure 1c,C_NRC_sadness,NRC Emotion Lexicon,Sadness,climate_sadness_score_freq,US_daily_covid_death,climatenews,False,-0.1092689701,0.04991822736,-2.188959342,0.02893224047,-0.2072778242,-0.01126011601,*,711,694,0.1517873394,0.1322320043,Standardized daily climate-only language score,Standardized daily COVID-19 deaths,Conventional OLS; exact two-sided p values
Figure 1c,C_NRC_sadness,NRC Emotion Lexicon,Sadness,climate_sadness_score_freq,US_daily_covid_death,GovernmentResponseIndex_Average,False,0.07012502789,0.05541843855,1.265373578,0.2061621121,-0.03868287547,0.1789329313,,711,694,0.1517873394,0.1322320043,Standardized daily climate-only language score,Standardized daily COVID-19 deaths,Conventional OLS; exact two-sided p values
Figure 1c,C_NRC_sadness,NRC Emotion Lexicon,Sadness,climate_sadness_score_freq,US_daily_covid_death,debates,False,-0.4534753942,0.3182921715,-1.424714256,0.1546893381,-1.07840646,0.171455671,,711,694,0.1517873394,0.1322320043,Standardized daily climate-only language score,Standardized daily COVID-19 deaths,Conventional OLS; exact two-sided p values
Figure 1c,C_NRC_sadness,NRC Emotion Lexicon,Sadness,climate_sadness_score_freq,US_daily_covid_death,WinterStorm,False,-1.33180119,0.3074785719,-4.33136261,1.700556912e-05,-1.935500962,-0.7281014175,***,711,694,0.1517873394,0.1322320043,Standardized daily climate-only language score,Standardized daily COVID-19 deaths,Conventional OLS; exact two-sided p values
Figure 1c,C_NRC_sadness,NRC Emotion Lexicon,Sadness,climate_sadness_score_freq,US_daily_covid_death,Wildfire,False,0.4082184085,0.09645314977,4.232297332,2.624105417e-05,0.218843441,0.597593376,***,711,694,0.1517873394,0.1322320043,Standardized daily climate-only language score,Standardized daily COVID-19 deaths,Conventional OLS; exact two-sided p values
Figure 1c,C_NRC_sadness,NRC Emotion Lexicon,Sadness,climate_sadness_score_freq,US_daily_covid_death,TropicalCyclone,False,-0.194314499,0.1673566521,-1.161080224,0.2460084806,-0.5229005601,0.134271562,,711,694,0.1517873394,0.1322320043,Standardized daily climate-only language score,Standardized daily COVID-19 deaths,Conventional OLS; exact two-sided p values
Figure 1c,C_NRC_sadness,NRC Emotion Lexicon,Sadness,climate_sadness_score_freq,US_daily_covid_death,SevereStorm,False,-0.02902336019,0.1329711004,-0.2182681808,0.8272843297,-0.2900972378,0.2320505175,,711,694,0.1517873394,0.1322320043,Standardized daily climate-only language score,Standardized daily COVID-19 deaths,Conventional OLS; exact two-sided p values
Figure 1c,C_NRC_sadness,NRC Emotion Lexicon,Sadness,climate_sadness_score_freq,US_daily_covid_death,Flood,False,-0.4542608905,0.3415962758,-1.329818042,0.1840151239,-1.124946957,0.216425176,,711,694,0.1517873394,0.1322320043,Standardized daily climate-only language score,Standardized daily COVID-19 deaths,Conventional OLS; exact two-sided p values
Figure 1c,C_NRC_sadness,NRC Emotion Lexicon,Sadness,climate_sadness_score_freq,US_daily_covid_death,Drought,False,-0.6979301976,0.1367698525,-5.1029535,4.32155379e-07,-0.9664624999,-0.4293978952,***,711,694,0.1517873394,0.1322320043,Standardized daily climate-only language score,Standardized daily COVID-19 deaths,Conventional OLS; exact two-sided p values
Figure 1c,C_NRC_sadness,NRC Emotion Lexicon,Sadness,climate_sadness_score_freq,US_daily_covid_death,weekday_1,False,-0.1663061869,0.1312333689,-1.267255335,0.2054890724,-0.4239682232,0.09135584938,,711,694,0.1517873394,0.1322320043,Standardized daily climate-only language score,Standardized daily COVID-19 deaths,Conventional OLS; exact two-sided p values
Figure 1c,C_NRC_sadness,NRC Emotion Lexicon,Sadness,climate_sadness_score_freq,US_daily_covid_death,weekday_2,False,0.1093057077,0.1312631366,0.8327220462,0.4052879753,-0.1484147741,0.3670261895,,711,694,0.1517873394,0.1322320043,Standardized daily climate-only language score,Standardized daily COVID-19 deaths,Conventional OLS; exact two-sided p values
Figure 1c,C_NRC_sadness,NRC Emotion Lexicon,Sadness,climate_sadness_score_freq,US_daily_covid_death,weekday_3,False,-0.1241644183,0.1320178419,-0.9405124075,0.3472820277,-0.3833666795,0.1350378428,,711,694,0.1517873394,0.1322320043,Standardized daily climate-only language score,Standardized daily COVID-19 deaths,Conventional OLS; exact two-sided p values
Figure 1c,C_NRC_sadness,NRC Emotion Lexicon,Sadness,climate_sadness_score_freq,US_daily_covid_death,weekday_4,False,-0.07186387613,0.1324802251,-0.5424498342,0.5876827987,-0.331973975,0.1882462227,,711,694,0.1517873394,0.1322320043,Standardized daily climate-only language score,Standardized daily COVID-19 deaths,Conventional OLS; exact two-sided p values
Figure 1c,C_NRC_sadness,NRC Emotion Lexicon,Sadness,climate_sadness_score_freq,US_daily_covid_death,weekday_5,False,0.137745844,0.1325436158,1.03924918,0.299050793,-0.1224887155,0.3979804035,,711,694,0.1517873394,0.1322320043,Standardized daily climate-only language score,Standardized daily COVID-19 deaths,Conventional OLS; exact two-sided p values
Figure 1c,C_NRC_sadness,NRC Emotion Lexicon,Sadness,climate_sadness_score_freq,US_daily_covid_death,weekday_6,False,0.18258931,0.1323657795,1.37942987,0.1682065723,-0.07729608769,0.4424747076,,711,694,0.1517873394,0.1322320043,Standardized daily climate-only language score,Standardized daily COVID-19 deaths,Conventional OLS; exact two-sided p values
Figure 1c,C_NRC_anger,NRC Emotion Lexicon,Anger,climate_anger_score_freq,US_daily_covid_death,const,False,0.5424163891,0.1319082513,4.11207323,4.390971439e-05,0.2834292968,0.8014034815,***,711,694,0.2918851623,0.2755597482,Standardized daily climate-only language score,Standardized daily COVID-19 deaths,Conventional OLS; exact two-sided p values
Figure 1c,C_NRC_anger,NRC Emotion Lexicon,Anger,climate_anger_score_freq,US_daily_covid_death,US_daily_covid_death,True,-0.1303390578,0.03969389568,-3.283604583,0.001076309216,-0.2082735806,-0.05240453493,**,711,694,0.2918851623,0.2755597482,Standardized daily climate-only language score,Standardized daily COVID-19 deaths,Conventional OLS; exact two-sided p values
Figure 1c,C_NRC_anger,NRC Emotion Lexicon,Anger,climate_anger_score_freq,US_daily_covid_death,climatenews,False,-0.2431904197,0.0456098482,-5.331971697,1.31567026e-07,-0.3327402534,-0.153640586,***,711,694,0.2918851623,0.2755597482,Standardized daily climate-only language score,Standardized daily COVID-19 deaths,Conventional OLS; exact two-sided p values
Figure 1c,C_NRC_anger,NRC Emotion Lexicon,Anger,climate_anger_score_freq,US_daily_covid_death,GovernmentResponseIndex_Average,False,-0.1434525379,0.05063534311,-2.833051562,0.004744394173,-0.2428693685,-0.04403570726,**,711,694,0.2918851623,0.2755597482,Standardized daily climate-only language score,Standardized daily COVID-19 deaths,Conventional OLS; exact two-sided p values
Figure 1c,C_NRC_anger,NRC Emotion Lexicon,Anger,climate_anger_score_freq,US_daily_covid_death,debates,False,0.357836741,0.2908207762,1.230437336,0.2189502655,-0.2131573133,0.9288307953,,711,694,0.2918851623,0.2755597482,Standardized daily climate-only language score,Standardized daily COVID-19 deaths,Conventional OLS; exact two-sided p values
Figure 1c,C_NRC_anger,NRC Emotion Lexicon,Anger,climate_anger_score_freq,US_daily_covid_death,WinterStorm,False,-0.7754573452,0.2809404847,-2.76021929,0.005928716983,-1.327052553,-0.2238621377,**,711,694,0.2918851623,0.2755597482,Standardized daily climate-only language score,Standardized daily COVID-19 deaths,Conventional OLS; exact two-sided p values
Figure 1c,C_NRC_anger,NRC Emotion Lexicon,Anger,climate_anger_score_freq,US_daily_covid_death,Wildfire,False,0.2273311139,0.08812840022,2.579544317,0.01009765917,0.05430086072,0.4003613671,*,711,694,0.2918851623,0.2755597482,Standardized daily climate-only language score,Standardized daily COVID-19 deaths,Conventional OLS; exact two-sided p values
Figure 1c,C_NRC_anger,NRC Emotion Lexicon,Anger,climate_anger_score_freq,US_daily_covid_death,TropicalCyclone,False,0.1982823773,0.1529123108,1.296706434,0.1951631827,-0.1019438357,0.4985085904,,711,694,0.2918851623,0.2755597482,Standardized daily climate-only language score,Standardized daily COVID-19 deaths,Conventional OLS; exact two-sided p values
Figure 1c,C_NRC_anger,NRC Emotion Lexicon,Anger,climate_anger_score_freq,US_daily_covid_death,SevereStorm,False,-0.332156713,0.1214945327,-2.733923129,0.006418014825,-0.570697634,-0.09361579199,**,711,694,0.2918851623,0.2755597482,Standardized daily climate-only language score,Standardized daily COVID-19 deaths,Conventional OLS; exact two-sided p values
Figure 1c,C_NRC_anger,NRC Emotion Lexicon,Anger,climate_anger_score_freq,US_daily_covid_death,Flood,False,0.3924435035,0.3121135326,1.2573742,0.2090411244,-0.2203564957,1.005243503,,711,694,0.2918851623,0.2755597482,Standardized daily climate-only language score,Standardized daily COVID-19 deaths,Conventional OLS; exact two-sided p values
Figure 1c,C_NRC_anger,NRC Emotion Lexicon,Anger,climate_anger_score_freq,US_daily_covid_death,Drought,False,-0.8905768759,0.1249654193,-7.126586547,2.584911603e-12,-1.135932494,-0.6452212574,***,711,694,0.2918851623,0.2755597482,Standardized daily climate-only language score,Standardized daily COVID-19 deaths,Conventional OLS; exact two-sided p values
Figure 1c,C_NRC_anger,NRC Emotion Lexicon,Anger,climate_anger_score_freq,US_daily_covid_death,weekday_1,False,-0.0669123479,0.1199067826,-0.5580363883,0.5769995051,-0.3023358992,0.1685112035,,711,694,0.2918851623,0.2755597482,Standardized daily climate-only language score,Standardized daily COVID-19 deaths,Conventional OLS; exact two-sided p values
Figure 1c,C_NRC_anger,NRC Emotion Lexicon,Anger,climate_anger_score_freq,US_daily_covid_death,weekday_2,False,0.1821304984,0.1199339811,1.518589617,0.1293212276,-0.05334645409,0.4176074509,,711,694,0.2918851623,0.2755597482,Standardized daily climate-only language score,Standardized daily COVID-19 deaths,Conventional OLS; exact two-sided p values
Figure 1c,C_NRC_anger,NRC Emotion Lexicon,Anger,climate_anger_score_freq,US_daily_covid_death,weekday_3,False,0.04390833111,0.1206235487,0.3640112697,0.7159604641,-0.1929225102,0.2807391725,,711,694,0.2918851623,0.2755597482,Standardized daily climate-only language score,Standardized daily COVID-19 deaths,Conventional OLS; exact two-sided p values
Figure 1c,C_NRC_anger,NRC Emotion Lexicon,Anger,climate_anger_score_freq,US_daily_covid_death,weekday_4,False,0.05763659126,0.1210460242,0.4761543525,0.6341142779,-0.1800237334,0.295296916,,711,694,0.2918851623,0.2755597482,Standardized daily climate-only language score,Standardized daily COVID-19 deaths,Conventional OLS; exact two-sided p values
Figure 1c,C_NRC_anger,NRC Emotion Lexicon,Anger,climate_anger_score_freq,US_daily_covid_death,weekday_5,False,0.25293151,0.1211039437,2.088548913,0.03711220531,0.01515746671,0.4907055533,*,711,694,0.2918851623,0.2755597482,Standardized daily climate-only language score,Standardized daily COVID-19 deaths,Conventional OLS; exact two-sided p values
Figure 1c,C_NRC_anger,NRC Emotion Lexicon,Anger,climate_anger_score_freq,US_daily_covid_death,weekday_6,False,0.1203392199,0.1209414562,0.9950204316,0.3200731233,-0.1171157972,0.3577942371,,711,694,0.2918851623,0.2755597482,Standardized daily climate-only language score,Standardized daily COVID-19 deaths,Conventional OLS; exact two-sided p values
Figure 1c,C_NRC_fear,NRC Emotion Lexicon,Fear,climate_fear_score_freq,US_daily_covid_death,const,False,-0.1437168255,0.1252408068,-1.147523952,0.2515605643,-0.3896131365,0.1021794854,,711,694,0.3616608492,0.3469440964,Standardized daily climate-only language score,Standardized daily COVID-19 deaths,Conventional OLS; exact two-sided p values
Figure 1c,C_NRC_fear,NRC Emotion Lexicon,Fear,climate_fear_score_freq,US_daily_covid_death,US_daily_covid_death,True,-0.2234935118,0.03768752499,-5.930172168,4.771795442e-09,-0.2974887503,-0.1494982733,***,711,694,0.3616608492,0.3469440964,Standardized daily climate-only language score,Standardized daily COVID-19 deaths,Conventional OLS; exact two-sided p values
Figure 1c,C_NRC_fear,NRC Emotion Lexicon,Fear,climate_fear_score_freq,US_daily_covid_death,climatenews,False,0.2814842607,0.04330444932,6.500123316,1.533257311e-10,0.1964608198,0.3665077016,***,711,694,0.3616608492,0.3469440964,Standardized daily climate-only language score,Standardized daily COVID-19 deaths,Conventional OLS; exact two-sided p values
Figure 1c,C_NRC_fear,NRC Emotion Lexicon,Fear,climate_fear_score_freq,US_daily_covid_death,GovernmentResponseIndex_Average,False,-0.1320024476,0.04807592518,-2.745707901,0.006194399201,-0.2263941475,-0.03761074772,**,711,694,0.3616608492,0.3469440964,Standardized daily climate-only language score,Standardized daily COVID-19 deaths,Conventional OLS; exact two-sided p values
Figure 1c,C_NRC_fear,NRC Emotion Lexicon,Fear,climate_fear_score_freq,US_daily_covid_death,debates,False,0.1067142972,0.2761209269,0.3864766729,0.6992621375,-0.4354182479,0.6488468422,,711,694,0.3616608492,0.3469440964,Standardized daily climate-only language score,Standardized daily COVID-19 deaths,Conventional OLS; exact two-sided p values
Figure 1c,C_NRC_fear,NRC Emotion Lexicon,Fear,climate_fear_score_freq,US_daily_covid_death,WinterStorm,False,-0.3925223836,0.2667400454,-1.47155401,0.1415946418,-0.9162366175,0.1311918502,,711,694,0.3616608492,0.3469440964,Standardized daily climate-only language score,Standardized daily COVID-19 deaths,Conventional OLS; exact two-sided p values
Figure 1c,C_NRC_fear,NRC Emotion Lexicon,Fear,climate_fear_score_freq,US_daily_covid_death,Wildfire,False,0.554076283,0.08367385536,6.621856739,7.108146839e-11,0.3897920302,0.7183605357,***,711,694,0.3616608492,0.3469440964,Standardized daily climate-only language score,Standardized daily COVID-19 deaths,Conventional OLS; exact two-sided p values
Figure 1c,C_NRC_fear,NRC Emotion Lexicon,Fear,climate_fear_score_freq,US_daily_covid_death,TropicalCyclone,False,0.167748903,0.1451831935,1.155429213,0.2483123456,-0.1173020529,0.4527998589,,711,694,0.3616608492,0.3469440964,Standardized daily climate-only language score,Standardized daily COVID-19 deaths,Conventional OLS; exact two-sided p values
Figure 1c,C_NRC_fear,NRC Emotion Lexicon,Fear,climate_fear_score_freq,US_daily_covid_death,SevereStorm,False,-0.1483832665,0.1153534607,-1.286335629,0.1987549098,-0.3748668798,0.07810034685,,711,694,0.3616608492,0.3469440964,Standardized daily climate-only language score,Standardized daily COVID-19 deaths,Conventional OLS; exact two-sided p values
Figure 1c,C_NRC_fear,NRC Emotion Lexicon,Fear,climate_fear_score_freq,US_daily_covid_death,Flood,False,0.5191059889,0.2963374181,1.751739595,0.08026028044,-0.06271937461,1.100931352,,711,694,0.3616608492,0.3469440964,Standardized daily climate-only language score,Standardized daily COVID-19 deaths,Conventional OLS; exact two-sided p values
Figure 1c,C_NRC_fear,NRC Emotion Lexicon,Fear,climate_fear_score_freq,US_daily_covid_death,Drought,False,-0.4157387651,0.1186489076,-3.503940942,0.0004878581149,-0.6486926197,-0.1827849105,***,711,694,0.3616608492,0.3469440964,Standardized daily climate-only language score,Standardized daily COVID-19 deaths,Conventional OLS; exact two-sided p values
Figure 1c,C_NRC_fear,NRC Emotion Lexicon,Fear,climate_fear_score_freq,US_daily_covid_death,weekday_1,False,-0.01862507699,0.1138459652,-0.1635989204,0.8700945246,-0.2421488915,0.2048987375,,711,694,0.3616608492,0.3469440964,Standardized daily climate-only language score,Standardized daily COVID-19 deaths,Conventional OLS; exact two-sided p values
Figure 1c,C_NRC_fear,NRC Emotion Lexicon,Fear,climate_fear_score_freq,US_daily_covid_death,weekday_2,False,0.2611050938,0.1138717889,2.292974374,0.02214768823,0.03753057737,0.4846796102,*,711,694,0.3616608492,0.3469440964,Standardized daily climate-only language score,Standardized daily COVID-19 deaths,Conventional OLS; exact two-sided p values
Figure 1c,C_NRC_fear,NRC Emotion Lexicon,Fear,climate_fear_score_freq,US_daily_covid_death,weekday_3,False,0.2970431107,0.1145265016,2.593662661,0.009696205799,0.07218313924,0.5219030822,**,711,694,0.3616608492,0.3469440964,Standardized daily climate-only language score,Standardized daily COVID-19 deaths,Conventional OLS; exact two-sided p values
Figure 1c,C_NRC_fear,NRC Emotion Lexicon,Fear,climate_fear_score_freq,US_daily_covid_death,weekday_4,False,0.2055397754,0.1149276226,1.788427976,0.07414308991,-0.02010775232,0.4311873031,,711,694,0.3616608492,0.3469440964,Standardized daily climate-only language score,Standardized daily COVID-19 deaths,Conventional OLS; exact two-sided p values
Figure 1c,C_NRC_fear,NRC Emotion Lexicon,Fear,climate_fear_score_freq,US_daily_covid_death,weekday_5,False,0.3578361064,0.1149826145,3.112088796,0.001933921342,0.1320806081,0.5835916047,**,711,694,0.3616608492,0.3469440964,Standardized daily climate-only language score,Standardized daily COVID-19 deaths,Conventional OLS; exact two-sided p values
Figure 1c,C_NRC_fear,NRC Emotion Lexicon,Fear,climate_fear_score_freq,US_daily_covid_death,weekday_6,False,0.2897485227,0.1148283401,2.523318916,0.01184751541,0.06429592498,0.5152011204,*,711,694,0.3616608492,0.3469440964,Standardized daily climate-only language score,Standardized daily COVID-19 deaths,Conventional OLS; exact two-sided p values
Figure 1c,C_NRC_disgust,NRC Emotion Lexicon,Disgust,climate_disgust_score_freq,US_daily_covid_death,const,False,0.5489200469,0.1446261636,3.795440833,0.0001602607032,0.2649627568,0.8328773371,***,711,694,0.1487571035,0.1291319071,Standardized daily climate-only language score,Standardized daily COVID-19 deaths,Conventional OLS; exact two-sided p values
Figure 1c,C_NRC_disgust,NRC Emotion Lexicon,Disgust,climate_disgust_score_freq,US_daily_covid_death,US_daily_covid_death,True,-0.1465421339,0.04352097608,-3.367161013,0.0008013646711,-0.2319907009,-0.06109356693,***,711,694,0.1487571035,0.1291319071,Standardized daily climate-only language score,Standardized daily COVID-19 deaths,Conventional OLS; exact two-sided p values
Figure 1c,C_NRC_disgust,NRC Emotion Lexicon,Disgust,climate_disgust_score_freq,US_daily_covid_death,climatenews,False,-0.09005848137,0.05000731418,-1.800906184,0.07215168198,-0.1882422475,0.008125284745,,711,694,0.1487571035,0.1291319071,Standardized daily climate-only language score,Standardized daily COVID-19 deaths,Conventional OLS; exact two-sided p values
Figure 1c,C_NRC_disgust,NRC Emotion Lexicon,Disgust,climate_disgust_score_freq,US_daily_covid_death,GovernmentResponseIndex_Average,False,0.1133660541,0.05551734136,2.04199357,0.04152970431,0.004363966095,0.222368142,*,711,694,0.1487571035,0.1291319071,Standardized daily climate-only language score,Standardized daily COVID-19 deaths,Conventional OLS; exact two-sided p values
Figure 1c,C_NRC_disgust,NRC Emotion Lexicon,Disgust,climate_disgust_score_freq,US_daily_covid_death,debates,False,-0.02995689879,0.3188602133,-0.09394994277,0.9251760374,-0.6560032506,0.596089453,,711,694,0.1487571035,0.1291319071,Standardized daily climate-only language score,Standardized daily COVID-19 deaths,Conventional OLS; exact two-sided p values
Figure 1c,C_NRC_disgust,NRC Emotion Lexicon,Disgust,climate_disgust_score_freq,US_daily_covid_death,WinterStorm,False,-0.7301404908,0.3080273152,-2.370375791,0.01804236281,-1.334917659,-0.1253633224,*,711,694,0.1487571035,0.1291319071,Standardized daily climate-only language score,Standardized daily COVID-19 deaths,Conventional OLS; exact two-sided p values
Figure 1c,C_NRC_disgust,NRC Emotion Lexicon,Disgust,climate_disgust_score_freq,US_daily_covid_death,Wildfire,False,0.1620982586,0.09662528539,1.677596687,0.09387612008,-0.02761467791,0.3518111951,,711,694,0.1487571035,0.1291319071,Standardized daily climate-only language score,Standardized daily COVID-19 deaths,Conventional OLS; exact two-sided p values
Figure 1c,C_NRC_disgust,NRC Emotion Lexicon,Disgust,climate_disgust_score_freq,US_daily_covid_death,TropicalCyclone,False,-0.1779451896,0.167655326,-1.061375107,0.2888886774,-0.5071176634,0.1512272843,,711,694,0.1487571035,0.1291319071,Standardized daily climate-only language score,Standardized daily COVID-19 deaths,Conventional OLS; exact two-sided p values
Figure 1c,C_NRC_disgust,NRC Emotion Lexicon,Disgust,climate_disgust_score_freq,US_daily_covid_death,SevereStorm,False,-0.1552600724,0.133208408,-1.165542586,0.2441998587,-0.4167998769,0.1062797321,,711,694,0.1487571035,0.1291319071,Standardized daily climate-only language score,Standardized daily COVID-19 deaths,Conventional OLS; exact two-sided p values
Figure 1c,C_NRC_disgust,NRC Emotion Lexicon,Disgust,climate_disgust_score_freq,US_daily_covid_death,Flood,False,-0.3584141684,0.3422059074,-1.04736406,0.2952963253,-1.030297178,0.3134688415,,711,694,0.1487571035,0.1291319071,Standardized daily climate-only language score,Standardized daily COVID-19 deaths,Conventional OLS; exact two-sided p values
Figure 1c,C_NRC_disgust,NRC Emotion Lexicon,Disgust,climate_disgust_score_freq,US_daily_covid_death,Drought,False,-0.8515376687,0.1370139396,-6.214971056,8.853896643e-10,-1.120549209,-0.5825261287,***,711,694,0.1487571035,0.1291319071,Standardized daily climate-only language score,Standardized daily COVID-19 deaths,Conventional OLS; exact two-sided p values
Figure 1c,C_NRC_disgust,NRC Emotion Lexicon,Disgust,climate_disgust_score_freq,US_daily_covid_death,weekday_1,False,0.01640781507,0.1314675753,0.124805033,0.9007140441,-0.2417140591,0.2745296893,,711,694,0.1487571035,0.1291319071,Standardized daily climate-only language score,Standardized daily COVID-19 deaths,Conventional OLS; exact two-sided p values
Figure 1c,C_NRC_disgust,NRC Emotion Lexicon,Disgust,climate_disgust_score_freq,US_daily_covid_death,weekday_2,False,0.01214659772,0.1314973961,0.09237139354,0.9264296242,-0.2460338263,0.2703270217,,711,694,0.1487571035,0.1291319071,Standardized daily climate-only language score,Standardized daily COVID-19 deaths,Conventional OLS; exact two-sided p values
Figure 1c,C_NRC_disgust,NRC Emotion Lexicon,Disgust,climate_disgust_score_freq,US_daily_covid_death,weekday_3,False,-0.08698775115,0.1322534482,-0.6577352222,0.5109263807,-0.346652599,0.1726770967,,711,694,0.1487571035,0.1291319071,Standardized daily climate-only language score,Standardized daily COVID-19 deaths,Conventional OLS; exact two-sided p values
Figure 1c,C_NRC_disgust,NRC Emotion Lexicon,Disgust,climate_disgust_score_freq,US_daily_covid_death,weekday_4,False,0.09627421114,0.1327166566,0.7254116672,0.4684440482,-0.1643000945,0.3568485168,,711,694,0.1487571035,0.1291319071,Standardized daily climate-only language score,Standardized daily COVID-19 deaths,Conventional OLS; exact two-sided p values
Figure 1c,C_NRC_disgust,NRC Emotion Lexicon,Disgust,climate_disgust_score_freq,US_daily_covid_death,weekday_5,False,0.2801942405,0.1327801605,2.110211642,0.03519740806,0.01949525205,0.5408932289,*,711,694,0.1487571035,0.1291319071,Standardized daily climate-only language score,Standardized daily COVID-19 deaths,Conventional OLS; exact two-sided p values
Figure 1c,C_NRC_disgust,NRC Emotion Lexicon,Disgust,climate_disgust_score_freq,US_daily_covid_death,weekday_6,False,0.3555724767,0.1326020067,2.681501476,0.007503473126,0.09522327325,0.6159216802,**,711,694,0.1487571035,0.1291319071,Standardized daily climate-only language score,Standardized daily COVID-19 deaths,Conventional OLS; exact two-sided p values
Figure 1c,C_NRC_surprise,NRC Emotion Lexicon,Surprise,climate_surprise_score_freq,US_daily_covid_death,const,False,0.6842209262,0.136323824,5.019085486,6.605167536e-07,0.416564351,0.9518775013,***,711,694,0.2436840001,0.22624732,Standardized daily climate-only language score,Standardized daily COVID-19 deaths,Conventional OLS; exact two-sided p values
Figure 1c,C_NRC_surprise,NRC Emotion Lexicon,Surprise,climate_surprise_score_freq,US_daily_covid_death,US_daily_covid_death,True,-0.08173439983,0.04102263196,-1.992422132,0.04671605319,-0.1622777477,-0.001191051977,*,711,694,0.2436840001,0.22624732,Standardized daily climate-only language score,Standardized daily COVID-19 deaths,Conventional OLS; exact two-sided p values
Figure 1c,C_NRC_surprise,NRC Emotion Lexicon,Surprise,climate_surprise_score_freq,US_daily_covid_death,climatenews,False,-0.1870473856,0.04713661847,-3.968196949,7.995274387e-05,-0.2795948619,-0.0944999093,***,711,694,0.2436840001,0.22624732,Standardized daily climate-only language score,Standardized daily COVID-19 deaths,Conventional OLS; exact two-sided p values
Figure 1c,C_NRC_surprise,NRC Emotion Lexicon,Surprise,climate_surprise_score_freq,US_daily_covid_death,GovernmentResponseIndex_Average,False,-0.05858355811,0.05233033969,-1.119495086,0.2633162847,-0.1613283249,0.04416120865,,711,694,0.2436840001,0.22624732,Standardized daily climate-only language score,Standardized daily COVID-19 deaths,Conventional OLS; exact two-sided p values
Figure 1c,C_NRC_surprise,NRC Emotion Lexicon,Surprise,climate_surprise_score_freq,US_daily_covid_death,debates,False,0.807724159,0.300555878,2.687434245,0.007372847721,0.2176163217,1.397831996,**,711,694,0.2436840001,0.22624732,Standardized daily climate-only language score,Standardized daily COVID-19 deaths,Conventional OLS; exact two-sided p values
Figure 1c,C_NRC_surprise,NRC Emotion Lexicon,Surprise,climate_surprise_score_freq,US_daily_covid_death,WinterStorm,False,0.001861726122,0.2903448479,0.006412120399,0.9948857459,-0.5681978963,0.5719213486,,711,694,0.2436840001,0.22624732,Standardized daily climate-only language score,Standardized daily COVID-19 deaths,Conventional OLS; exact two-sided p values
Figure 1c,C_NRC_surprise,NRC Emotion Lexicon,Surprise,climate_surprise_score_freq,US_daily_covid_death,Wildfire,False,0.4316314977,0.09107846094,4.739117166,2.604873754e-06,0.2528091304,0.6104538651,***,711,694,0.2436840001,0.22624732,Standardized daily climate-only language score,Standardized daily COVID-19 deaths,Conventional OLS; exact two-sided p values
Figure 1c,C_NRC_surprise,NRC Emotion Lexicon,Surprise,climate_surprise_score_freq,US_daily_covid_death,TropicalCyclone,False,0.2240809456,0.1580309854,1.417955757,0.1566525237,-0.08619521226,0.5343571035,,711,694,0.2436840001,0.22624732,Standardized daily climate-only language score,Standardized daily COVID-19 deaths,Conventional OLS; exact two-sided p values
Figure 1c,C_NRC_surprise,NRC Emotion Lexicon,Surprise,climate_surprise_score_freq,US_daily_covid_death,SevereStorm,False,-0.106311007,0.1255615105,-0.8466846772,0.3974627624,-0.3528369839,0.1402149699,,711,694,0.2436840001,0.22624732,Standardized daily climate-only language score,Standardized daily COVID-19 deaths,Conventional OLS; exact two-sided p values
Figure 1c,C_NRC_surprise,NRC Emotion Lexicon,Surprise,climate_surprise_score_freq,US_daily_covid_death,Flood,False,0.5219579612,0.3225614004,1.618166218,0.106081143,-0.1113552573,1.15527118,,711,694,0.2436840001,0.22624732,Standardized daily climate-only language score,Standardized daily COVID-19 deaths,Conventional OLS; exact two-sided p values
Figure 1c,C_NRC_surprise,NRC Emotion Lexicon,Surprise,climate_surprise_score_freq,US_daily_covid_death,Drought,False,-1.142618917,0.1291485835,-8.84732055,7.373199917e-18,-1.396187711,-0.8890501237,***,711,694,0.2436840001,0.22624732,Standardized daily climate-only language score,Standardized daily COVID-19 deaths,Conventional OLS; exact two-sided p values
Figure 1c,C_NRC_surprise,NRC Emotion Lexicon,Surprise,climate_surprise_score_freq,US_daily_covid_death,weekday_1,False,-0.06188283774,0.1239206112,-0.4993748591,0.6176735947,-0.3051870924,0.1814214169,,711,694,0.2436840001,0.22624732,Standardized daily climate-only language score,Standardized daily COVID-19 deaths,Conventional OLS; exact two-sided p values
Figure 1c,C_NRC_surprise,NRC Emotion Lexicon,Surprise,climate_surprise_score_freq,US_daily_covid_death,weekday_2,False,0.01266851463,0.1239487201,0.1022077083,0.9186213331,-0.2306909287,0.256027958,,711,694,0.2436840001,0.22624732,Standardized daily climate-only language score,Standardized daily COVID-19 deaths,Conventional OLS; exact two-sided p values
Figure 1c,C_NRC_surprise,NRC Emotion Lexicon,Surprise,climate_surprise_score_freq,US_daily_covid_death,weekday_3,False,0.05146567511,0.1246613707,0.4128438091,0.6798485651,-0.1932929779,0.2962243281,,711,694,0.2436840001,0.22624732,Standardized daily climate-only language score,Standardized daily COVID-19 deaths,Conventional OLS; exact two-sided p values
Figure 1c,C_NRC_surprise,NRC Emotion Lexicon,Surprise,climate_surprise_score_freq,US_daily_covid_death,weekday_4,False,0.07907500177,0.1250979883,0.6321045031,0.527526767,-0.1665409012,0.3246909048,,711,694,0.2436840001,0.22624732,Standardized daily climate-only language score,Standardized daily COVID-19 deaths,Conventional OLS; exact two-sided p values
Figure 1c,C_NRC_surprise,NRC Emotion Lexicon,Surprise,climate_surprise_score_freq,US_daily_covid_death,weekday_5,False,0.01187137407,0.1251578468,0.09485121688,0.9244603842,-0.2338620542,0.2576048023,,711,694,0.2436840001,0.22624732,Standardized daily climate-only language score,Standardized daily COVID-19 deaths,Conventional OLS; exact two-sided p values
Figure 1c,C_NRC_surprise,NRC Emotion Lexicon,Surprise,climate_surprise_score_freq,US_daily_covid_death,weekday_6,False,-0.06371565917,0.12498992,-0.5097663808,0.6103772061,-0.3091193821,0.1816880637,,711,694,0.2436840001,0.22624732,Standardized daily climate-only language score,Standardized daily COVID-19 deaths,Conventional OLS; exact two-sided p values
Figure 1c,C_NRC_joy,NRC Emotion Lexicon,Joy,climate_joy_score_freq,US_daily_covid_death,const,False,0.1007361843,0.1505241155,0.669236182,0.5035673965,-0.1948010744,0.396273443,,711,694,0.07791292165,0.05665442993,Standardized daily climate-only language score,Standardized daily COVID-19 deaths,Conventional OLS; exact two-sided p values
Figure 1c,C_NRC_joy,NRC Emotion Lexicon,Joy,climate_joy_score_freq,US_daily_covid_death,US_daily_covid_death,True,0.1985157689,0.04529579065,4.382653798,1.35387333e-05,0.1095825521,0.2874489857,***,711,694,0.07791292165,0.05665442993,Standardized daily climate-only language score,Standardized daily COVID-19 deaths,Conventional OLS; exact two-sided p values
Figure 1c,C_NRC_joy,NRC Emotion Lexicon,Joy,climate_joy_score_freq,US_daily_covid_death,climatenews,False,0.01643853363,0.05204664596,0.3158423242,0.7522171512,-0.08574923225,0.1186262995,,711,694,0.07791292165,0.05665442993,Standardized daily climate-only language score,Standardized daily COVID-19 deaths,Conventional OLS; exact two-sided p values
Figure 1c,C_NRC_joy,NRC Emotion Lexicon,Joy,climate_joy_score_freq,US_daily_covid_death,GovernmentResponseIndex_Average,False,-0.1113202747,0.05778137573,-1.926577089,0.05444038798,-0.2247675408,0.00212699148,,711,694,0.07791292165,0.05665442993,Standardized daily climate-only language score,Standardized daily COVID-19 deaths,Conventional OLS; exact two-sided p values
Figure 1c,C_NRC_joy,NRC Emotion Lexicon,Joy,climate_joy_score_freq,US_daily_covid_death,debates,False,0.5831665544,0.3318635464,1.757248004,0.07931644835,-0.068410387,1.234743496,,711,694,0.07791292165,0.05665442993,Standardized daily climate-only language score,Standardized daily COVID-19 deaths,Conventional OLS; exact two-sided p values
Figure 1c,C_NRC_joy,NRC Emotion Lexicon,Joy,climate_joy_score_freq,US_daily_covid_death,WinterStorm,False,-1.840428642,0.3205888754,-5.740775125,1.409059716e-08,-2.469869028,-1.210988255,***,711,694,0.07791292165,0.05665442993,Standardized daily climate-only language score,Standardized daily COVID-19 deaths,Conventional OLS; exact two-sided p values
Figure 1c,C_NRC_joy,NRC Emotion Lexicon,Joy,climate_joy_score_freq,US_daily_covid_death,Wildfire,False,-0.128016462,0.1005657293,-1.272963095,0.2034573939,-0.3254660191,0.06943309522,,711,694,0.07791292165,0.05665442993,Standardized daily climate-only language score,Standardized daily COVID-19 deaths,Conventional OLS; exact two-sided p values
Figure 1c,C_NRC_joy,NRC Emotion Lexicon,Joy,climate_joy_score_freq,US_daily_covid_death,TropicalCyclone,False,-0.3865562912,0.1744924226,-2.215318496,0.02706209326,-0.7291526391,-0.04395994332,*,711,694,0.07791292165,0.05665442993,Standardized daily climate-only language score,Standardized daily COVID-19 deaths,Conventional OLS; exact two-sided p values
Figure 1c,C_NRC_joy,NRC Emotion Lexicon,Joy,climate_joy_score_freq,US_daily_covid_death,SevereStorm,False,0.04481330269,0.1386407361,0.3232333003,0.7466159327,-0.2273922703,0.3170188757,,711,694,0.07791292165,0.05665442993,Standardized daily climate-only language score,Standardized daily COVID-19 deaths,Conventional OLS; exact two-sided p values
Figure 1c,C_NRC_joy,NRC Emotion Lexicon,Joy,climate_joy_score_freq,US_daily_covid_death,Flood,False,-0.2538958393,0.3561612935,-0.7128675797,0.4761673166,-0.9531786885,0.4453870099,,711,694,0.07791292165,0.05665442993,Standardized daily climate-only language score,Standardized daily COVID-19 deaths,Conventional OLS; exact two-sided p values
Figure 1c,C_NRC_joy,NRC Emotion Lexicon,Joy,climate_joy_score_freq,US_daily_covid_death,Drought,False,0.02869801755,0.1426014598,0.2012463098,0.8405649501,-0.2512839932,0.3086800283,,711,694,0.07791292165,0.05665442993,Standardized daily climate-only language score,Standardized daily COVID-19 deaths,Conventional OLS; exact two-sided p values
Figure 1c,C_NRC_joy,NRC Emotion Lexicon,Joy,climate_joy_score_freq,US_daily_covid_death,weekday_1,False,0.001274963512,0.1368289111,0.00931793948,0.9925681454,-0.2673732937,0.2699232207,,711,694,0.07791292165,0.05665442993,Standardized daily climate-only language score,Standardized daily COVID-19 deaths,Conventional OLS; exact two-sided p values
Figure 1c,C_NRC_joy,NRC Emotion Lexicon,Joy,climate_joy_score_freq,US_daily_covid_death,weekday_2,False,-0.009203127582,0.136859948,-0.06724485665,0.9464061432,-0.2779123222,0.2595060671,,711,694,0.07791292165,0.05665442993,Standardized daily climate-only language score,Standardized daily COVID-19 deaths,Conventional OLS; exact two-sided p values
Figure 1c,C_NRC_joy,NRC Emotion Lexicon,Joy,climate_joy_score_freq,US_daily_covid_death,weekday_3,False,-0.05390612684,0.1376468324,-0.3916263519,0.6954545319,-0.3241602811,0.2163480274,,711,694,0.07791292165,0.05665442993,Standardized daily climate-only language score,Standardized daily COVID-19 deaths,Conventional OLS; exact two-sided p values
Figure 1c,C_NRC_joy,NRC Emotion Lexicon,Joy,climate_joy_score_freq,US_daily_covid_death,weekday_4,False,-0.102819005,0.1381289308,-0.7443698032,0.4569047481,-0.3740197055,0.1683816954,,711,694,0.07791292165,0.05665442993,Standardized daily climate-only language score,Standardized daily COVID-19 deaths,Conventional OLS; exact two-sided p values
Figure 1c,C_NRC_joy,NRC Emotion Lexicon,Joy,climate_joy_score_freq,US_daily_covid_death,weekday_5,False,0.02681919013,0.1381950244,0.1940676971,0.8461796646,-0.2445112777,0.298149658,,711,694,0.07791292165,0.05665442993,Standardized daily climate-only language score,Standardized daily COVID-19 deaths,Conventional OLS; exact two-sided p values
Figure 1c,C_NRC_joy,NRC Emotion Lexicon,Joy,climate_joy_score_freq,US_daily_covid_death,weekday_6,False,-0.01525011554,0.1380096054,-0.1105003923,0.9120444854,-0.286216534,0.2557163029,,711,694,0.07791292165,0.05665442993,Standardized daily climate-only language score,Standardized daily COVID-19 deaths,Conventional OLS; exact two-sided p values
Figure 1c,C_NRC_trust,NRC Emotion Lexicon,Trust,climate_trust_score_freq,US_daily_covid_death,const,False,0.3606098911,0.1307331255,2.758366632,0.005962053452,0.1039300268,0.6172897553,**,711,694,0.304445673,0.2884098384,Standardized daily climate-only language score,Standardized daily COVID-19 deaths,Conventional OLS; exact two-sided p values
Figure 1c,C_NRC_trust,NRC Emotion Lexicon,Trust,climate_trust_score_freq,US_daily_covid_death,US_daily_covid_death,True,0.1278052521,0.03934027623,3.248712627,0.001215159202,0.05056502152,0.2050454828,**,711,694,0.304445673,0.2884098384,Standardized daily climate-only language score,Standardized daily COVID-19 deaths,Conventional OLS; exact two-sided p values
Figure 1c,C_NRC_trust,NRC Emotion Lexicon,Trust,climate_trust_score_freq,US_daily_covid_death,climatenews,False,-0.4454326976,0.04520352553,-9.853937107,1.576485568e-21,-0.5341847622,-0.356680633,***,711,694,0.304445673,0.2884098384,Standardized daily climate-only language score,Standardized daily COVID-19 deaths,Conventional OLS; exact two-sided p values
Figure 1c,C_NRC_trust,NRC Emotion Lexicon,Trust,climate_trust_score_freq,US_daily_covid_death,GovernmentResponseIndex_Average,False,-0.1372891727,0.05018425002,-2.735702389,0.006383793499,-0.2358203325,-0.03875801283,**,711,694,0.304445673,0.2884098384,Standardized daily climate-only language score,Standardized daily COVID-19 deaths,Conventional OLS; exact two-sided p values
Figure 1c,C_NRC_trust,NRC Emotion Lexicon,Trust,climate_trust_score_freq,US_daily_covid_death,debates,False,0.8363399391,0.2882299525,2.901641317,0.003829719495,0.2704326771,1.402247201,**,711,694,0.304445673,0.2884098384,Standardized daily climate-only language score,Standardized daily COVID-19 deaths,Conventional OLS; exact two-sided p values
Figure 1c,C_NRC_trust,NRC Emotion Lexicon,Trust,climate_trust_score_freq,US_daily_covid_death,WinterStorm,False,-1.396831309,0.2784376812,-5.016674835,6.685604205e-07,-1.943512542,-0.8501500758,***,711,694,0.304445673,0.2884098384,Standardized daily climate-only language score,Standardized daily COVID-19 deaths,Conventional OLS; exact two-sided p values
Figure 1c,C_NRC_trust,NRC Emotion Lexicon,Trust,climate_trust_score_freq,US_daily_covid_death,Wildfire,False,-0.1322733854,0.08734329421,-1.514408022,0.1303776676,-0.3037621708,0.03921540002,,711,694,0.304445673,0.2884098384,Standardized daily climate-only language score,Standardized daily COVID-19 deaths,Conventional OLS; exact two-sided p values
Figure 1c,C_NRC_trust,NRC Emotion Lexicon,Trust,climate_trust_score_freq,US_daily_covid_death,TropicalCyclone,False,0.4113354663,0.1515500669,2.714188615,0.006808821327,0.1137838667,0.7088870659,**,711,694,0.304445673,0.2884098384,Standardized daily climate-only language score,Standardized daily COVID-19 deaths,Conventional OLS; exact two-sided p values
Figure 1c,C_NRC_trust,NRC Emotion Lexicon,Trust,climate_trust_score_freq,US_daily_covid_death,SevereStorm,False,-0.2037671095,0.1204121791,-1.692246673,0.09104781397,-0.4401829504,0.03264873132,,711,694,0.304445673,0.2884098384,Standardized daily climate-only language score,Standardized daily COVID-19 deaths,Conventional OLS; exact two-sided p values
Figure 1c,C_NRC_trust,NRC Emotion Lexicon,Trust,climate_trust_score_freq,US_daily_covid_death,Flood,False,-0.5058491689,0.3093330191,-1.635289923,0.1024417263,-1.113189941,0.101491603,,711,694,0.304445673,0.2884098384,Standardized daily climate-only language score,Standardized daily COVID-19 deaths,Conventional OLS; exact two-sided p values
Figure 1c,C_NRC_trust,NRC Emotion Lexicon,Trust,climate_trust_score_freq,US_daily_covid_death,Drought,False,-0.2748801518,0.1238521448,-2.219421814,0.02678058136,-0.5180499803,-0.03171032334,*,711,694,0.304445673,0.2884098384,Standardized daily climate-only language score,Standardized daily COVID-19 deaths,Conventional OLS; exact two-sided p values
Figure 1c,C_NRC_trust,NRC Emotion Lexicon,Trust,climate_trust_score_freq,US_daily_covid_death,weekday_1,False,-0.1048633915,0.1188385738,-0.8824019695,0.3778650003,-0.3381896343,0.1284628513,,711,694,0.304445673,0.2884098384,Standardized daily climate-only language score,Standardized daily COVID-19 deaths,Conventional OLS; exact two-sided p values
Figure 1c,C_NRC_trust,NRC Emotion Lexicon,Trust,climate_trust_score_freq,US_daily_covid_death,weekday_2,False,0.07137913654,0.1188655299,0.6005032459,0.5483669437,-0.1620000317,0.3047583048,,711,694,0.304445673,0.2884098384,Standardized daily climate-only language score,Standardized daily COVID-19 deaths,Conventional OLS; exact two-sided p values
Figure 1c,C_NRC_trust,NRC Emotion Lexicon,Trust,climate_trust_score_freq,US_daily_covid_death,weekday_3,False,-0.03704077057,0.1195489544,-0.3098376791,0.756777408,-0.2717617663,0.1976802252,,711,694,0.304445673,0.2884098384,Standardized daily climate-only language score,Standardized daily COVID-19 deaths,Conventional OLS; exact two-sided p values
Figure 1c,C_NRC_trust,NRC Emotion Lexicon,Trust,climate_trust_score_freq,US_daily_covid_death,weekday_4,False,-0.07022401189,0.1199676662,-0.5853578228,0.5584974225,-0.3057671014,0.1653190776,,711,694,0.304445673,0.2884098384,Standardized daily climate-only language score,Standardized daily COVID-19 deaths,Conventional OLS; exact two-sided p values
Figure 1c,C_NRC_trust,NRC Emotion Lexicon,Trust,climate_trust_score_freq,US_daily_covid_death,weekday_5,False,-0.0886720516,0.1200250698,-0.7387794213,0.4602907229,-0.3243278466,0.1469837434,,711,694,0.304445673,0.2884098384,Standardized daily climate-only language score,Standardized daily COVID-19 deaths,Conventional OLS; exact two-sided p values
Figure 1c,C_NRC_trust,NRC Emotion Lexicon,Trust,climate_trust_score_freq,US_daily_covid_death,weekday_6,False,-0.1729448835,0.1198640298,-1.442842225,0.1495160973,-0.4082844945,0.06239472753,,711,694,0.304445673,0.2884098384,Standardized daily climate-only language score,Standardized daily COVID-19 deaths,Conventional OLS; exact two-sided p values
Figure 1c,C_NRC_anticipation,NRC Emotion Lexicon,Anticipation,climate_anticipation_score_freq,US_daily_covid_death,const,False,0.5472505062,0.151145381,3.620689581,0.0003152101517,0.2504934622,0.8440075503,***,711,694,0.07028566378,0.04885132749,Standardized daily climate-only language score,Standardized daily COVID-19 deaths,Conventional OLS; exact two-sided p values
Figure 1c,C_NRC_anticipation,NRC Emotion Lexicon,Anticipation,climate_anticipation_score_freq,US_daily_covid_death,US_daily_covid_death,True,0.01931262132,0.04548274218,0.424614269,0.671249492,-0.06998765391,0.1086128966,,711,694,0.07028566378,0.04885132749,Standardized daily climate-only language score,Standardized daily COVID-19 deaths,Conventional OLS; exact two-sided p values
Figure 1c,C_NRC_anticipation,NRC Emotion Lexicon,Anticipation,climate_anticipation_score_freq,US_daily_covid_death,climatenews,False,-0.02189764294,0.05226146063,-0.4190017402,0.6753445094,-0.1245071734,0.08071188749,,711,694,0.07028566378,0.04885132749,Standardized daily climate-only language score,Standardized daily COVID-19 deaths,Conventional OLS; exact two-sided p values
Figure 1c,C_NRC_anticipation,NRC Emotion Lexicon,Anticipation,climate_anticipation_score_freq,US_daily_covid_death,GovernmentResponseIndex_Average,False,-0.01190288433,0.05801985963,-0.2051518981,0.837513606,-0.1258183869,0.1020126182,,711,694,0.07028566378,0.04885132749,Standardized daily climate-only language score,Standardized daily COVID-19 deaths,Conventional OLS; exact two-sided p values
Figure 1c,C_NRC_anticipation,NRC Emotion Lexicon,Anticipation,climate_anticipation_score_freq,US_daily_covid_death,debates,False,0.6930826979,0.3332332631,2.079872494,0.03790368575,0.03881647115,1.347348925,*,711,694,0.07028566378,0.04885132749,Standardized daily climate-only language score,Standardized daily COVID-19 deaths,Conventional OLS; exact two-sided p values
Figure 1c,C_NRC_anticipation,NRC Emotion Lexicon,Anticipation,climate_anticipation_score_freq,US_daily_covid_death,WinterStorm,False,-0.2711315271,0.3219120576,-0.8422534066,0.3999362771,-0.9031698337,0.3609067794,,711,694,0.07028566378,0.04885132749,Standardized daily climate-only language score,Standardized daily COVID-19 deaths,Conventional OLS; exact two-sided p values
Figure 1c,C_NRC_anticipation,NRC Emotion Lexicon,Anticipation,climate_anticipation_score_freq,US_daily_covid_death,Wildfire,False,0.2147689243,0.1009807991,2.12682932,0.03378641639,0.0165044239,0.4130334247,*,711,694,0.07028566378,0.04885132749,Standardized daily climate-only language score,Standardized daily COVID-19 deaths,Conventional OLS; exact two-sided p values
Figure 1c,C_NRC_anticipation,NRC Emotion Lexicon,Anticipation,climate_anticipation_score_freq,US_daily_covid_death,TropicalCyclone,False,-0.007983294887,0.1752126137,-0.04556347126,0.9636712918,-0.3519936574,0.3360270676,,711,694,0.07028566378,0.04885132749,Standardized daily climate-only language score,Standardized daily COVID-19 deaths,Conventional OLS; exact two-sided p values
Figure 1c,C_NRC_anticipation,NRC Emotion Lexicon,Anticipation,climate_anticipation_score_freq,US_daily_covid_death,SevereStorm,False,0.01519799137,0.1392129548,0.1091708124,0.913098568,-0.258131069,0.2885270517,,711,694,0.07028566378,0.04885132749,Standardized daily climate-only language score,Standardized daily COVID-19 deaths,Conventional OLS; exact two-sided p values
Figure 1c,C_NRC_anticipation,NRC Emotion Lexicon,Anticipation,climate_anticipation_score_freq,US_daily_covid_death,Flood,False,-0.01259090472,0.3576312954,-0.03520638402,0.9719252952,-0.7147599382,0.6895781288,,711,694,0.07028566378,0.04885132749,Standardized daily climate-only language score,Standardized daily COVID-19 deaths,Conventional OLS; exact two-sided p values
Figure 1c,C_NRC_anticipation,NRC Emotion Lexicon,Anticipation,climate_anticipation_score_freq,US_daily_covid_death,Drought,False,-0.67763097,0.1431900258,-4.732389469,2.689939769e-06,-0.9587685642,-0.3964933758,***,711,694,0.07028566378,0.04885132749,Standardized daily climate-only language score,Standardized daily COVID-19 deaths,Conventional OLS; exact two-sided p values
Figure 1c,C_NRC_anticipation,NRC Emotion Lexicon,Anticipation,climate_anticipation_score_freq,US_daily_covid_death,weekday_1,False,-0.1363192694,0.1373936517,-0.9921802622,0.321455399,-0.4060763316,0.1334377929,,711,694,0.07028566378,0.04885132749,Standardized daily climate-only language score,Standardized daily COVID-19 deaths,Conventional OLS; exact two-sided p values
Figure 1c,C_NRC_anticipation,NRC Emotion Lexicon,Anticipation,climate_anticipation_score_freq,US_daily_covid_death,weekday_2,False,-0.05443276757,0.1374248167,-0.396091251,0.6921594571,-0.3242510188,0.2153854837,,711,694,0.07028566378,0.04885132749,Standardized daily climate-only language score,Standardized daily COVID-19 deaths,Conventional OLS; exact two-sided p values
Figure 1c,C_NRC_anticipation,NRC Emotion Lexicon,Anticipation,climate_anticipation_score_freq,US_daily_covid_death,weekday_3,False,-0.06595779344,0.1382149489,-0.4772117195,0.6333616078,-0.3373273809,0.205411794,,711,694,0.07028566378,0.04885132749,Standardized daily climate-only language score,Standardized daily COVID-19 deaths,Conventional OLS; exact two-sided p values
Figure 1c,C_NRC_anticipation,NRC Emotion Lexicon,Anticipation,climate_anticipation_score_freq,US_daily_covid_death,weekday_4,False,-0.1086229342,0.1386990371,-0.783155648,0.4338028812,-0.3809429746,0.1636971061,,711,694,0.07028566378,0.04885132749,Standardized daily climate-only language score,Standardized daily COVID-19 deaths,Conventional OLS; exact two-sided p values
Figure 1c,C_NRC_anticipation,NRC Emotion Lexicon,Anticipation,climate_anticipation_score_freq,US_daily_covid_death,weekday_5,False,-0.1884839162,0.1387654035,-1.358291847,0.1748124678,-0.4609342595,0.08396642718,,711,694,0.07028566378,0.04885132749,Standardized daily climate-only language score,Standardized daily COVID-19 deaths,Conventional OLS; exact two-sided p values
Figure 1c,C_NRC_anticipation,NRC Emotion Lexicon,Anticipation,climate_anticipation_score_freq,US_daily_covid_death,weekday_6,False,-0.2352947651,0.1385792192,-1.697908001,0.08997341032,-0.5073795564,0.03679002631,,711,694,0.07028566378,0.04885132749,Standardized daily climate-only language score,Standardized daily COVID-19 deaths,Conventional OLS; exact two-sided p values
Figure 1c,C_NRC_negative,NRC Emotion Lexicon,Negative emotion,climate_negative_score_freq,US_daily_covid_death,const,False,0.7832677588,0.1366624071,5.731406137,1.485429803e-08,0.5149464135,1.051589104,***,711,694,0.2399224586,0.2223990571,Standardized daily climate-only language score,Standardized daily COVID-19 deaths,Conventional OLS; exact two-sided p values
Figure 1c,C_NRC_negative,NRC Emotion Lexicon,Negative emotion,climate_negative_score_freq,US_daily_covid_death,US_daily_covid_death,True,-0.2319423954,0.04112451857,-5.640002691,2.476285892e-08,-0.3126857862,-0.1511990046,***,711,694,0.2399224586,0.2223990571,Standardized daily climate-only language score,Standardized daily COVID-19 deaths,Conventional OLS; exact two-sided p values
Figure 1c,C_NRC_negative,NRC Emotion Lexicon,Negative emotion,climate_negative_score_freq,US_daily_covid_death,climatenews,False,0.03962208653,0.04725369019,0.8384971917,0.4020402254,-0.05315524699,0.13239942,,711,694,0.2399224586,0.2223990571,Standardized daily climate-only language score,Standardized daily COVID-19 deaths,Conventional OLS; exact two-sided p values
Figure 1c,C_NRC_negative,NRC Emotion Lexicon,Negative emotion,climate_negative_score_freq,US_daily_covid_death,GovernmentResponseIndex_Average,False,0.07095979943,0.05246031089,1.352637799,0.1766118993,-0.03204015125,0.1739597501,,711,694,0.2399224586,0.2223990571,Standardized daily climate-only language score,Standardized daily COVID-19 deaths,Conventional OLS; exact two-sided p values
Figure 1c,C_NRC_negative,NRC Emotion Lexicon,Negative emotion,climate_negative_score_freq,US_daily_covid_death,debates,False,-0.2323697935,0.3013023591,-0.7712179692,0.4408402367,-0.823943263,0.359203676,,711,694,0.2399224586,0.2223990571,Standardized daily climate-only language score,Standardized daily COVID-19 deaths,Conventional OLS; exact two-sided p values
Figure 1c,C_NRC_negative,NRC Emotion Lexicon,Negative emotion,climate_negative_score_freq,US_daily_covid_death,WinterStorm,False,-0.07478305092,0.2910659682,-0.256928185,0.7973103637,-0.6462585124,0.4966924105,,711,694,0.2399224586,0.2223990571,Standardized daily climate-only language score,Standardized daily COVID-19 deaths,Conventional OLS; exact two-sided p values
Figure 1c,C_NRC_negative,NRC Emotion Lexicon,Negative emotion,climate_negative_score_freq,US_daily_covid_death,Wildfire,False,0.1529786983,0.09130466963,1.675475076,0.09429150708,-0.02628780451,0.3322452011,,711,694,0.2399224586,0.2223990571,Standardized daily climate-only language score,Standardized daily COVID-19 deaths,Conventional OLS; exact two-sided p values
Figure 1c,C_NRC_negative,NRC Emotion Lexicon,Negative emotion,climate_negative_score_freq,US_daily_covid_death,TropicalCyclone,False,0.1296085296,0.158423482,0.8181143854,0.4135726765,-0.1814382513,0.4406553105,,711,694,0.2399224586,0.2223990571,Standardized daily climate-only language score,Standardized daily COVID-19 deaths,Conventional OLS; exact two-sided p values
Figure 1c,C_NRC_negative,NRC Emotion Lexicon,Negative emotion,climate_negative_score_freq,US_daily_covid_death,SevereStorm,False,-0.1639273236,0.1258733636,-1.302319401,0.1932392481,-0.4110655892,0.08321094204,,711,694,0.2399224586,0.2223990571,Standardized daily climate-only language score,Standardized daily COVID-19 deaths,Conventional OLS; exact two-sided p values
Figure 1c,C_NRC_negative,NRC Emotion Lexicon,Negative emotion,climate_negative_score_freq,US_daily_covid_death,Flood,False,0.1968560542,0.3233625359,0.6087781741,0.5428706914,-0.4380301043,0.8317422126,,711,694,0.2399224586,0.2223990571,Standardized daily climate-only language score,Standardized daily COVID-19 deaths,Conventional OLS; exact two-sided p values
Figure 1c,C_NRC_negative,NRC Emotion Lexicon,Negative emotion,climate_negative_score_freq,US_daily_covid_death,Drought,False,-1.225107332,0.1294693458,-9.462528175,4.571254661e-20,-1.479305906,-0.970908758,***,711,694,0.2399224586,0.2223990571,Standardized daily climate-only language score,Standardized daily COVID-19 deaths,Conventional OLS; exact two-sided p values
Figure 1c,C_NRC_negative,NRC Emotion Lexicon,Negative emotion,climate_negative_score_freq,US_daily_covid_death,weekday_1,False,0.008223985856,0.1242283888,0.06620053542,0.9472372361,-0.2356845558,0.2521325275,,711,694,0.2399224586,0.2223990571,Standardized daily climate-only language score,Standardized daily COVID-19 deaths,Conventional OLS; exact two-sided p values
Figure 1c,C_NRC_negative,NRC Emotion Lexicon,Negative emotion,climate_negative_score_freq,US_daily_covid_death,weekday_2,False,0.1410373217,0.1242565676,1.135049233,0.2567465497,-0.1029265458,0.3850011891,,711,694,0.2399224586,0.2223990571,Standardized daily climate-only language score,Standardized daily COVID-19 deaths,Conventional OLS; exact two-sided p values
Figure 1c,C_NRC_negative,NRC Emotion Lexicon,Negative emotion,climate_negative_score_freq,US_daily_covid_death,weekday_3,False,0.05074976928,0.1249709882,0.4060924062,0.6847998862,-0.1946167831,0.2961163216,,711,694,0.2399224586,0.2223990571,Standardized daily climate-only language score,Standardized daily COVID-19 deaths,Conventional OLS; exact two-sided p values
Figure 1c,C_NRC_negative,NRC Emotion Lexicon,Negative emotion,climate_negative_score_freq,US_daily_covid_death,weekday_4,False,0.1290097413,0.1254086903,1.028714526,0.3039722339,-0.1172161901,0.3752356727,,711,694,0.2399224586,0.2223990571,Standardized daily climate-only language score,Standardized daily COVID-19 deaths,Conventional OLS; exact two-sided p values
Figure 1c,C_NRC_negative,NRC Emotion Lexicon,Negative emotion,climate_negative_score_freq,US_daily_covid_death,weekday_5,False,0.3728769487,0.1254686973,2.971872321,0.003062281303,0.1265332001,0.6192206973,**,711,694,0.2399224586,0.2223990571,Standardized daily climate-only language score,Standardized daily COVID-19 deaths,Conventional OLS; exact two-sided p values
Figure 1c,C_NRC_negative,NRC Emotion Lexicon,Negative emotion,climate_negative_score_freq,US_daily_covid_death,weekday_6,False,0.3006254225,0.1253003535,2.399238423,0.01669194735,0.05461219819,0.5466386469,*,711,694,0.2399224586,0.2223990571,Standardized daily climate-only language score,Standardized daily COVID-19 deaths,Conventional OLS; exact two-sided p values
Figure 1c,C_NRC_positive,NRC Emotion Lexicon,Positive emotion,climate_positive_score_freq,US_daily_covid_death,const,False,0.3225547105,0.139710767,2.308731943,0.02125140998,0.04824825167,0.5968611694,*,711,694,0.2056360583,0.1873221922,Standardized daily climate-only language score,Standardized daily COVID-19 deaths,Conventional OLS; exact two-sided p values
Figure 1c,C_NRC_positive,NRC Emotion Lexicon,Positive emotion,climate_positive_score_freq,US_daily_covid_death,US_daily_covid_death,True,0.2421197928,0.04204183252,5.759020916,1.271148077e-08,0.1595753587,0.3246642269,***,711,694,0.2056360583,0.1873221922,Standardized daily climate-only language score,Standardized daily COVID-19 deaths,Conventional OLS; exact two-sided p values
Figure 1c,C_NRC_positive,NRC Emotion Lexicon,Positive emotion,climate_positive_score_freq,US_daily_covid_death,climatenews,False,-0.2215978111,0.04830772002,-4.587213204,5.329890932e-06,-0.3164446142,-0.126751008,***,711,694,0.2056360583,0.1873221922,Standardized daily climate-only language score,Standardized daily COVID-19 deaths,Conventional OLS; exact two-sided p values
Figure 1c,C_NRC_positive,NRC Emotion Lexicon,Positive emotion,climate_positive_score_freq,US_daily_covid_death,GovernmentResponseIndex_Average,False,-0.08295890267,0.05363047839,-1.546861135,0.1223525979,-0.1882563463,0.02233854096,,711,694,0.2056360583,0.1873221922,Standardized daily climate-only language score,Standardized daily COVID-19 deaths,Conventional OLS; exact two-sided p values
Figure 1c,C_NRC_positive,NRC Emotion Lexicon,Positive emotion,climate_positive_score_freq,US_daily_covid_death,debates,False,0.7395940234,0.3080231394,2.401098907,0.01660803337,0.1348250536,1.344362993,*,711,694,0.2056360583,0.1873221922,Standardized daily climate-only language score,Standardized daily COVID-19 deaths,Conventional OLS; exact two-sided p values
Figure 1c,C_NRC_positive,NRC Emotion Lexicon,Positive emotion,climate_positive_score_freq,US_daily_covid_death,WinterStorm,False,-2.279814577,0.297558418,-7.661737793,6.187081217e-14,-2.864037237,-1.695591917,***,711,694,0.2056360583,0.1873221922,Standardized daily climate-only language score,Standardized daily COVID-19 deaths,Conventional OLS; exact two-sided p values
Figure 1c,C_NRC_positive,NRC Emotion Lexicon,Positive emotion,climate_positive_score_freq,US_daily_covid_death,Wildfire,False,-0.3210304133,0.09334129036,-3.439318356,0.0006180547495,-0.504295593,-0.1377652335,***,711,694,0.2056360583,0.1873221922,Standardized daily climate-only language score,Standardized daily COVID-19 deaths,Conventional OLS; exact two-sided p values
Figure 1c,C_NRC_positive,NRC Emotion Lexicon,Positive emotion,climate_positive_score_freq,US_daily_covid_death,TropicalCyclone,False,0.08515216347,0.1619572393,0.5257694182,0.5992163784,-0.2328327546,0.4031370816,,711,694,0.2056360583,0.1873221922,Standardized daily climate-only language score,Standardized daily COVID-19 deaths,Conventional OLS; exact two-sided p values
Figure 1c,C_NRC_positive,NRC Emotion Lexicon,Positive emotion,climate_positive_score_freq,US_daily_covid_death,SevereStorm,False,-0.02252151361,0.1286810656,-0.1750180844,0.8611164712,-0.2751723879,0.2301293607,,711,694,0.2056360583,0.1873221922,Standardized daily climate-only language score,Standardized daily COVID-19 deaths,Conventional OLS; exact two-sided p values
Figure 1c,C_NRC_positive,NRC Emotion Lexicon,Positive emotion,climate_positive_score_freq,US_daily_covid_death,Flood,False,-0.4040595633,0.3305753854,-1.222291741,0.2220122811,-1.053107345,0.2449882182,,711,694,0.2056360583,0.1873221922,Standardized daily climate-only language score,Standardized daily COVID-19 deaths,Conventional OLS; exact two-sided p values
Figure 1c,C_NRC_positive,NRC Emotion Lexicon,Positive emotion,climate_positive_score_freq,US_daily_covid_death,Drought,False,-0.1030694418,0.1323572589,-0.7787214891,0.4364092246,-0.3629381102,0.1567992267,,711,694,0.2056360583,0.1873221922,Standardized daily climate-only language score,Standardized daily COVID-19 deaths,Conventional OLS; exact two-sided p values
Figure 1c,C_NRC_positive,NRC Emotion Lexicon,Positive emotion,climate_positive_score_freq,US_daily_covid_death,weekday_1,False,-0.05765506822,0.1269993984,-0.4539790656,0.6499858303,-0.3070041771,0.1916940407,,711,694,0.2056360583,0.1873221922,Standardized daily climate-only language score,Standardized daily COVID-19 deaths,Conventional OLS; exact two-sided p values
Figure 1c,C_NRC_positive,NRC Emotion Lexicon,Positive emotion,climate_positive_score_freq,US_daily_covid_death,weekday_2,False,0.1255515414,0.1270282057,0.9883753042,0.3233133391,-0.1238541273,0.3749572102,,711,694,0.2056360583,0.1873221922,Standardized daily climate-only language score,Standardized daily COVID-19 deaths,Conventional OLS; exact two-sided p values
Figure 1c,C_NRC_positive,NRC Emotion Lexicon,Positive emotion,climate_positive_score_freq,US_daily_covid_death,weekday_3,False,-0.07430968137,0.127758562,-0.5816414981,0.5609970553,-0.325149323,0.1765299602,,711,694,0.2056360583,0.1873221922,Standardized daily climate-only language score,Standardized daily COVID-19 deaths,Conventional OLS; exact two-sided p values
Figure 1c,C_NRC_positive,NRC Emotion Lexicon,Positive emotion,climate_positive_score_freq,US_daily_covid_death,weekday_4,False,-0.1157507364,0.1282060273,-0.9028494119,0.3669190756,-0.3674689262,0.1359674534,,711,694,0.2056360583,0.1873221922,Standardized daily climate-only language score,Standardized daily COVID-19 deaths,Conventional OLS; exact two-sided p values
Figure 1c,C_NRC_positive,NRC Emotion Lexicon,Positive emotion,climate_positive_score_freq,US_daily_covid_death,weekday_5,False,-0.1491422887,0.1282673729,-1.162745329,0.2453325061,-0.4009809237,0.1026963463,,711,694,0.2056360583,0.1873221922,Standardized daily climate-only language score,Standardized daily COVID-19 deaths,Conventional OLS; exact two-sided p values
Figure 1c,C_NRC_positive,NRC Emotion Lexicon,Positive emotion,climate_positive_score_freq,US_daily_covid_death,weekday_6,False,-0.06886818608,0.1280952741,-0.5376325285,0.5910031176,-0.3203689242,0.182632552,,711,694,0.2056360583,0.1873221922,Standardized daily climate-only language score,Standardized daily COVID-19 deaths,Conventional OLS; exact two-sided p values
Figure 1c,C_LIWC_emo_anger,LIWC-22,Anger,climate_liwc_emo_anger_pct,US_daily_covid_death,const,False,0.4855147843,0.14679608,3.307409738,0.0009901811654,0.1972971062,0.7737324624,***,711,694,0.1230220276,0.1028035153,Standardized daily climate-only language score,Standardized daily COVID-19 deaths,Conventional OLS; exact two-sided p values
Figure 1c,C_LIWC_emo_anger,LIWC-22,Anger,climate_liwc_emo_anger_pct,US_daily_covid_death,US_daily_covid_death,True,0.03746226081,0.04417394837,0.8480623126,0.3966956603,-0.04926834422,0.1241928658,,711,694,0.1230220276,0.1028035153,Standardized daily climate-only language score,Standardized daily COVID-19 deaths,Conventional OLS; exact two-sided p values
Figure 1c,C_LIWC_emo_anger,LIWC-22,Anger,climate_liwc_emo_anger_pct,US_daily_covid_death,climatenews,False,-0.1288921327,0.05075760504,-2.539365926,0.01132249295,-0.228549011,-0.02923525445,*,711,694,0.1230220276,0.1028035153,Standardized daily climate-only language score,Standardized daily COVID-19 deaths,Conventional OLS; exact two-sided p values
Figure 1c,C_LIWC_emo_anger,LIWC-22,Anger,climate_liwc_emo_anger_pct,US_daily_covid_death,GovernmentResponseIndex_Average,False,-0.09117883283,0.05635030258,-1.618071752,0.1061015017,-0.2018163469,0.01945868128,,711,694,0.1230220276,0.1028035153,Standardized daily climate-only language score,Standardized daily COVID-19 deaths,Conventional OLS; exact two-sided p values
Figure 1c,C_LIWC_emo_anger,LIWC-22,Anger,climate_liwc_emo_anger_pct,US_daily_covid_death,debates,False,0.3373654736,0.3236442715,1.042395937,0.2975911271,-0.2980738412,0.9728047883,,711,694,0.1230220276,0.1028035153,Standardized daily climate-only language score,Standardized daily COVID-19 deaths,Conventional OLS; exact two-sided p values
Figure 1c,C_LIWC_emo_anger,LIWC-22,Anger,climate_liwc_emo_anger_pct,US_daily_covid_death,WinterStorm,False,-0.6136290318,0.3126488407,-1.962678098,0.05008267713,-1.227480048,0.0002219847142,,711,694,0.1230220276,0.1028035153,Standardized daily climate-only language score,Standardized daily COVID-19 deaths,Conventional OLS; exact two-sided p values
Figure 1c,C_LIWC_emo_anger,LIWC-22,Anger,climate_liwc_emo_anger_pct,US_daily_covid_death,Wildfire,False,-0.2590086647,0.09807501467,-2.640924047,0.00845404979,-0.4515679824,-0.0664493469,**,711,694,0.1230220276,0.1028035153,Standardized daily climate-only language score,Standardized daily COVID-19 deaths,Conventional OLS; exact two-sided p values
Figure 1c,C_LIWC_emo_anger,LIWC-22,Anger,climate_liwc_emo_anger_pct,US_daily_covid_death,TropicalCyclone,False,-0.06025792012,0.1701707632,-0.3541026612,0.7233695046,-0.3943691734,0.2738533332,,711,694,0.1230220276,0.1028035153,Standardized daily climate-only language score,Standardized daily COVID-19 deaths,Conventional OLS; exact two-sided p values
Figure 1c,C_LIWC_emo_anger,LIWC-22,Anger,climate_liwc_emo_anger_pct,US_daily_covid_death,SevereStorm,False,-0.2156646231,0.1352070166,-1.595069756,0.1111519005,-0.4811284721,0.04979922586,,711,694,0.1230220276,0.1028035153,Standardized daily climate-only language score,Standardized daily COVID-19 deaths,Conventional OLS; exact two-sided p values
Figure 1c,C_LIWC_emo_anger,LIWC-22,Anger,climate_liwc_emo_anger_pct,US_daily_covid_death,Flood,False,0.3707455346,0.3473402355,1.067384359,0.2861694628,-0.3112181543,1.052709223,,711,694,0.1230220276,0.1028035153,Standardized daily climate-only language score,Standardized daily COVID-19 deaths,Conventional OLS; exact two-sided p values
Figure 1c,C_LIWC_emo_anger,LIWC-22,Anger,climate_liwc_emo_anger_pct,US_daily_covid_death,Drought,False,-0.3655101349,0.1390696449,-2.628252449,0.00877226975,-0.6385578224,-0.09246244747,**,711,694,0.1230220276,0.1028035153,Standardized daily climate-only language score,Standardized daily COVID-19 deaths,Conventional OLS; exact two-sided p values
Figure 1c,C_LIWC_emo_anger,LIWC-22,Anger,climate_liwc_emo_anger_pct,US_daily_covid_death,weekday_1,False,-0.07076273572,0.1334400651,-0.5302960221,0.5960763317,-0.332757373,0.1912319016,,711,694,0.1230220276,0.1028035153,Standardized daily climate-only language score,Standardized daily COVID-19 deaths,Conventional OLS; exact two-sided p values
Figure 1c,C_LIWC_emo_anger,LIWC-22,Anger,climate_liwc_emo_anger_pct,US_daily_covid_death,weekday_2,False,0.02720890596,0.1334703333,0.2038573313,0.8385247515,-0.2348451596,0.2892629715,,711,694,0.1230220276,0.1028035153,Standardized daily climate-only language score,Standardized daily COVID-19 deaths,Conventional OLS; exact two-sided p values
Figure 1c,C_LIWC_emo_anger,LIWC-22,Anger,climate_liwc_emo_anger_pct,US_daily_covid_death,weekday_3,False,-0.1354553773,0.134237729,-1.009070835,0.3132923456,-0.3990161384,0.1281053838,,711,694,0.1230220276,0.1028035153,Standardized daily climate-only language score,Standardized daily COVID-19 deaths,Conventional OLS; exact two-sided p values
Figure 1c,C_LIWC_emo_anger,LIWC-22,Anger,climate_liwc_emo_anger_pct,US_daily_covid_death,weekday_4,False,-0.02300112973,0.1347078872,-0.1707482034,0.8644715261,-0.2874849939,0.2414827344,,711,694,0.1230220276,0.1028035153,Standardized daily climate-only language score,Standardized daily COVID-19 deaths,Conventional OLS; exact two-sided p values
Figure 1c,C_LIWC_emo_anger,LIWC-22,Anger,climate_liwc_emo_anger_pct,US_daily_covid_death,weekday_5,False,-0.08214778224,0.1347723439,-0.6095299665,0.542372713,-0.3467581998,0.1824626354,,711,694,0.1230220276,0.1028035153,Standardized daily climate-only language score,Standardized daily COVID-19 deaths,Conventional OLS; exact two-sided p values
Figure 1c,C_LIWC_emo_anger,LIWC-22,Anger,climate_liwc_emo_anger_pct,US_daily_covid_death,weekday_6,False,0.04410249668,0.1345915172,0.3276766442,0.7432549877,-0.2201528879,0.3083578813,,711,694,0.1230220276,0.1028035153,Standardized daily climate-only language score,Standardized daily COVID-19 deaths,Conventional OLS; exact two-sided p values
Figure 1c,C_LIWC_emo_sad,LIWC-22,Sadness,climate_liwc_emo_sad_pct,US_daily_covid_death,const,False,-0.3334671631,0.1494332011,-2.231546675,0.02596350335,-0.6268625335,-0.04007179265,*,711,694,0.09123002835,0.07027855926,Standardized daily climate-only language score,Standardized daily COVID-19 deaths,Conventional OLS; exact two-sided p values
Figure 1c,C_LIWC_emo_sad,LIWC-22,Sadness,climate_liwc_emo_sad_pct,US_daily_covid_death,US_daily_covid_death,True,0.08619911212,0.04496751217,1.916919749,0.05565844963,-0.002089566638,0.1744877909,,711,694,0.09123002835,0.07027855926,Standardized daily climate-only language score,Standardized daily COVID-19 deaths,Conventional OLS; exact two-sided p values
Figure 1c,C_LIWC_emo_sad,LIWC-22,Sadness,climate_liwc_emo_sad_pct,US_daily_covid_death,climatenews,False,0.008025319322,0.05166944107,0.1553204206,0.8766138807,-0.09342184696,0.1094724856,,711,694,0.09123002835,0.07027855926,Standardized daily climate-only language score,Standardized daily COVID-19 deaths,Conventional OLS; exact two-sided p values
Figure 1c,C_LIWC_emo_sad,LIWC-22,Sadness,climate_liwc_emo_sad_pct,US_daily_covid_death,GovernmentResponseIndex_Average,False,-0.06888998215,0.05736260874,-1.200956227,0.2301779016,-0.1815150461,0.04373508185,,711,694,0.09123002835,0.07027855926,Standardized daily climate-only language score,Standardized daily COVID-19 deaths,Conventional OLS; exact two-sided p values
Figure 1c,C_LIWC_emo_sad,LIWC-22,Sadness,climate_liwc_emo_sad_pct,US_daily_covid_death,debates,False,-0.3410443172,0.3294583856,-1.035166601,0.3009516772,-0.9878989945,0.3058103601,,711,694,0.09123002835,0.07027855926,Standardized daily climate-only language score,Standardized daily COVID-19 deaths,Conventional OLS; exact two-sided p values
Figure 1c,C_LIWC_emo_sad,LIWC-22,Sadness,climate_liwc_emo_sad_pct,US_daily_covid_death,WinterStorm,False,-0.7491920689,0.3182654271,-2.353985086,0.0188511798,-1.374070625,-0.1243135132,*,711,694,0.09123002835,0.07027855926,Standardized daily climate-only language score,Standardized daily COVID-19 deaths,Conventional OLS; exact two-sided p values
Figure 1c,C_LIWC_emo_sad,LIWC-22,Sadness,climate_liwc_emo_sad_pct,US_daily_covid_death,Wildfire,False,0.4406236184,0.09983688528,4.413435147,1.17943811e-05,0.2446050649,0.636642172,***,711,694,0.09123002835,0.07027855926,Standardized daily climate-only language score,Standardized daily COVID-19 deaths,Conventional OLS; exact two-sided p values
Figure 1c,C_LIWC_emo_sad,LIWC-22,Sadness,climate_liwc_emo_sad_pct,US_daily_covid_death,TropicalCyclone,False,-0.2467441284,0.1732277994,-1.424391058,0.1547827911,-0.5868575302,0.09336927333,,711,694,0.09123002835,0.07027855926,Standardized daily climate-only language score,Standardized daily COVID-19 deaths,Conventional OLS; exact two-sided p values
Figure 1c,C_LIWC_emo_sad,LIWC-22,Sadness,climate_liwc_emo_sad_pct,US_daily_covid_death,SevereStorm,False,0.1843284631,0.1376359459,1.339246531,0.1809288696,-0.08590431664,0.4545612427,,711,694,0.09123002835,0.07027855926,Standardized daily climate-only language score,Standardized daily COVID-19 deaths,Conventional OLS; exact two-sided p values
Figure 1c,C_LIWC_emo_sad,LIWC-22,Sadness,climate_liwc_emo_sad_pct,US_daily_covid_death,Flood,False,-0.3228751375,0.3535800363,-0.9131599761,0.3614755255,-1.017089977,0.371339702,,711,694,0.09123002835,0.07027855926,Standardized daily climate-only language score,Standardized daily COVID-19 deaths,Conventional OLS; exact two-sided p values
Figure 1c,C_LIWC_emo_sad,LIWC-22,Sadness,climate_liwc_emo_sad_pct,US_daily_covid_death,Drought,False,0.2015782266,0.1415679644,1.423897189,0.1549256767,-0.07637463157,0.4795310849,,711,694,0.09123002835,0.07027855926,Standardized daily climate-only language score,Standardized daily COVID-19 deaths,Conventional OLS; exact two-sided p values
Figure 1c,C_LIWC_emo_sad,LIWC-22,Sadness,climate_liwc_emo_sad_pct,US_daily_covid_death,weekday_1,False,-0.2052171496,0.1358372519,-1.510757519,0.131305408,-0.4719183949,0.06148409575,,711,694,0.09123002835,0.07027855926,Standardized daily climate-only language score,Standardized daily COVID-19 deaths,Conventional OLS; exact two-sided p values
Figure 1c,C_LIWC_emo_sad,LIWC-22,Sadness,climate_liwc_emo_sad_pct,US_daily_covid_death,weekday_2,False,-0.05602710969,0.1358680638,-0.412364084,0.6801999311,-0.3227888509,0.2107346315,,711,694,0.09123002835,0.07027855926,Standardized daily climate-only language score,Standardized daily COVID-19 deaths,Conventional OLS; exact two-sided p values
Figure 1c,C_LIWC_emo_sad,LIWC-22,Sadness,climate_liwc_emo_sad_pct,US_daily_covid_death,weekday_3,False,-0.05725718717,0.1366492454,-0.4190084401,0.6753396152,-0.325552691,0.2110383166,,711,694,0.09123002835,0.07027855926,Standardized daily climate-only language score,Standardized daily COVID-19 deaths,Conventional OLS; exact two-sided p values
Figure 1c,C_LIWC_emo_sad,LIWC-22,Sadness,climate_liwc_emo_sad_pct,US_daily_covid_death,weekday_4,False,0.07924694755,0.1371278498,0.5779055653,0.5635153335,-0.1899882424,0.3484821375,,711,694,0.09123002835,0.07027855926,Standardized daily climate-only language score,Standardized daily COVID-19 deaths,Conventional OLS; exact two-sided p values
Figure 1c,C_LIWC_emo_sad,LIWC-22,Sadness,climate_liwc_emo_sad_pct,US_daily_covid_death,weekday_5,False,-0.01306135082,0.1371934644,-0.09520388509,0.9241803661,-0.2824253677,0.256302666,,711,694,0.09123002835,0.07027855926,Standardized daily climate-only language score,Standardized daily COVID-19 deaths,Conventional OLS; exact two-sided p values
Figure 1c,C_LIWC_emo_sad,LIWC-22,Sadness,climate_liwc_emo_sad_pct,US_daily_covid_death,weekday_6,False,-0.04078792974,0.1370093892,-0.2977017121,0.7660199313,-0.3097905356,0.2282146761,,711,694,0.09123002835,0.07027855926,Standardized daily climate-only language score,Standardized daily COVID-19 deaths,Conventional OLS; exact two-sided p values
Figure 1c,C_LIWC_emo_anx,LIWC-22,Anxiety,climate_liwc_emo_anx_pct,US_daily_covid_death,const,False,-0.4772900906,0.146106956,-3.266717094,0.001141564536,-0.7641547509,-0.1904254304,**,711,694,0.1312365252,0.1112073961,Standardized daily climate-only language score,Standardized daily COVID-19 deaths,Conventional OLS; exact two-sided p values
Figure 1c,C_LIWC_emo_anx,LIWC-22,Anxiety,climate_liwc_emo_anx_pct,US_daily_covid_death,US_daily_covid_death,True,-0.1324864138,0.04396657684,-3.013343846,0.002677931771,-0.218809868,-0.04616295954,**,711,694,0.1312365252,0.1112073961,Standardized daily climate-only language score,Standardized daily COVID-19 deaths,Conventional OLS; exact two-sided p values
Figure 1c,C_LIWC_emo_anx,LIWC-22,Anxiety,climate_liwc_emo_anx_pct,US_daily_covid_death,climatenews,False,0.06326260739,0.05051932699,1.252245648,0.2109022045,-0.03592643859,0.1624516534,,711,694,0.1312365252,0.1112073961,Standardized daily climate-only language score,Standardized daily COVID-19 deaths,Conventional OLS; exact two-sided p values
Figure 1c,C_LIWC_emo_anx,LIWC-22,Anxiety,climate_liwc_emo_anx_pct,US_daily_covid_death,GovernmentResponseIndex_Average,False,-0.1848307216,0.05608577,-3.295501187,0.001032434132,-0.2949488556,-0.07471258762,**,711,694,0.1312365252,0.1112073961,Standardized daily climate-only language score,Standardized daily COVID-19 deaths,Conventional OLS; exact two-sided p values
Figure 1c,C_LIWC_emo_anx,LIWC-22,Anxiety,climate_liwc_emo_anx_pct,US_daily_covid_death,debates,False,-0.9695500187,0.322124946,-3.009856985,0.002708459216,-1.602006308,-0.3370937296,**,711,694,0.1312365252,0.1112073961,Standardized daily climate-only language score,Standardized daily COVID-19 deaths,Conventional OLS; exact two-sided p values
Figure 1c,C_LIWC_emo_anx,LIWC-22,Anxiety,climate_liwc_emo_anx_pct,US_daily_covid_death,WinterStorm,False,-0.7790056254,0.3111811324,-2.50338322,0.0125298315,-1.389974961,-0.1680362898,*,711,694,0.1312365252,0.1112073961,Standardized daily climate-only language score,Standardized daily COVID-19 deaths,Conventional OLS; exact two-sided p values
Figure 1c,C_LIWC_emo_anx,LIWC-22,Anxiety,climate_liwc_emo_anx_pct,US_daily_covid_death,Wildfire,False,0.1222182686,0.09761460834,1.252048957,0.2109738193,-0.06943709284,0.31387363,,711,694,0.1312365252,0.1112073961,Standardized daily climate-only language score,Standardized daily COVID-19 deaths,Conventional OLS; exact two-sided p values
Figure 1c,C_LIWC_emo_anx,LIWC-22,Anxiety,climate_liwc_emo_anx_pct,US_daily_covid_death,TropicalCyclone,False,-0.01382157974,0.1693719084,-0.08160491235,0.9349844234,-0.346364371,0.3187212115,,711,694,0.1312365252,0.1112073961,Standardized daily climate-only language score,Standardized daily COVID-19 deaths,Conventional OLS; exact two-sided p values
Figure 1c,C_LIWC_emo_anx,LIWC-22,Anxiety,climate_liwc_emo_anx_pct,US_daily_covid_death,SevereStorm,False,0.2547169923,0.1345722967,1.892789218,0.05880174999,-0.009500655104,0.5189346397,,711,694,0.1312365252,0.1112073961,Standardized daily climate-only language score,Standardized daily COVID-19 deaths,Conventional OLS; exact two-sided p values
Figure 1c,C_LIWC_emo_anx,LIWC-22,Anxiety,climate_liwc_emo_anx_pct,US_daily_covid_death,Flood,False,-0.1372076885,0.345709671,-0.3968870415,0.6915727779,-0.8159699463,0.5415545692,,711,694,0.1312365252,0.1112073961,Standardized daily climate-only language score,Standardized daily COVID-19 deaths,Conventional OLS; exact two-sided p values
Figure 1c,C_LIWC_emo_anx,LIWC-22,Anxiety,climate_liwc_emo_anx_pct,US_daily_covid_death,Drought,False,0.4703557958,0.1384167922,3.398112241,0.000717283656,0.1985899117,0.7421216799,***,711,694,0.1312365252,0.1112073961,Standardized daily climate-only language score,Standardized daily COVID-19 deaths,Conventional OLS; exact two-sided p values
Figure 1c,C_LIWC_emo_anx,LIWC-22,Anxiety,climate_liwc_emo_anx_pct,US_daily_covid_death,weekday_1,False,-0.1363613049,0.13281364,-1.026711601,0.3049139995,-0.3971260266,0.1244034168,,711,694,0.1312365252,0.1112073961,Standardized daily climate-only language score,Standardized daily COVID-19 deaths,Conventional OLS; exact two-sided p values
Figure 1c,C_LIWC_emo_anx,LIWC-22,Anxiety,climate_liwc_emo_anx_pct,US_daily_covid_death,weekday_2,False,-0.1703044448,0.1328437661,-1.28199049,0.2002740746,-0.4311283158,0.09051942618,,711,694,0.1312365252,0.1112073961,Standardized daily climate-only language score,Standardized daily COVID-19 deaths,Conventional OLS; exact two-sided p values
Figure 1c,C_LIWC_emo_anx,LIWC-22,Anxiety,climate_liwc_emo_anx_pct,US_daily_covid_death,weekday_3,False,0.1506163495,0.1336075593,1.127304101,0.2600035328,-0.111707144,0.412939843,,711,694,0.1312365252,0.1112073961,Standardized daily climate-only language score,Standardized daily COVID-19 deaths,Conventional OLS; exact two-sided p values
Figure 1c,C_LIWC_emo_anx,LIWC-22,Anxiety,climate_liwc_emo_anx_pct,US_daily_covid_death,weekday_4,False,0.1620816841,0.1340755104,1.208883588,0.2271192712,-0.1011605789,0.4253239471,,711,694,0.1312365252,0.1112073961,Standardized daily climate-only language score,Standardized daily COVID-19 deaths,Conventional OLS; exact two-sided p values
Figure 1c,C_LIWC_emo_anx,LIWC-22,Anxiety,climate_liwc_emo_anx_pct,US_daily_covid_death,weekday_5,False,0.087269424,0.1341396645,0.6505862703,0.5155289172,-0.1760987984,0.3506376464,,711,694,0.1312365252,0.1112073961,Standardized daily climate-only language score,Standardized daily COVID-19 deaths,Conventional OLS; exact two-sided p values
Figure 1c,C_LIWC_emo_anx,LIWC-22,Anxiety,climate_liwc_emo_anx_pct,US_daily_covid_death,weekday_6,False,0.1647151431,0.1339596866,1.229587402,0.2192683368,-0.09829971294,0.4277299992,,711,694,0.1312365252,0.1112073961,Standardized daily climate-only language score,Standardized daily COVID-19 deaths,Conventional OLS; exact two-sided p values
Figure 1c,C_LIWC_emo_neg,LIWC-22,Negative emotion,climate_liwc_emo_neg_pct,US_daily_covid_death,const,False,-0.1613478149,0.1515163774,-1.064886963,0.2872974345,-0.4588332689,0.136137639,,711,694,0.06571597122,0.0441762818,Standardized daily climate-only language score,Standardized daily COVID-19 deaths,Conventional OLS; exact two-sided p values
Figure 1c,C_LIWC_emo_neg,LIWC-22,Negative emotion,climate_liwc_emo_neg_pct,US_daily_covid_death,US_daily_covid_death,True,-0.04925739515,0.04559438259,-1.08033912,0.2803664818,-0.1387768638,0.04026207353,,711,694,0.06571597122,0.0441762818,Standardized daily climate-only language score,Standardized daily COVID-19 deaths,Conventional OLS; exact two-sided p values
Figure 1c,C_LIWC_emo_neg,LIWC-22,Negative emotion,climate_liwc_emo_neg_pct,US_daily_covid_death,climatenews,False,-0.06279764508,0.05238973985,-1.198663045,0.2310681335,-0.1656590374,0.04006374727,,711,694,0.06571597122,0.0441762818,Standardized daily climate-only language score,Standardized daily COVID-19 deaths,Conventional OLS; exact two-sided p values
Figure 1c,C_LIWC_emo_neg,LIWC-22,Negative emotion,climate_liwc_emo_neg_pct,US_daily_covid_death,GovernmentResponseIndex_Average,False,-0.1926629572,0.05816227323,-3.312507343,0.0009725894235,-0.3068580729,-0.07846784144,***,711,694,0.06571597122,0.0441762818,Standardized daily climate-only language score,Standardized daily COVID-19 deaths,Conventional OLS; exact two-sided p values
Figure 1c,C_LIWC_emo_neg,LIWC-22,Negative emotion,climate_liwc_emo_neg_pct,US_daily_covid_death,debates,False,-0.5731252662,0.3340512062,-1.715680876,0.0866667872,-1.228997433,0.08274690042,,711,694,0.06571597122,0.0441762818,Standardized daily climate-only language score,Standardized daily COVID-19 deaths,Conventional OLS; exact two-sided p values
Figure 1c,C_LIWC_emo_neg,LIWC-22,Negative emotion,climate_liwc_emo_neg_pct,US_daily_covid_death,WinterStorm,False,-0.9730197722,0.3227022121,-3.015224984,0.002661593604,-1.606609459,-0.3394300857,**,711,694,0.06571597122,0.0441762818,Standardized daily climate-only language score,Standardized daily COVID-19 deaths,Conventional OLS; exact two-sided p values
Figure 1c,C_LIWC_emo_neg,LIWC-22,Negative emotion,climate_liwc_emo_neg_pct,US_daily_covid_death,Wildfire,False,0.04231252531,0.1012286632,0.4179895691,0.6760840409,-0.1564386285,0.2410636791,,711,694,0.06571597122,0.0441762818,Standardized daily climate-only language score,Standardized daily COVID-19 deaths,Conventional OLS; exact two-sided p values
Figure 1c,C_LIWC_emo_neg,LIWC-22,Negative emotion,climate_liwc_emo_neg_pct,US_daily_covid_death,TropicalCyclone,False,-0.1103287007,0.1756426847,-0.6281428737,0.5301169961,-0.4551834595,0.2345260581,,711,694,0.06571597122,0.0441762818,Standardized daily climate-only language score,Standardized daily COVID-19 deaths,Conventional OLS; exact two-sided p values
Figure 1c,C_LIWC_emo_neg,LIWC-22,Negative emotion,climate_liwc_emo_neg_pct,US_daily_covid_death,SevereStorm,False,0.01988665694,0.1395546623,0.1425008424,0.8867257739,-0.2541133077,0.2938866216,,711,694,0.06571597122,0.0441762818,Standardized daily climate-only language score,Standardized daily COVID-19 deaths,Conventional OLS; exact two-sided p values
Figure 1c,C_LIWC_emo_neg,LIWC-22,Negative emotion,climate_liwc_emo_neg_pct,US_daily_covid_death,Flood,False,0.03611329245,0.3585091252,0.100731864,0.9197924093,-0.6677792615,0.7400058465,,711,694,0.06571597122,0.0441762818,Standardized daily climate-only language score,Standardized daily COVID-19 deaths,Conventional OLS; exact two-sided p values
Figure 1c,C_LIWC_emo_neg,LIWC-22,Negative emotion,climate_liwc_emo_neg_pct,US_daily_covid_death,Drought,False,0.1580168123,0.1435414952,1.100844129,0.271346171,-0.1238108528,0.4398444773,,711,694,0.06571597122,0.0441762818,Standardized daily climate-only language score,Standardized daily COVID-19 deaths,Conventional OLS; exact two-sided p values
Figure 1c,C_LIWC_emo_neg,LIWC-22,Negative emotion,climate_liwc_emo_neg_pct,US_daily_covid_death,weekday_1,False,-0.1583238519,0.1377308935,-1.149515899,0.2507393011,-0.4287430507,0.112095347,,711,694,0.06571597122,0.0441762818,Standardized daily climate-only language score,Standardized daily COVID-19 deaths,Conventional OLS; exact two-sided p values
Figure 1c,C_LIWC_emo_neg,LIWC-22,Negative emotion,climate_liwc_emo_neg_pct,US_daily_covid_death,weekday_2,False,-0.01458326429,0.1377621351,-0.1058582918,0.9157253759,-0.2850638024,0.2558972738,,711,694,0.06571597122,0.0441762818,Standardized daily climate-only language score,Standardized daily COVID-19 deaths,Conventional OLS; exact two-sided p values
Figure 1c,C_LIWC_emo_neg,LIWC-22,Negative emotion,climate_liwc_emo_neg_pct,US_daily_covid_death,weekday_3,False,0.05739157753,0.1385542067,0.414217503,0.6788428133,-0.2146441046,0.3294272597,,711,694,0.06571597122,0.0441762818,Standardized daily climate-only language score,Standardized daily COVID-19 deaths,Conventional OLS; exact two-sided p values
Figure 1c,C_LIWC_emo_neg,LIWC-22,Negative emotion,climate_liwc_emo_neg_pct,US_daily_covid_death,weekday_4,False,0.07867174201,0.1390394831,0.565823033,0.5716969824,-0.194316726,0.35166021,,711,694,0.06571597122,0.0441762818,Standardized daily climate-only language score,Standardized daily COVID-19 deaths,Conventional OLS; exact two-sided p values
Figure 1c,C_LIWC_emo_neg,LIWC-22,Negative emotion,climate_liwc_emo_neg_pct,US_daily_covid_death,weekday_5,False,0.03594235333,0.1391060124,0.2583810198,0.7961894705,-0.2371767375,0.3090614441,,711,694,0.06571597122,0.0441762818,Standardized daily climate-only language score,Standardized daily COVID-19 deaths,Conventional OLS; exact two-sided p values
Figure 1c,C_LIWC_emo_neg,LIWC-22,Negative emotion,climate_liwc_emo_neg_pct,US_daily_covid_death,weekday_6,False,0.2497351754,0.1389193711,1.797698719,0.07265932473,-0.02301746611,0.522487817,,711,694,0.06571597122,0.0441762818,Standardized daily climate-only language score,Standardized daily COVID-19 deaths,Conventional OLS; exact two-sided p values
Figure 1c,C_LIWC_emo_pos,LIWC-22,Positive emotion,climate_liwc_emo_pos_pct,US_daily_covid_death,const,False,-0.1208988995,0.1541773401,-0.7841547879,0.4332168465,-0.423608856,0.1818110571,,711,694,0.03261162035,0.01030871822,Standardized daily climate-only language score,Standardized daily COVID-19 deaths,Conventional OLS; exact two-sided p values
Figure 1c,C_LIWC_emo_pos,LIWC-22,Positive emotion,climate_liwc_emo_pos_pct,US_daily_covid_death,US_daily_covid_death,True,0.1237711833,0.0463951208,2.667762927,0.007813981157,0.03267955468,0.2148628118,**,711,694,0.03261162035,0.01030871822,Standardized daily climate-only language score,Standardized daily COVID-19 deaths,Conventional OLS; exact two-sided p values
Figure 1c,C_LIWC_emo_pos,LIWC-22,Positive emotion,climate_liwc_emo_pos_pct,US_daily_covid_death,climatenews,False,-0.0897523384,0.05330981957,-1.683598615,0.09270897239,-0.1944202043,0.01491552753,,711,694,0.03261162035,0.01030871822,Standardized daily climate-only language score,Standardized daily COVID-19 deaths,Conventional OLS; exact two-sided p values
Figure 1c,C_LIWC_emo_pos,LIWC-22,Positive emotion,climate_liwc_emo_pos_pct,US_daily_covid_death,GovernmentResponseIndex_Average,False,-0.002779172692,0.0591837314,-0.04695838918,0.9625599008,-0.1189798073,0.1134214619,,711,694,0.03261162035,0.01030871822,Standardized daily climate-only language score,Standardized daily COVID-19 deaths,Conventional OLS; exact two-sided p values
Figure 1c,C_LIWC_emo_pos,LIWC-22,Positive emotion,climate_liwc_emo_pos_pct,US_daily_covid_death,debates,False,0.059389208,0.3399178843,0.1747163381,0.8613534864,-0.6080015247,0.7267799407,,711,694,0.03261162035,0.01030871822,Standardized daily climate-only language score,Standardized daily COVID-19 deaths,Conventional OLS; exact two-sided p values
Figure 1c,C_LIWC_emo_pos,LIWC-22,Positive emotion,climate_liwc_emo_pos_pct,US_daily_covid_death,WinterStorm,False,-0.4718512881,0.3283695768,-1.436951902,0.1511823261,-1.116568211,0.1728656349,,711,694,0.03261162035,0.01030871822,Standardized daily climate-only language score,Standardized daily COVID-19 deaths,Conventional OLS; exact two-sided p values
Figure 1c,C_LIWC_emo_pos,LIWC-22,Positive emotion,climate_liwc_emo_pos_pct,US_daily_covid_death,Wildfire,False,0.1559151791,0.1030064624,1.513644634,0.1305712527,-0.04632648458,0.3581568427,,711,694,0.03261162035,0.01030871822,Standardized daily climate-only language score,Standardized daily COVID-19 deaths,Conventional OLS; exact two-sided p values
Figure 1c,C_LIWC_emo_pos,LIWC-22,Positive emotion,climate_liwc_emo_pos_pct,US_daily_covid_death,TropicalCyclone,False,-0.1815827526,0.1787273587,-1.015976255,0.309994751,-0.5324939238,0.1693284186,,711,694,0.03261162035,0.01030871822,Standardized daily climate-only language score,Standardized daily COVID-19 deaths,Conventional OLS; exact two-sided p values
Figure 1c,C_LIWC_emo_pos,LIWC-22,Positive emotion,climate_liwc_emo_pos_pct,US_daily_covid_death,SevereStorm,False,-0.04722846934,0.1420055508,-0.3325818538,0.739550376,-0.3260404795,0.2315835408,,711,694,0.03261162035,0.01030871822,Standardized daily climate-only language score,Standardized daily COVID-19 deaths,Conventional OLS; exact two-sided p values
Figure 1c,C_LIWC_emo_pos,LIWC-22,Positive emotion,climate_liwc_emo_pos_pct,US_daily_covid_death,Flood,False,0.06829155202,0.3648053385,0.1871999799,0.8515585542,-0.6479629123,0.7845460163,,711,694,0.03261162035,0.01030871822,Standardized daily climate-only language score,Standardized daily COVID-19 deaths,Conventional OLS; exact two-sided p values
Figure 1c,C_LIWC_emo_pos,LIWC-22,Positive emotion,climate_liwc_emo_pos_pct,US_daily_covid_death,Drought,False,0.05291204723,0.1460624014,0.3622564516,0.7172706798,-0.2338651351,0.3396892295,,711,694,0.03261162035,0.01030871822,Standardized daily climate-only language score,Standardized daily COVID-19 deaths,Conventional OLS; exact two-sided p values
Figure 1c,C_LIWC_emo_pos,LIWC-22,Positive emotion,climate_liwc_emo_pos_pct,US_daily_covid_death,weekday_1,False,-0.07756074583,0.1401497527,-0.553413362,0.5801586272,-0.352729104,0.1976076123,,711,694,0.03261162035,0.01030871822,Standardized daily climate-only language score,Standardized daily COVID-19 deaths,Conventional OLS; exact two-sided p values
Figure 1c,C_LIWC_emo_pos,LIWC-22,Positive emotion,climate_liwc_emo_pos_pct,US_daily_covid_death,weekday_2,False,0.03573384771,0.1401815429,0.2549112171,0.7988671918,-0.2394969269,0.3109646223,,711,694,0.03261162035,0.01030871822,Standardized daily climate-only language score,Standardized daily COVID-19 deaths,Conventional OLS; exact two-sided p values
Figure 1c,C_LIWC_emo_pos,LIWC-22,Positive emotion,climate_liwc_emo_pos_pct,US_daily_covid_death,weekday_3,False,-0.0503645333,0.1409875251,-0.3572268772,0.7210305657,-0.3271777638,0.2264486972,,711,694,0.03261162035,0.01030871822,Standardized daily climate-only language score,Standardized daily COVID-19 deaths,Conventional OLS; exact two-sided p values
Figure 1c,C_LIWC_emo_pos,LIWC-22,Positive emotion,climate_liwc_emo_pos_pct,US_daily_covid_death,weekday_4,False,0.06935804506,0.1414813239,0.4902275659,0.6241278194,-0.2084247043,0.3471407944,,711,694,0.03261162035,0.01030871822,Standardized daily climate-only language score,Standardized daily COVID-19 deaths,Conventional OLS; exact two-sided p values
Figure 1c,C_LIWC_emo_pos,LIWC-22,Positive emotion,climate_liwc_emo_pos_pct,US_daily_covid_death,weekday_5,False,0.1254505037,0.1415490217,0.8862689562,0.3757796095,-0.1524651625,0.4033661699,,711,694,0.03261162035,0.01030871822,Standardized daily climate-only language score,Standardized daily COVID-19 deaths,Conventional OLS; exact two-sided p values
Figure 1c,C_LIWC_emo_pos,LIWC-22,Positive emotion,climate_liwc_emo_pos_pct,US_daily_covid_death,weekday_6,False,0.00515094662,0.1413591025,0.03643873318,0.9709430084,-0.2723918347,0.2826937279,,711,694,0.03261162035,0.01030871822,Standardized daily climate-only language score,Standardized daily COVID-19 deaths,Conventional OLS; exact two-sided p values
Figure 1c,C_VADER_negative,VADER,Negative sentiment,climate_vader_negative_pct,US_daily_covid_death,const,False,0.3836153221,0.1388975927,2.761857241,0.005899384228,0.11090544,0.6563252042,**,711,694,0.2148561993,0.1967549013,Standardized daily climate-only language score,Standardized daily COVID-19 deaths,Conventional OLS; exact two-sided p values
Figure 1c,C_VADER_negative,VADER,Negative sentiment,climate_vader_negative_pct,US_daily_covid_death,US_daily_covid_death,True,-0.3005355622,0.0417971317,-7.190339383,1.676525574e-12,-0.3825995536,-0.2184715707,***,711,694,0.2148561993,0.1967549013,Standardized daily climate-only language score,Standardized daily COVID-19 deaths,Conventional OLS; exact two-sided p values
Figure 1c,C_VADER_negative,VADER,Negative sentiment,climate_vader_negative_pct,US_daily_covid_death,climatenews,False,0.07136932022,0.04802654916,1.486038899,0.137722951,-0.02292543539,0.1656640758,,711,694,0.2148561993,0.1967549013,Standardized daily climate-only language score,Standardized daily COVID-19 deaths,Conventional OLS; exact two-sided p values
Figure 1c,C_VADER_negative,VADER,Negative sentiment,climate_vader_negative_pct,US_daily_covid_death,GovernmentResponseIndex_Average,False,0.07634199707,0.05331832687,1.431815317,0.1526468817,-0.02834257199,0.1810265661,,711,694,0.2148561993,0.1967549013,Standardized daily climate-only language score,Standardized daily COVID-19 deaths,Conventional OLS; exact two-sided p values
Figure 1c,C_VADER_negative,VADER,Negative sentiment,climate_vader_negative_pct,US_daily_covid_death,debates,False,-0.5093272423,0.3062303177,-1.663216256,0.09672063941,-1.110576207,0.09192172255,,711,694,0.2148561993,0.1967549013,Standardized daily climate-only language score,Standardized daily COVID-19 deaths,Conventional OLS; exact two-sided p values
Figure 1c,C_VADER_negative,VADER,Negative sentiment,climate_vader_negative_pct,US_daily_covid_death,WinterStorm,False,-0.5246631708,0.2958265053,-1.773550245,0.07657604377,-1.105485414,0.05615907249,,711,694,0.2148561993,0.1967549013,Standardized daily climate-only language score,Standardized daily COVID-19 deaths,Conventional OLS; exact two-sided p values
Figure 1c,C_VADER_negative,VADER,Negative sentiment,climate_vader_negative_pct,US_daily_covid_death,Wildfire,False,0.3946059563,0.09279800553,4.252310748,2.405608132e-05,0.2124074556,0.5768044571,***,711,694,0.2148561993,0.1967549013,Standardized daily climate-only language score,Standardized daily COVID-19 deaths,Conventional OLS; exact two-sided p values
Figure 1c,C_VADER_negative,VADER,Negative sentiment,climate_vader_negative_pct,US_daily_covid_death,TropicalCyclone,False,0.01915177593,0.1610145813,0.1189443575,0.9053538593,-0.2969823387,0.3352858906,,711,694,0.2148561993,0.1967549013,Standardized daily climate-only language score,Standardized daily COVID-19 deaths,Conventional OLS; exact two-sided p values
Figure 1c,C_VADER_negative,VADER,Negative sentiment,climate_vader_negative_pct,US_daily_covid_death,SevereStorm,False,-0.3683028772,0.1279320887,-2.878893645,0.004113543583,-0.6194832192,-0.1171225352,**,711,694,0.2148561993,0.1967549013,Standardized daily climate-only language score,Standardized daily COVID-19 deaths,Conventional OLS; exact two-sided p values
Figure 1c,C_VADER_negative,VADER,Negative sentiment,climate_vader_negative_pct,US_daily_covid_death,Flood,False,0.2094948879,0.3286513003,0.6374381836,0.5240496965,-0.4357751677,0.8547649435,,711,694,0.2148561993,0.1967549013,Standardized daily climate-only language score,Standardized daily COVID-19 deaths,Conventional OLS; exact two-sided p values
Figure 1c,C_VADER_negative,VADER,Negative sentiment,climate_vader_negative_pct,US_daily_covid_death,Drought,False,-0.9113648963,0.131586885,-6.925955394,9.888293613e-12,-1.169721022,-0.6530087707,***,711,694,0.2148561993,0.1967549013,Standardized daily climate-only language score,Standardized daily COVID-19 deaths,Conventional OLS; exact two-sided p values
Figure 1c,C_VADER_negative,VADER,Negative sentiment,climate_vader_negative_pct,US_daily_covid_death,weekday_1,False,-0.05378644723,0.1262602095,-0.4259968159,0.6702422511,-0.3016842414,0.194111347,,711,694,0.2148561993,0.1967549013,Standardized daily climate-only language score,Standardized daily COVID-19 deaths,Conventional OLS; exact two-sided p values
Figure 1c,C_VADER_negative,VADER,Negative sentiment,climate_vader_negative_pct,US_daily_covid_death,weekday_2,False,0.09944300804,0.1262888491,0.7874250873,0.4313019004,-0.1485110168,0.3473970329,,711,694,0.2148561993,0.1967549013,Standardized daily climate-only language score,Standardized daily COVID-19 deaths,Conventional OLS; exact two-sided p values
Figure 1c,C_VADER_negative,VADER,Negative sentiment,climate_vader_negative_pct,US_daily_covid_death,weekday_3,False,0.06628526236,0.1270149544,0.5218697488,0.601927536,-0.183094389,0.3156649137,,711,694,0.2148561993,0.1967549013,Standardized daily climate-only language score,Standardized daily COVID-19 deaths,Conventional OLS; exact two-sided p values
Figure 1c,C_VADER_negative,VADER,Negative sentiment,climate_vader_negative_pct,US_daily_covid_death,weekday_4,False,0.3367257766,0.1274598154,2.641819115,0.008431968236,0.0864726905,0.5869788626,**,711,694,0.2148561993,0.1967549013,Standardized daily climate-only language score,Standardized daily COVID-19 deaths,Conventional OLS; exact two-sided p values
Figure 1c,C_VADER_negative,VADER,Negative sentiment,climate_vader_negative_pct,US_daily_covid_death,weekday_5,False,0.4793174565,0.1275208039,3.758739296,0.0001851413386,0.2289446263,0.7296902867,***,711,694,0.2148561993,0.1967549013,Standardized daily climate-only language score,Standardized daily COVID-19 deaths,Conventional OLS; exact two-sided p values
Figure 1c,C_VADER_negative,VADER,Negative sentiment,climate_vader_negative_pct,US_daily_covid_death,weekday_6,False,0.4384406141,0.1273497067,3.442808196,0.0006102675007,0.188403714,0.6884775141,***,711,694,0.2148561993,0.1967549013,Standardized daily climate-only language score,Standardized daily COVID-19 deaths,Conventional OLS; exact two-sided p values
Figure 1c,C_VADER_positive,VADER,Positive sentiment,climate_vader_positive_pct,US_daily_covid_death,const,False,-0.03222979212,0.1415284865,-0.227726537,0.8199259142,-0.3101051399,0.2456455557,,711,694,0.1848313043,0.1660377897,Standardized daily climate-only language score,Standardized daily COVID-19 deaths,Conventional OLS; exact two-sided p values
Figure 1c,C_VADER_positive,VADER,Positive sentiment,climate_vader_positive_pct,US_daily_covid_death,US_daily_covid_death,True,0.2741569004,0.04258882158,6.437297165,2.269210471e-10,0.1905385145,0.3577752863,***,711,694,0.1848313043,0.1660377897,Standardized daily climate-only language score,Standardized daily COVID-19 deaths,Conventional OLS; exact two-sided p values
Figure 1c,C_VADER_positive,VADER,Positive sentiment,climate_vader_positive_pct,US_daily_covid_death,climatenews,False,-0.3856416818,0.04893623197,-7.880493987,1.263082676e-14,-0.4817224978,-0.2895608658,***,711,694,0.1848313043,0.1660377897,Standardized daily climate-only language score,Standardized daily COVID-19 deaths,Conventional OLS; exact two-sided p values
Figure 1c,C_VADER_positive,VADER,Positive sentiment,climate_vader_positive_pct,US_daily_covid_death,GovernmentResponseIndex_Average,False,-0.1147189896,0.05432824257,-2.111590292,0.03507846088,-0.2213864152,-0.008051564079,*,711,694,0.1848313043,0.1660377897,Standardized daily climate-only language score,Standardized daily COVID-19 deaths,Conventional OLS; exact two-sided p values
Figure 1c,C_VADER_positive,VADER,Positive sentiment,climate_vader_positive_pct,US_daily_covid_death,debates,False,0.3100387929,0.3120307023,0.9936163031,0.3207560079,-0.3025985782,0.922676164,,711,694,0.1848313043,0.1660377897,Standardized daily climate-only language score,Standardized daily COVID-19 deaths,Conventional OLS; exact two-sided p values
Figure 1c,C_VADER_positive,VADER,Positive sentiment,climate_vader_positive_pct,US_daily_covid_death,WinterStorm,False,-0.6478263901,0.3014298287,-2.149178112,0.03196543429,-1.239650132,-0.05600264818,*,711,694,0.1848313043,0.1660377897,Standardized daily climate-only language score,Standardized daily COVID-19 deaths,Conventional OLS; exact two-sided p values
Figure 1c,C_VADER_positive,VADER,Positive sentiment,climate_vader_positive_pct,US_daily_covid_death,Wildfire,False,-0.03599602692,0.09455571565,-0.3806858916,0.7035528334,-0.2216455948,0.149653541,,711,694,0.1848313043,0.1660377897,Standardized daily climate-only language score,Standardized daily COVID-19 deaths,Conventional OLS; exact two-sided p values
Figure 1c,C_VADER_positive,VADER,Positive sentiment,climate_vader_positive_pct,US_daily_covid_death,TropicalCyclone,False,0.02122731854,0.1640643986,0.1293840633,0.8970912457,-0.3008947711,0.3433494081,,711,694,0.1848313043,0.1660377897,Standardized daily climate-only language score,Standardized daily COVID-19 deaths,Conventional OLS; exact two-sided p values
Figure 1c,C_VADER_positive,VADER,Positive sentiment,climate_vader_positive_pct,US_daily_covid_death,SevereStorm,False,-0.03276930521,0.1303552823,-0.2513845595,0.8015912204,-0.2887073165,0.2231687061,,711,694,0.1848313043,0.1660377897,Standardized daily climate-only language score,Standardized daily COVID-19 deaths,Conventional OLS; exact two-sided p values
Figure 1c,C_VADER_positive,VADER,Positive sentiment,climate_vader_positive_pct,US_daily_covid_death,Flood,False,-0.6866996928,0.3348763664,-2.050606617,0.04068032756,-1.344191969,-0.02920741655,*,711,694,0.1848313043,0.1660377897,Standardized daily climate-only language score,Standardized daily COVID-19 deaths,Conventional OLS; exact two-sided p values
Figure 1c,C_VADER_positive,VADER,Positive sentiment,climate_vader_positive_pct,US_daily_covid_death,Drought,False,0.105414507,0.134079305,0.7862101238,0.4320127557,-0.1578352063,0.3686642203,,711,694,0.1848313043,0.1660377897,Standardized daily climate-only language score,Standardized daily COVID-19 deaths,Conventional OLS; exact two-sided p values
Figure 1c,C_VADER_positive,VADER,Positive sentiment,climate_vader_positive_pct,US_daily_covid_death,weekday_1,False,-0.04040433918,0.1286517356,-0.3140598065,0.7535699966,-0.2929976272,0.2121889488,,711,694,0.1848313043,0.1660377897,Standardized daily climate-only language score,Standardized daily COVID-19 deaths,Conventional OLS; exact two-sided p values
Figure 1c,C_VADER_positive,VADER,Positive sentiment,climate_vader_positive_pct,US_daily_covid_death,weekday_2,False,0.07034746549,0.1286809176,0.54668141,0.5847733473,-0.1823031183,0.3229980492,,711,694,0.1848313043,0.1660377897,Standardized daily climate-only language score,Standardized daily COVID-19 deaths,Conventional OLS; exact two-sided p values
Figure 1c,C_VADER_positive,VADER,Positive sentiment,climate_vader_positive_pct,US_daily_covid_death,weekday_3,False,-0.1264500601,0.1294207763,-0.977046064,0.328886796,-0.3805532735,0.1276531534,,711,694,0.1848313043,0.1660377897,Standardized daily climate-only language score,Standardized daily COVID-19 deaths,Conventional OLS; exact two-sided p values
Figure 1c,C_VADER_positive,VADER,Positive sentiment,climate_vader_positive_pct,US_daily_covid_death,weekday_4,False,-0.01396990378,0.1298740634,-0.1075650011,0.9143718492,-0.2689630958,0.2410232883,,711,694,0.1848313043,0.1660377897,Standardized daily climate-only language score,Standardized daily COVID-19 deaths,Conventional OLS; exact two-sided p values
Figure 1c,C_VADER_positive,VADER,Positive sentiment,climate_vader_positive_pct,US_daily_covid_death,weekday_5,False,0.06030606348,0.1299362072,0.4641205465,0.6427069292,-0.1948091408,0.3154212678,,711,694,0.1848313043,0.1660377897,Standardized daily climate-only language score,Standardized daily COVID-19 deaths,Conventional OLS; exact two-sided p values
Figure 1c,C_VADER_positive,VADER,Positive sentiment,climate_vader_positive_pct,US_daily_covid_death,weekday_6,False,-0.09209434432,0.1297618692,-0.7097180773,0.4781173602,-0.3468672555,0.1626785669,,711,694,0.1848313043,0.1660377897,Standardized daily climate-only language score,Standardized daily COVID-19 deaths,Conventional OLS; exact two-sided p values
