date,climate_joy_score_freq,covid_joy_score_freq,both_joy_score_freq,climate_sadness_score_freq,covid_sadness_score_freq,both_sadness_score_freq,climate_anger_score_freq,covid_anger_score_freq,both_anger_score_freq,climate_fear_score_freq,covid_fear_score_freq,both_fear_score_freq,climate_surprise_score_freq,covid_surprise_score_freq,both_surprise_score_freq,climate_disgust_score_freq,covid_disgust_score_freq,both_disgust_score_freq,climate_trust_score_freq,covid_trust_score_freq,both_trust_score_freq,climate_anticipation_score_freq,covid_anticipation_score_freq,both_anticipation_score_freq,climate_positive_score_freq,covid_positive_score_freq,both_positive_score_freq,climate_negative_score_freq,covid_negative_score_freq,both_negative_score_freq,climate_liwc_emo_pos_pct,covid_liwc_emo_pos_pct,both_liwc_emo_pos_pct,climate_liwc_emo_neg_pct,covid_liwc_emo_neg_pct,both_liwc_emo_neg_pct,climate_liwc_emo_anx_pct,covid_liwc_emo_anx_pct,both_liwc_emo_anx_pct,climate_liwc_emo_anger_pct,covid_liwc_emo_anger_pct,both_liwc_emo_anger_pct,climate_liwc_emo_sad_pct,covid_liwc_emo_sad_pct,both_liwc_emo_sad_pct,climate_vader_positive_pct,covid_vader_positive_pct,both_vader_positive_pct,climate_vader_negative_pct,covid_vader_negative_pct,both_vader_negative_pct,US_daily_covid_confirm,US_daily_covid_death,debates,climatenews,WinterStorm,Wildfire,TropicalCyclone,SevereStorm,Flood,Drought,GovernmentResponseIndex_Average
2020-01-21,1.2995515888547566,1.1046291360720288,1.0312312771768095,1.5291131442741228,2.617261355003427,4.041588313783962,1.6624927599703152,1.33945717135754,3.4071406682766914,3.672481930504876,3.3587015626692356,6.167475665392512,0.8886646017961768,0.8980853415799341,1.0707809197339504,1.0927237995789614,1.2915721917499061,3.2275263272902106,2.5959874277058446,2.0648250812754454,2.232225358506136,1.7733082446910011,2.1187193263209307,1.6688698287163726,4.2003585488189845,3.2488701433437783,4.690545007862222,3.656886194447824,4.9657537545566255,7.707472841646028,0.3646113347785692,0.5273042168674699,0.7233333333333333,0.6074140600805202,0.6982981927710844,1.715,0.11165995664292351,0.3946385542168675,0.5033333333333333,0.1913657479095695,0.05231927710843374,0.4066666666666667,0.05954165376277485,0.04382530120481928,0.065,9.969804893155775,8.571234645613705,13.950000762939453,10.109445769781667,9.394578313253012,14.416666666666666,0,0,0,1931,0,0,0,0,0,0,5.21
2020-01-22,1.2720580221480338,0.933121161963908,1.32927437928169,1.668968893019486,2.4050526348110544,3.1354837179150623,1.8113939601983335,1.2218080429078286,2.2869493056879393,3.9165063444296293,3.3074900770514413,5.926412738356594,0.8214996345143089,0.8436203187119355,1.065773050894288,1.1460020896335732,1.209168920979965,1.0687116481702248,2.545854919105015,1.9395668788087517,2.0640306028200786,1.7689613774594715,1.7874519915083373,1.7585429205199703,4.030740318248885,3.1040639678283304,3.7795230775212265,3.88077486897229,4.860632870969856,5.835359246302304,0.3561855941114616,0.40199582027168235,0.20333333333333337,0.635068349106204,0.608798328108673,0.6704761904761904,0.11844374342797055,0.31352142110762804,0.508095238095238,0.20317560462670872,0.04177638453500522,0.025714285714285717,0.061558885383806515,0.049174503657262274,0.03428571428571429,9.640589059213985,7.616300736350575,9.742856706891741,10.794426919032597,9.30585182373302,14.295238676525297,0,0,0,1931,0,0,0,0,0,0,5.21
2020-01-23,1.2943876773022682,0.8469307766187439,0.8447341750901389,1.6513924876306723,2.3785072491461934,2.6905004645629282,1.661291479147726,1.2895502505622254,1.8505090511648954,3.7593146059887426,3.3716668527238056,6.123825091832679,0.844639570611576,0.7842711864131391,1.0138895492710398,1.0717533150290162,1.2555045076179903,1.0253731068826897,2.64477856441132,1.8046418029838842,2.319007972228187,1.7934567173827987,1.6879265751047017,1.5807118701732272,4.131706642718405,3.023603155422577,3.2843632200681814,3.825668135605419,4.881804722234098,6.508408172448361,0.38984015984015985,0.32454589139836615,0.34307692307692306,0.6606493506493507,0.7251033157135992,0.8207692307692308,0.14653679653679655,0.35798654493032195,0.24846153846153846,0.18772560772560773,0.05594906295050457,0.29230769230769227,0.06460206460206461,0.06013935607880827,0.2223076923076923,9.811954972111222,7.504661314422153,8.63076899601863,10.42907092907093,9.871456030754445,13.923076923076923,0,0,0,1931,0,0,0,0,0,0,5.21
2020-01-24,1.320015446368069,0.9337512008785187,1.0255092708282192,1.7021053195249363,2.4780134741083555,2.2940372262269566,1.8050912415386953,1.3797232913946833,2.5766783771999977,3.7969897347159,3.494459212197028,3.704054955408296,0.8739580124329097,0.8474571852719311,0.8072139542675943,1.1900885350318806,1.3450169522336768,1.8026597553023307,2.652838713086778,1.9807023459942323,2.0445815374670504,1.8346170533407729,1.76522397322466,1.9144802260158174,4.114812622629533,3.1363487065061797,3.239063022634473,3.8832978180582938,4.986177794454343,5.296433708600525,0.38419486215538845,0.3630208028127747,0.3870588235294118,0.6453195488721805,0.7616612950483446,1.4000000000000001,0.1443890977443609,0.3648491063580428,0.6635294117647059,0.17677318295739347,0.07114268971579256,0.15058823529411766,0.060939849624060155,0.030134778786990914,0.036470588235294116,9.958333333333334,7.617843310503956,8.405882891486673,10.57446717379386,10.36973291459127,14.482352761661305,0,0,0,1931,0,0,0,0,0,0,5.21
2020-01-25,1.3676711948994718,0.8468601475013149,0.973918637907519,1.7793911513625944,2.473480309583545,2.9479934623972865,1.8141759655199012,1.380182505488909,2.233052883452747,3.902803739622722,3.5691088239839694,5.302108188678854,0.8479457169547528,0.7870464016940406,0.4113625948493924,1.2083374380843694,1.3101185382868845,1.8349668646021924,2.5683221292580893,2.0082701784707897,1.3875171666729051,1.7641153037397534,1.665325262427368,1.6355191860800298,4.050704300420235,3.2367544883862407,3.2595514632492955,3.8845940546953557,5.017998016855306,4.953349714971889,0.3864752650176679,0.35745832381822334,0.19499999999999998,0.6751590106007067,0.7579424526147521,0.35888888888888887,0.14576855123674912,0.35624800182690114,0.1322222222222222,0.19819787985865725,0.06865037679835578,0.09888888888888889,0.061797703180212014,0.05116693308974652,0.007777777777777778,10.16877191226811,7.513199538992921,10.794444613986546,10.713913772636927,10.501986576558576,15.238888210720486,5,0,0,1931,0,0,0,0,0,0,5.21
2020-01-26,1.3422357363751953,0.9568741184784184,1.1290270650615468,1.6856429653578469,2.526537170496121,3.449082173222155,1.707255852594919,1.411180487332327,1.5423040308723484,3.6452497754597197,3.6400135639177167,5.201517152354336,0.8778371417062377,0.895428395946205,0.9771821599155128,1.120915857017055,1.383510578038642,2.5606407959655626,2.6163622369455264,2.0378032336338614,1.682937722744775,1.7873069386628038,1.8145491280557922,1.8729837335457353,4.231508667394069,3.2717961974695626,3.778982931582903,3.780247815577775,5.1964994630305625,5.758389221984374,0.3853672869735553,0.35747655931512434,0.3092857142857143,0.6143878550440744,0.756667346106808,1.0878571428571429,0.13621939275220374,0.33501630656339176,0.2832142857142857,0.19917238001958862,0.0655279249898084,0.19,0.04987757100881488,0.04230330207908683,0.17392857142857143,10.247453859573946,7.711251210252752,9.364286150251116,10.39054848188051,10.715715609712596,11.982142857142858,1,0,0,1931,0,0,0,0,0,0,5.21
2020-01-27,1.3303480204435385,0.9448101413817184,0.9889501186144191,1.6610638061635528,2.430217371065029,3.144397757787266,1.8113361018804015,1.345729998196106,1.9069983188667285,3.6665279655919822,3.468067875108343,5.039335843755981,0.8563643044339241,0.8191329671108729,1.1193055540672776,1.1494602141498707,1.2633953573044012,1.2950228897374347,2.629359709626433,2.120451854448427,1.8453518215071716,1.8641952144386866,1.8022472839822983,1.8080222348405601,4.143774849763256,3.2064304212760484,3.0720853501006364,3.7966204624251993,4.932741774478531,4.88629423498145,0.4134494195688226,0.37000188040616777,0.207,0.6614303482587064,0.740112824370064,0.36000000000000004,0.1442910447761194,0.3329371944339977,0.09566666666666666,0.18092039800995025,0.06063369687852576,0.020333333333333335,0.0842703150912106,0.06634825122226401,0.05266666666666667,10.116915422885572,7.730537796163971,8.383333333333333,10.388847591469734,10.635144644368184,13.709999593098958,0,0,0,1931,0,0,0,0,0,0,5.21
2020-01-28,1.3146725812573747,0.889130879158954,0.9031518489029541,1.6491889511901756,2.289928249105767,2.3680513729682136,1.7226306908226212,1.3470485845575213,1.6493031654032018,3.7358195386005337,3.2747881831857355,4.608793209355018,0.8823744153929443,0.7916172478229857,0.8539228584341766,1.0952492893072785,1.211085230261875,1.1543348773576467,2.6031809012983653,2.088240756004844,1.81637643801253,1.8481237373045283,1.7763889554139964,1.5988869302658852,4.121838142089076,3.2077071379133844,3.3644802215981757,3.785986944363213,4.777559759953927,5.087372142711989,0.3967055510860821,0.3542838967648128,0.3806060606060606,0.5905752212389381,0.6799400218102508,0.8336363636363637,0.1061504424778761,0.29771355870592514,0.29454545454545455,0.17416331456154463,0.07665030897855325,0.13939393939393938,0.0637731295253419,0.05463649581970193,0.13121212121212122,10.386846025241352,7.485478291984733,9.766666296756629,9.947828150140788,10.412232199654671,13.521212491122158,1,0,0,1931,0,0,0,0,0,0,5.21
2020-01-29,1.3016598276138607,0.9473567052973084,1.3786637087042435,1.5944863501843378,2.2006859994566508,2.8467660512851705,1.665689566389789,1.3032332963924669,2.1028198391687614,3.607974509941124,3.2306710500850455,5.2708046582385455,0.8374418129993118,0.8331306203925329,0.6597142924147954,1.0345565182862524,1.1851390375327595,1.7281939404737359,2.6413890964800055,2.10031348773597,2.004605824925718,1.8101834058845212,1.7675093445104897,2.452046350516205,4.192200711818748,3.3304823440509725,3.2994312095205798,3.652549670360047,4.669692218976212,5.305373950256226,0.374391061452514,0.3816064171122995,0.5507407407407408,0.5817579143389199,0.658468449197861,1.208148148148148,0.09878584729981378,0.2990374331550802,0.44074074074074077,0.18427932960893856,0.06763422459893048,0.06888888888888889,0.055899441340782126,0.04574973262032085,0.08666666666666666,9.921601489757915,7.908962232620321,9.929629855685764,10.010874941806332,10.212470755347594,13.140740288628471,0,0,0,1931,0,0,0,0,0,0,5.21
2020-01-30,1.3048676583841017,0.8838026406635624,1.1901839538983383,1.700797532808298,2.3443688276163615,2.7079368299636037,1.7610500377258547,1.3394786476430212,2.1299430997836226,3.665075044518164,3.3495097666327593,4.955505754568266,0.9053738732072981,0.8451986702041332,0.797561683313152,1.1658580521854591,1.1916260938940924,1.2786588254119051,2.710310239883999,2.000462692435338,2.608486511475496,1.8208460233986465,1.765702545832505,1.870533082264428,4.19996148713585,3.1546209908846996,3.6384688456221568,3.8923409741966415,4.821634218700102,5.433058671939711,0.353681592039801,0.3371886758645404,0.7114705882352941,0.6384883275928052,0.6621537358896256,1.08,0.12154228855721393,0.2998351549901451,0.5144117647058825,0.2217106773823192,0.08026160186346533,0.11205882352941175,0.057650210486031375,0.05048915964880845,0.08294117647058823,10.005511056496365,7.670166496819566,10.617647058823529,10.413968319460391,10.397759978050528,12.844118006089154,0,0,0,1931,0,0,0,0,0,0,5.21
2020-01-31,1.3677373550181593,0.9789824239592211,1.3221188858782682,1.6257414770569585,2.276586651555433,2.2262806928018803,1.7358800963143644,1.3406592312484615,1.3087199860040768,3.622966123082923,3.246275895728038,3.7067971898416237,0.8468503762445388,0.9025908857373393,0.9898644768018541,1.0630092664661486,1.210302967891748,0.9895234797516034,2.658228960746176,2.136802799694343,2.267665349180092,1.8636925067375363,1.7911166225165378,2.0717447500376216,4.207379626164846,3.395207469800261,3.5235827550065273,3.7743378136197636,4.784959117301791,4.482845586499565,0.4271090670170828,0.41228152101400933,0.3361290322580645,0.5915681121331581,0.6866394262841895,0.5780645161290323,0.11951379763469121,0.3224566377585057,0.36870967741935484,0.20308366184844504,0.06445797198132089,0.06806451612903225,0.056403854577310564,0.04705136757838559,0.09225806451612903,10.675777827967586,8.072565303952635,9.845161684097782,9.966316079445905,10.439226411357572,10.987096971081149,0,0,0,1931,0,0,0,0,0,0,5.21
2020-02-01,1.3856879045505262,0.9712034331143037,1.8308854890561586,1.6790012979738198,2.1539623595221467,2.9204622882527875,1.7635876740126866,1.3363513516042347,2.15524917968615,3.525278660710823,3.143902588653234,5.017318366576209,0.9276830739162049,0.837458366231864,1.7220118761245558,1.0823948367849718,1.189952277596248,1.7399439060238107,2.7341094998416002,2.105035337069077,2.4138091908889283,1.9091233674238461,1.7129712923233182,2.404476970299105,4.227044537274927,3.292309392890144,4.312742170732495,3.648723590597072,4.636373175099183,5.343517706203432,0.3793018480492813,0.37944115156646907,0.6677272727272728,0.6271098562628337,0.6981096528365791,0.6404545454545455,0.12571868583162218,0.29914267569856057,0.3936363636363636,0.19968685831622177,0.09193056731583403,0.05,0.044810061601642706,0.05759102455546147,0.07909090909090909,10.35410717723306,7.919665537679932,11.168182373046875,9.930800420302875,10.439711943003811,12.259091463955967,0,0,0,1583,0,0,0,0,0,0,5.21
2020-02-02,1.3384029815247405,0.8964917415929566,1.1513410399971045,1.6451112302971267,2.2296026870054306,2.413005733144976,1.7806478759786393,1.3533476278130474,2.4743313457280043,3.516156048038653,3.1816734674178186,5.525467213581425,0.8772484182293478,0.8512265795605511,1.0060409657804594,1.081781798642632,1.2548880290683797,1.1029000983864778,2.7608237837840672,2.069897295873548,1.8517746510638844,1.8054064762106554,1.763677516293386,1.6844428056224374,4.284442535566994,3.2613091223876265,3.1884635908696914,3.748337485812198,4.695272849281481,5.244465274092956,0.4158851931330472,0.35388457807953444,0.44705882352941173,0.6246888412017167,0.6984747817652763,0.5441176470588235,0.091818669527897,0.2931086323957323,0.2964705882352941,0.2420225321888412,0.09433074684772065,0.051176470588235295,0.05900214592274678,0.05132153249272551,0.058823529411764705,10.22864764954399,7.872890587112027,7.900000179515166,9.854720610917383,10.526867308741513,14.517647238338695,1,0,0,1583,0,0,0,0,0,0,8.33
2020-02-03,1.413319188565872,0.9696112949189899,1.43108830210197,1.727663117082775,2.220168254581523,1.7855004728979478,1.8047448251333391,1.3630554071754861,1.2162826343402189,3.512010238092802,3.1464055850331616,3.1202163965481082,0.9325254566080614,0.8665848200325343,1.3567036467727638,1.2248779327496575,1.2233561518405007,1.312061874463054,2.709159065973488,2.1677233966958553,2.450702565402258,1.8599284360082662,1.7930940465551577,1.7616638947363759,4.243274368391613,3.3640890082390627,3.715707226046274,3.800673161578406,4.569058985453085,4.3408647626202,0.4122621756941284,0.37672768304914744,0.6888888888888889,0.6489531178880291,0.6670210631895687,0.44055555555555553,0.09639508420573509,0.2648971915747242,0.13722222222222222,0.2061037778789258,0.08817452357071213,0.12444444444444445,0.07220755575785161,0.05632146439317953,0.05611111111111111,10.424806909990897,7.936358881331494,8.711111280653212,10.319026122269003,10.217527582748245,11.01111094156901,1,0,0,1583,0,0,0,0,0,0,8.33
2020-02-04,1.323646662040258,0.9421082733795236,1.5341192689028877,1.6630401902504408,2.297379877266714,2.3061549845651843,1.7845268032021544,1.3672789355987642,2.11617209526314,3.6179813017437628,3.186301602470606,3.844620558323953,0.8983489063129781,0.8745755196472692,0.7640363822929792,1.1839573781948147,1.229136259740153,1.3462358209185754,2.6051659503807314,2.1385783525924915,2.228506198102777,1.7831315560739256,1.8081709617914012,1.7342986096327622,4.203173989978129,3.4063569363497606,4.3975707789817955,3.8170305710426056,4.663936097348954,4.645888216047581,0.412156704361874,0.35459397925626107,0.5147058823529411,0.6202625201938611,0.6609790032886416,1.0676470588235294,0.10147415185783522,0.25381229445990383,0.20823529411764705,0.19664781906300483,0.0740677966101695,0.3088235294117647,0.06365105008077544,0.06206931444472552,0.015882352941176472,10.322010835268578,7.966430262617,9.147058823529411,9.904119389892973,10.061092840880344,12.576469870174632,3,0,0,1583,0,0,0,0,0,0,8.33
2020-02-05,1.427441821434557,0.976314758363516,0.7651333755196112,1.7498374102476502,2.1308446637102336,2.2658205286827533,1.7908814411560818,1.3259860098926808,1.3413541006803156,3.623829180771136,3.049040721338566,4.119148652883306,0.8988034163027964,0.9056547711200856,0.9386857701721882,1.175497408695419,1.1729578846290838,1.9346325054994742,2.6632259303299546,2.126092335487486,1.6222518534874844,1.9573850866067213,1.8981195933471808,1.4808787144487148,4.259857771158895,3.3536754389620436,2.585837505261035,3.871503771094389,4.412513884615637,5.442070240497971,0.41069260367678495,0.43774535809018567,0.04375,0.5885934159897392,0.7144588859416445,0.63875,0.12101752885848653,0.29976657824933683,0.54,0.19866182129115006,0.08280636604774536,0.020625,0.05380504489097905,0.07269496021220159,0.0325,10.502736379061565,8.287241482924403,7.693749904632568,10.300384612815305,10.078169554045093,12.856249809265137,4,0,0,1583,0,0,0,1,0,0,8.33
2020-02-06,1.323042397438431,0.9686436859330079,1.3975203558077072,1.6068400075975662,2.1912996119672927,2.8046946865463216,1.713573756526945,1.3540431641802213,1.7397978310860265,3.572148807427473,3.114447914157386,4.029274343955814,0.9065513425739022,0.8597902217567699,1.1364896616603792,1.1037267234492238,1.1697664761913107,1.3439269721902922,2.630726697421511,2.1391670829514404,2.5463106059003797,1.8400618902233674,1.8474677162979793,2.759391676170863,4.105852848327048,3.3890391461341367,4.388689866309036,3.7040034346080817,4.49254612909442,4.921517057221516,0.3957687012391005,0.40497459213693504,0.3355,0.5517944011014226,0.6631880181866809,0.475,0.1105828361633777,0.2733645359721851,0.2505,0.16112436897659477,0.08260764910403852,0.073,0.05892611289582377,0.0581064455736828,0.020999999999999998,10.36103681447912,7.8730944102701255,10.21500015258789,9.94534207922212,10.198903241174111,10.3,2,0,0,1583,0,0,0,1,0,0,13.54
2020-02-07,1.3499514304492615,0.9551759538350498,1.2173536937390945,1.6215470941028092,2.1036144728901793,1.8489692310418904,1.715787369092594,1.348709490285856,2.5875852221978164,3.5266062505674363,3.105918319503473,4.2683055625227,0.9358793556839501,0.8750698518840629,0.7538947147466433,1.057989979575668,1.1144247486571042,1.8877320829063238,2.6146974321468752,2.211677000487773,2.160844668698692,1.8803457523281228,1.9249328926686227,1.6463219677179903,4.235809602823377,3.3399959069035448,3.9231175469208304,3.601582904361949,4.414290412826099,5.704049806861072,0.3791484375,0.38429897643418237,0.8252941176470588,0.6063046875,0.6765532016186622,1.0058823529411764,0.14583203125,0.2796262794572721,0.21588235294117647,0.16346875,0.07877648179005,0.31999999999999995,0.0631875,0.055386812663651516,0.19588235294117648,10.305741882324218,7.948369807783861,8.617647058823529,9.79878921508789,10.311426036955487,12.341176650103401,0,0,0,1583,0,0,0,1,0,0,13.54
2020-02-08,1.5014026585758509,0.9096716742905023,0.8614054262265985,1.5627526608968778,2.1667457815135713,1.9822116488462689,1.7512821509960812,1.3674071785940325,1.3356574862826276,3.7334386300551574,3.0818008162040376,4.29376776389001,0.9222715554673014,0.8604201001798165,0.6157891539548828,1.0444371627824114,1.2384365680545544,1.2218263451524605,2.7490317280184926,2.146603038457756,1.8961997096759955,1.9310454729855873,1.8345083596601588,1.94241377755626,4.283111898776928,3.329842969340431,2.6286238715396095,3.667617827174752,4.530710550297179,4.318590007337816,0.4386905660377358,0.3398630970489808,0.8271428571428571,0.5787094339622642,0.6808609674475204,0.6752380952380952,0.13225283018867923,0.3054700334651658,0.42523809523809525,0.1734075471698113,0.06435351384240949,0.07952380952380952,0.05274716981132076,0.05777912990568908,0.027142857142857146,10.242264150943397,7.8608456371691515,9.047619047619047,10.194641804245283,10.357620930940067,13.333333333333334,0,0,0,1583,0,0,0,0,0,0,13.54
2020-02-09,1.3290582665417559,0.944517362864476,1.267840557587509,1.6136886080264683,2.1051741695001946,2.3396495781398254,1.7931837323648685,1.3367891073057745,1.6801303271844115,3.688430879950414,2.9866377861476936,4.265850705990279,0.8807513353436237,0.7927453298320267,0.8470886420681905,1.1512502960653141,1.1918008900838875,1.3309208852636634,2.651781130928823,2.1157295807457697,2.6755678240988847,1.8585435114323263,1.7942134244798835,2.455998629879522,4.108284841535382,3.2076580494280735,3.7694581073711726,3.804588741110004,4.466385180561769,4.846947991044015,0.35474697716077025,0.38973969631236444,0.29555555555555557,0.6159874608150471,0.6733839479392624,1.0227777777777778,0.11758620689655172,0.267300898667493,0.34944444444444445,0.18284818629646216,0.0879082739386427,0.13,0.06006269592476489,0.06583204214440656,0.27388888888888885,9.99355110137707,7.882615190192129,8.650000678168404,10.059919740819526,10.277470851409978,13.549999660915798,1,0,0,1583,0,0,0,0,0,0,13.54
2020-02-10,1.3439690701173992,0.9337991789641396,0.622574546971809,1.6031856698977092,2.0506277903030865,1.6832482303767395,1.7020431706749903,1.299859998775802,1.558347329094753,3.5480640887439208,2.8965891951195752,4.45042697008907,0.9012822020169172,0.8032011002671232,0.5702103159484364,1.088375179285627,1.12534597562974,1.0057397008175328,2.6926093733328837,2.1105019859496603,1.6511030188928177,1.851514294690084,1.829514857350844,1.6312843136566282,4.263774363057894,3.2948495878911928,3.4467408428931647,3.6680156328443823,4.283133032008815,4.307237686543126,0.41230350194552523,0.359304865938431,0.0838095238095238,0.5887431906614786,0.6388083416087388,0.6661904761904762,0.0898715953307393,0.24433217477656405,0.06190476190476191,0.2077976653696498,0.08533267130089375,0.06476190476190476,0.06806614785992218,0.05349056603773585,0.20190476190476192,10.542840314931906,7.8306357450968225,8.352381388346354,9.859610590953308,10.00702601321996,13.061905633835565,0,0,0,1583,0,0,0,0,0,0,13.54
2020-02-11,1.3162734332981088,0.9287462227705128,1.2360481474680562,1.6292195827565317,2.1110635578617805,2.645181865099201,1.7831496769426325,1.3662643802929983,1.3470956631907953,3.553076788054817,2.950550010894765,4.438475582612826,0.8981922616488778,0.8428188194716593,0.7944382141467718,1.104198925528826,1.1865299234858215,0.9896206332030147,2.6492656176455593,2.171229339617161,2.6604078202937895,1.8243405042612597,1.8749856479652511,1.422406589125832,4.1716068123775445,3.2749042830588286,2.975874709536842,3.6936189368431274,4.341759744922274,4.45976012246418,0.39161822466614293,0.38850944359367023,0.46586206896551724,0.5992772977219167,0.6138310362429811,1.023793103448276,0.11860958366064416,0.2434762633996937,0.766551724137931,0.17356637863315003,0.08499744767738641,0.09965517241379311,0.06356245090337785,0.05925982644206228,0.0,10.330086563481933,7.959468917496172,10.431034482758621,9.955970302680676,9.963475864599285,11.334483179552802,0,0,0,1583,0,0,0,0,0,0,15.1
2020-02-12,1.354883389855444,0.9605311329684044,1.5520501726151068,1.5766026635314805,2.0102399099550325,2.394074380401289,1.6904421719420184,1.3450422285178,1.5568363811211123,3.5384075968071356,2.814429731808891,4.960888915905553,0.9119575241631762,0.8550702354128515,0.7040740744633244,1.0313540115832793,1.1296517745757257,1.158584592223237,2.656265373323562,2.227810878027819,2.205936354275775,1.8356042961780303,1.8458469904557353,1.967407220347879,4.249513336685257,3.3544211061115745,3.5333017372665934,3.580581403723966,4.226126693646442,3.9921574919627756,0.4345880026367831,0.4126591858037578,0.7352,0.5624192485168095,0.6356758872651357,0.5112,0.10785431773236652,0.24151356993736953,0.064,0.17845748187211605,0.07942327766179541,0.0336,0.05831245880026367,0.06160490605427975,0.013999999999999999,10.73098245921226,8.130506161110386,13.07199951171875,9.625807257333554,9.64543339802975,11.764000244140625,0,0,0,1583,0,0,0,0,0,0,15.1
2020-02-13,1.3727612972583991,0.9787937560349685,0.8564422209429314,1.631527933788758,1.9754727947627828,3.0378731086109574,1.7107491692038224,1.2504808823868157,1.9042932426002863,3.5967945754594504,2.897224008383007,4.851264282368143,0.9239577281309885,0.8296864855175003,0.9165383082524358,1.0812157422997342,1.1010561381606006,1.1604096690460979,2.6962030696260677,2.2895726725492813,2.3640584019030784,1.8659155863956234,1.9405296828533243,1.7526534699801462,4.3526019408224155,3.443678656357239,4.102808443856745,3.684628458285591,4.200972503261922,5.183853379090354,0.39671340629274965,0.4140019836350112,0.4965217391304348,0.5996032831737346,0.6140689313166378,1.064782608695652,0.10745896032831737,0.23353087031986117,0.3582608695652174,0.17019151846785224,0.08222415075626086,0.17652173913043476,0.06615595075239399,0.04503099429704934,0.029130434782608693,10.318296586439809,8.122018251766676,9.539130832837975,9.838167161850205,9.268807726878254,12.221739395805027,0,0,0,1583,0,0,0,0,0,0,15.1
2020-02-14,1.3202985562142275,1.0204179663895327,1.3787481603425578,1.5954542644442562,2.062039889769488,2.3060746874356064,1.664612383791613,1.3254885558779006,1.9279135495248114,3.4697362078806773,2.8583379433478497,3.48888692484417,0.9138515973235084,0.8420697486178018,1.159050288584708,1.0238104434399375,1.0807116806881207,1.2831192156035103,2.560940796981391,2.2124037461748243,2.503808559670437,1.7851556241270783,1.991505778956312,1.9721041937715207,4.0496111373480375,3.423573635250124,4.182556615991828,3.6479863636769294,4.35767791470858,4.778979494853515,0.3966894335074327,0.41189866211215487,0.3829166666666666,0.6057613499397348,0.6340051238257899,0.8420833333333334,0.126428284451587,0.25423854255621975,0.23791666666666667,0.17721574929690637,0.07791631084543127,0.1825,0.05680996384089996,0.0619755194990037,0.22583333333333333,10.439333065488148,8.245288704454882,9.858333587646484,9.948332820660909,9.536379385496726,11.074999491373697,2,0,0,1583,0,0,0,0,0,0,15.1
2020-02-15,1.2834670875268055,0.9180417156191436,1.2200935396256447,1.600277315188742,2.1315860619696596,3.4057443207485245,1.8181217105250824,1.2714388510636228,2.9046755876324784,3.542023177397605,2.9280220311281058,5.606304874659804,0.8738399095236703,0.7586958462065782,1.650328016964894,1.1055713909681915,1.129455612730899,1.9352815362459141,2.5637547163191226,2.062467645833091,2.07836426901934,1.7526403721058947,1.8493774274677777,2.1886507819195113,4.111101515770643,3.2739591844026874,3.556197249457266,3.681480468444766,4.305701045396385,6.134827559191538,0.3682027217268888,0.3926791478373144,0.3868181818181818,0.5804223369310183,0.6810587475790834,0.7327272727272728,0.09642890661661192,0.28502582311168495,0.19409090909090906,0.2003894885030502,0.08265009683666882,0.4272727272727273,0.04580009385265133,0.06794383473208522,0.018181818181818184,10.369920591858282,8.038928214775662,8.39090936834162,10.298686062881277,9.69302775984506,13.568181818181818,1,0,0,1583,0,0,0,0,0,0,15.1
2020-02-16,1.3538141169547637,0.9635205068595043,1.432749832621146,1.6804938007956935,2.1262751147043697,2.3451235815335236,1.8033783380119002,1.2986156537083808,1.9536127385478732,3.56468107349324,3.0213160942109982,4.019763979403885,0.9731703923742274,0.8180114340034829,1.0655913420848282,1.0937319845372127,1.098441295302601,1.2878264307342815,2.6939888372339094,2.125198918896899,2.219843719553984,1.8696584341502998,1.9009787808983847,1.7194156127914146,4.223947737915664,3.362630721362359,4.801520282337986,3.7724712050597757,4.397137651865121,4.658851977083112,0.3800650255457501,0.3933271202236719,0.5868,0.6354900139340456,0.6104162783473128,0.5784,0.11051091500232234,0.24505125815470644,0.318,0.20669763121226195,0.06998136067101585,0.0264,0.05834649326521134,0.05486486486486486,0.0512,10.273339526242452,8.266293637387387,12.215999755859375,10.259916214294009,9.697328120146008,11.49199951171875,1,0,0,1583,0,0,0,0,0,0,15.1
2020-02-17,1.4216235090858966,0.9128079872095693,1.0767247945082523,1.5607697524940731,1.9326933029185178,2.436725372218893,1.765086726615174,1.2048914142013263,1.7300239543740388,3.5881709455022603,2.7009212261796787,4.017166199153247,0.9405901413428346,0.8138202898319197,0.6858259616482036,1.0707151411218612,1.0521571197675457,1.0870796868708898,2.619996641963148,2.204954401594086,2.6364443200136916,1.8888149351673131,1.8819955322434971,1.4887368545985742,4.105403895368906,3.4955171385988977,3.509000610623474,3.7303610104001956,4.036753311206523,4.9893352321349465,0.40940081875697804,0.3996346306592534,0.45333333333333337,0.6057350204689245,0.5877204130262114,1.0244444444444445,0.120863416449572,0.2229732592004236,0.6388888888888888,0.16726088574618533,0.07730209160709559,0.12666666666666668,0.06710457759583179,0.058647074397670106,0.002592592592592593,10.582471012048753,7.925867090283294,11.881481029369214,10.007555184685524,9.142308710616891,12.007407859519676,0,0,0,1583,0,0,0,0,0,0,15.1
2020-02-18,1.5542617288954805,0.9295156639399926,1.4762736586756215,1.6403570103358134,2.0238267543132764,1.900933394507378,1.9889648716183455,1.2589963802203308,1.946327674262565,3.753601484617586,2.7779810801885527,4.453858059049628,1.0042045697822755,0.8137345274242082,1.251425752011781,1.07726506615641,1.057034579804125,1.334112903333613,2.7971794107355015,2.2731335461747633,2.6891680489278733,1.9700192968768697,1.9283250443132303,1.4352807175788738,4.3810570725919495,3.437817852718063,4.504102534981212,3.8622469084406497,4.146655311748622,4.1896026494957646,0.4122607407407407,0.39710984308131236,0.26421052631578945,0.5574222222222223,0.585355206847361,0.42263157894736847,0.10500444444444444,0.24112696148359486,0.19789473684210526,0.17191407407407408,0.0691583452211127,0.061052631578947365,0.05296,0.055437945791726104,0.11842105263157894,10.780947916666667,8.262025789051355,8.62631546823602,10.12865162037037,9.249928673323824,11.657894736842104,0,0,0,1583,0,0,0,0,0,0,15.1
2020-02-19,1.3948919913475277,0.9410559031780468,0.8743945196346052,1.622035616993497,2.12506159422018,2.137770469124863,1.8173392067217808,1.286740547662086,2.1731594591843497,3.6047107259822035,2.923842437709881,4.044918656373007,0.9366514321673097,0.7936015162136294,0.641138926706993,1.0166048708229294,1.1262954241663727,1.3821694260251385,2.674963297454573,2.1027957757901587,3.275778980989838,1.8633812822801952,1.935725870129291,2.1592913941952645,4.317312006688997,3.3605020905840344,4.184300138016032,3.653375177197939,4.264551621581029,4.839955073320866,0.3895696202531646,0.39717754651529485,0.558235294117647,0.6134792043399638,0.6029990539262062,0.5305882352941176,0.11234358047016274,0.22390728476821192,0.03411764705882353,0.20709222423146476,0.0652475559760328,0.13999999999999999,0.04911754068716094,0.05888678650268054,0.06058823529411765,10.403978300180832,8.035257263087354,8.08235258214614,9.948788568037974,9.684957426679281,13.470588235294118,2,0,0,1583,0,0,0,0,0,0,15.1
2020-02-20,1.4520141115568153,0.9096651811113338,2.41627558694154,1.6387889626692866,2.098928277476669,2.0047039957714223,1.8862310206092205,1.2766771670343056,1.981761917964199,3.7999077191334876,2.9225922111898077,2.72623541526032,0.9439539638368744,0.8034820628393117,1.3015623378345484,1.146115493057596,1.0630991900223241,1.3554890142494616,2.752245165484442,2.1549998752318738,3.925590056268811,1.9024480452325536,1.8774228207130716,2.0241373989948968,4.350972681631262,3.2507944973903387,5.6400273790303235,3.8075270323405217,4.243266574306926,3.926695165552721,0.4167443528146289,0.3795132743362832,0.2326315789473684,0.6318967371817855,0.6403480825958703,0.6347368421052632,0.10989602007888132,0.27513569321533926,0.1310526315789474,0.2056615274291861,0.06828613569321534,0.21842105263157896,0.06589817138759413,0.05542477876106195,0.15,10.631516952760846,7.804454162057522,9.331579107987253,10.362136966654715,9.585663832042773,11.647368581671463,5,0,0,1583,0,0,0,0,0,0,15.1
2020-02-21,1.4081316625710223,0.944878128753962,1.288417417326019,1.6941625040972568,2.1590430661139774,1.4504630374107819,1.8778793616041998,1.227244667608674,1.3438151551787436,3.7102633839864434,2.9189297860788943,2.3825036645555167,0.9497667567700493,0.7983662552586275,1.3454582936375763,1.1328850862367421,1.0424864620334802,0.8419469129074973,2.7858096093396547,2.1699706312197837,2.5824600154268453,1.928989337887172,1.891423469032024,2.627535755942373,4.2833117743072435,3.3659416392144585,3.9570600383443826,3.8647438070926388,4.226839652897001,3.251731729908027,0.4182664460074473,0.3914432753888381,0.6228,0.6763963591228795,0.6308623055809698,0.5192,0.13449731071576335,0.2682685269899359,0.2228,0.21043442283822922,0.0711939615736505,0.1668,0.065047579644187,0.05306953339432754,0.0576,10.287960281340505,7.935361033279963,12.34800048828125,10.509060980812992,9.220174190873742,8.744000244140626,3,0,0,1583,0,0,0,0,0,0,15.1
2020-02-22,1.4412889508099307,0.9274860822001292,2.135490950126907,1.729085036925315,2.1513923604886553,2.399522018518958,1.9245338540838486,1.283690119237831,1.694096152773303,3.698286404966507,3.0371950905731864,3.8820212822103843,0.9122223532918097,0.8101796106982045,1.2880166213652702,1.2138775023285908,1.1148690685985634,1.3444963692548109,2.685027240820607,2.0901556306431597,3.7508902693228543,1.8795317325596528,1.8834214172534267,2.6322225616784154,4.232879332265221,3.3157746189737956,5.027083709504032,3.950915659578915,4.425977185330325,5.726980863279409,0.4428069330765527,0.40411620658949243,0.44999999999999996,0.6518054886856042,0.6594568121104185,1.1484615384615384,0.11577274915743861,0.27023820124666076,0.51,0.19986519017814156,0.08553873552983081,0.0,0.06515647568608571,0.059238646482635805,0.0,10.738228589913337,7.999888691006233,7.376923194298377,10.43076515105922,9.719902222005787,13.776923546424278,1,0,0,1583,0,0,0,0,0,0,15.1
2020-02-23,1.3638504960577253,0.945488720680674,1.0864120731229736,1.7788428970621697,2.2453081228353815,2.7585403806264663,1.7965336652467296,1.2530735714270078,1.650288319345974,3.692064127823253,3.1774234668783183,4.8598325320451785,0.8994686065933627,0.8151438203951267,0.760438083518864,1.1191523197405178,1.0808219939603527,0.6904867796170403,2.5379901671233456,2.158494033208297,2.6869414463542984,1.9241119821663835,1.9205032847079366,1.9320238861523538,4.130791784961896,3.333979498957883,3.7332878112118775,3.8211211755612395,4.43272753267529,4.808712496954433,0.42624628450106156,0.39979086294416244,0.13249999999999998,0.6956008492569002,0.6269685279187818,1.0425,0.16233545647558387,0.27343959390862943,0.4383333333333333,0.17156263269639066,0.06802639593908628,0.08527777777777777,0.08531634819532909,0.05422131979695432,0.3452777777777778,10.269086717091295,7.8375023794416245,7.322222391764323,10.63927813163482,9.769319479695431,12.438888549804688,5,0,0,1583,0,0,0,0,0,0,15.1
2020-02-24,1.401191185131851,0.9324389208487106,1.0168277888537152,1.6446570016256883,2.5503421314494434,2.850897127757494,1.7442314012866265,1.318422494120369,1.79549836310714,3.6231778615347974,3.4312036064067972,4.855431340503252,0.904056466952977,0.8778280793278244,0.8168445190488822,1.0273589957440437,1.086227295908203,1.3618023060660038,2.6934355606825218,2.1409881368626795,2.6208574009113743,1.913329506565959,1.9302713301234893,1.8156540674729034,4.310324689620518,3.2637727433167827,3.8509253680202526,3.7126381957752055,4.773680144441988,5.3617537187001245,0.4091399922869264,0.390048602673147,0.3742592592592593,0.6093829541072117,0.7003851761846902,0.8692592592592592,0.11965676822213651,0.34040583232077765,0.4924074074074074,0.1947782491322792,0.07008140947752126,0.13407407407407407,0.052965676822213655,0.051345078979343865,0.026666666666666665,10.572888546085615,7.7753341433778855,9.285185072157118,9.82741997686078,9.960181880315917,12.49444467050058,8,0,0,1583,0,0,0,0,0,0,15.1
2020-02-25,1.3475735792638472,0.9765664672009824,1.3248851048714672,1.5894037161282264,2.4641600265554504,3.1126233306906763,1.841409911094709,1.4000395332580946,1.9879963098679194,3.663124829663353,3.3309309396327684,4.50513071139237,0.9236498293137582,0.921987062485999,0.9713976443261679,1.0684974949033645,1.1293723870119627,1.4971831796031438,2.6770741014776718,2.2057938950156837,2.9543205665154697,1.8559971670809274,1.9532217880185363,1.9004768188752403,4.132812616096112,3.3943101104942595,4.355358775684158,3.676594623912956,4.767486741262823,5.825493270440539,0.36465157410682697,0.41116494737938936,0.42462962962962963,0.6443509020162717,0.6986777117849328,1.2887037037037037,0.12352316943756632,0.31541002396582263,0.5388888888888889,0.2219738238415281,0.07361988121287902,0.1953703703703704,0.04489564909798373,0.05797436698968428,0.10481481481481482,10.11644825565971,7.95800771074294,9.416666666666666,9.966076975371418,10.260560754662915,13.898148148148149,0,0,0,1583,0,0,0,0,0,0,15.1
2020-02-26,1.352111931606814,0.9709231748659384,1.2821731519096733,1.5990018005101339,2.3861605370713326,2.602327940511855,1.7956248802823964,1.3859473551524744,1.9942780014047197,3.8147367897106244,3.2136741768866983,4.604792907438127,0.8894698807034235,0.9052078549111322,1.084278407722168,1.1121609025261692,1.1315819391179331,1.6319128783855401,2.646307480188128,2.2418830362909663,2.351707214462305,1.825944824932932,1.953640036947689,1.7157785779909358,4.2348103469940925,3.409009398931968,3.5311773424519615,3.8007911469871734,4.628418136275018,4.952737740596571,0.3856785714285715,0.37879563611373596,0.37414285714285717,0.6588178571428571,0.7045082037625634,1.0970000000000002,0.14030714285714285,0.3146559573919766,0.1577142857142857,0.20877500000000002,0.07290610772270424,0.23857142857142857,0.055782142857142857,0.049746585344901645,0.031857142857142855,10.174214564732143,8.04452339790396,9.895714460100447,10.257571149553572,10.18384172858861,13.420000348772321,4,0,0,1583,0,0,0,0,0,0,15.1
2020-02-27,1.315248756000594,0.9813392526748466,1.0073564002117663,1.6808745137342473,2.437926645679167,2.5822008890574977,1.8016497777139753,1.4281761028139628,1.82726208377465,3.823234542980055,3.317858597431337,4.708571592275792,0.8979538617846364,0.9051431997765341,0.7112590886875478,1.140582153143216,1.1792259532045979,1.0914051222171797,2.630238516080544,2.24806523521101,2.007137866933596,1.820420082323099,1.9873553730745892,1.7697401773135055,4.112206286900885,3.4601606928110438,3.284156953799646,3.9372989184978895,4.849164082520464,4.817733047715887,0.4032405566600398,0.3981039496001938,0.44044943820224725,0.6488747514910537,0.7203652774412406,0.929438202247191,0.12502982107355864,0.31253271141264843,0.3058426966292135,0.20045328031809145,0.0767827719893385,0.1495505617977528,0.059677932405566604,0.05486491398110008,0.21820224719101125,10.387475149105368,8.243470022110492,10.48651671677493,10.55689845303181,10.306724391204265,11.932584269662922,4,0,0,1583,0,0,0,0,0,0,15.1
2020-02-28,1.3486073484388046,1.0161436282881964,1.266713989849203,1.6475889709812217,2.508226378407522,2.663609447969758,1.8188387872876168,1.5094526653778602,2.2126226538812883,3.693765654918887,3.27516940235212,4.2069525146909905,0.8644984379578792,0.9466714221494883,1.0778528156940381,1.1573594149343374,1.2247419363624965,1.6003537452280785,2.597737166458935,2.2499923598473086,2.3779256498606296,1.8274623458752466,1.9033692206603519,1.9277381412409278,4.156995953418854,3.396042734435845,3.647226534479497,3.7999216647722522,4.863197992196445,4.850592757067811,0.4063066057332779,0.4148394360156543,0.4377083333333333,0.6961030328209389,0.7553444486141638,0.8984375,0.14309929372663066,0.3307543022570096,0.3047916666666667,0.2414333194848359,0.08323272395861256,0.07072916666666666,0.05813045284586623,0.058099501420683,0.10875,10.490569497818862,8.281633651423364,9.410416920979818,10.561154640112173,10.530488560821315,12.97499974568685,8,0,0,1583,0,0,0,0,0,0,15.1
2020-02-29,1.3898983478399825,0.957026204171167,1.0343051346575567,1.7188440813652417,2.567426779796397,2.4531314068280157,1.8252856857512854,1.6125919870568473,2.1893430336515625,3.809462354055435,3.216131684512981,3.992267646046206,0.906916782970339,1.088759096359582,1.0026844311949124,1.1853619791922043,1.3824499861221071,1.6347595585694206,2.70791419253541,2.2301969752818747,2.8786801945678655,1.827334946885976,1.9054985790089967,1.5026975348592821,4.264773237604606,3.3907849896454945,4.393140761916772,3.9473118432674297,4.95675838621663,4.656587784667824,0.4189961013645224,0.37681577223181845,0.3072727272727273,0.7109600389863548,0.7151015545893145,0.7066666666666666,0.1651608187134503,0.29976949192923935,0.18636363636363637,0.20597465886939573,0.07572696408362618,0.1095959595959596,0.0647270955165692,0.048908809339448446,0.06545454545454546,10.473293966252436,8.021097333075227,9.190909337515782,10.434015404178849,10.90927374322473,12.220202513415405,5,1,0,1583,0,0,0,0,0,0,15.1
2020-03-01,1.499313307239756,0.992208170167951,1.3537483469185898,1.6351618554333516,2.3752419069729838,2.6891604674725698,1.8304379885383575,1.450211934625984,2.3435073953902625,3.6362644422037205,3.209418515949116,4.205495205985941,0.9557396970182259,0.9747544179306331,1.4857354070691438,1.1056327207974566,1.2434439068248282,1.7409152626473432,2.775146730670454,2.1608167213322393,3.000423847146191,1.9086914268733437,1.9031027311982238,2.117702018840138,4.455210124252622,3.349978889748109,4.307723758724598,3.73353732611586,4.707041808385336,5.317624908829879,0.42216955332725614,0.383107671601615,0.33458823529411763,0.5713810391978121,0.6924629878869448,0.48,0.1092525068368277,0.2972422611036339,0.20517647058823532,0.1624567000911577,0.07651682368775235,0.07788235294117647,0.05727894257064722,0.04847846567967699,0.027176470588235295,10.666453609275296,8.030188530450875,9.0,9.744348044382406,10.287611456931359,13.1188232421875,4,0,0,1025,0,0,0,0,0,0,16.67
2020-03-02,1.428432969366532,0.9788578226835271,1.0856005914128357,1.7753477790573318,2.365839930003227,2.357913923502253,1.8665636814420437,1.3890753622853282,1.839883023623295,3.6861284501270655,3.1612171981287434,4.033219755739918,0.9874401789349696,0.949571829274295,0.9975680977141663,1.1348564105098482,1.2144795192559246,1.397708376368471,2.710820818668693,2.16642453872897,2.8741265847867683,1.9318509570759108,1.89759301107595,1.9619133685761554,4.283554665060719,3.3918921213687416,4.186743589891509,3.8019100007666577,4.656668579395468,4.989675164373505,0.4316494845360825,0.40227500569605834,0.3572222222222222,0.6171089197669206,0.7298621553884711,0.8393055555555555,0.1185342895562528,0.315354294827979,0.47736111111111107,0.18822949350067233,0.07869674185463658,0.05347222222222223,0.05597489914836396,0.05333162451583504,0.12277777777777778,10.666876190609592,8.155479252107542,8.583333333333334,10.017212187640071,10.20496108880155,11.466666327582466,9,1,0,1025,0,0,0,1,0,0,16.67
2020-03-03,1.4476579656597814,0.9854031569293117,1.2149291196244474,1.7757522608398773,2.3236851283416144,2.641994991487727,1.8560124834061285,1.3916246512283033,1.8728593094366586,3.6160885909376423,3.138941463537008,4.134008695937513,1.0404361534898998,0.9007209557030028,1.082608802774397,1.076529005341527,1.2295089890698234,1.213020701568116,2.7584297066826755,2.2147552927927543,2.451105502335587,1.9378086782580968,1.8715520924194948,1.9249217624042712,4.404873347436185,3.4525514817850658,3.5683448213643074,3.8217412319840594,4.644439563083133,5.0883305401627545,0.41201715137956746,0.385160263213755,0.382,0.5867263236390753,0.7205062619401401,0.7001176470588235,0.10928038777032065,0.3088362343451497,0.3517647058823529,0.18426547352721848,0.07436372320101889,0.07517647058823529,0.05798657718120806,0.048269475695181495,0.023411764705882354,10.715175096709546,8.353290503608577,10.701176183363971,10.063124825223714,10.259233708342178,12.484705307904411,18,0,0,1025,0,0,0,1,0,0,16.67
2020-03-04,1.6091700092007055,0.9952458137900523,1.063354722177957,2.1084540368053952,2.2310875087004614,2.676476948972271,2.0985037169979757,1.3866361697969403,2.1328689983716944,3.830867058558819,2.9838105822247805,4.6213710212481285,1.228740977459786,0.8980215179505859,1.2082880654399994,1.1586678954015255,1.2188051220376808,1.2881842244227721,2.7930501664181606,2.2095468613436777,2.447391417191247,2.273702764819521,1.8743893735444026,1.9482052746441954,4.5672038359529825,3.4319931729887587,3.9384432099891247,4.079107045705554,4.500024612318117,4.96223766598446,0.4473967889908257,0.40437546547505054,0.31947368421052635,0.6364724770642202,0.7219033939780828,0.6852631578947369,0.11832798165137616,0.2846020853282264,0.22201754385964914,0.17398853211009171,0.08224811150122353,0.14456140350877195,0.08169954128440368,0.053610490477710396,0.13807017543859648,11.076352852637614,8.263006702840729,8.912280701754385,10.871398365825687,10.036264662464092,11.72193025287829,35,6,0,1025,0,0,0,1,0,0,16.67
2020-03-05,1.425265464421677,0.9662223467781612,1.3401308940224295,1.7856047169306415,2.237708581785482,2.3586647459877,1.8611088565451255,1.3606167925355046,1.814227624359717,3.5684052779723334,2.96170214841944,4.146448650939651,0.996467169362074,0.8862061082219934,1.0534405839516847,1.081819380613836,1.1902548466978489,1.0989586399802167,2.73568922343435,2.2216267703102366,2.782138964897712,2.0448165487557994,1.8836164201266252,2.017454383570971,4.406242582774473,3.4212206484603493,4.1078657827704665,3.8618522497519416,4.474028066445733,4.5860933391667364,0.40093273231622745,0.3792149305203367,0.3173943661971831,0.5894278779472955,0.706968759509078,0.7591549295774648,0.11184466019417476,0.2871822700071001,0.25760563380281687,0.16501386962552012,0.0743498326402272,0.07746478873239436,0.06190360610263523,0.05130337762450553,0.07309859154929578,10.470111227895284,8.16454984024749,8.80281690140845,10.283772673587032,9.91612755477229,10.521830813985476,51,3,0,1025,0,0,0,0,0,0,21.88
2020-03-06,1.4657539785386107,0.9829493828795061,1.2355116297573454,1.7223712134389226,2.2073855600711254,2.3699873617896228,1.8260170144842485,1.350071826221393,1.91533824129933,3.5647172254452535,2.957920305694308,4.679794947511074,1.024125332766556,0.8978666423029463,1.2984695389871888,1.0676573778476424,1.1570024117631545,1.2027957536519087,2.754100576774308,2.2085137977164684,2.5714610217741107,2.034913753763582,1.8932957796302323,2.1315270109582456,4.310281173782085,3.4255442524849844,3.7882158307852354,3.8162195323341996,4.466931838325778,4.8922485682861865,0.3765015210777923,0.3974975765800698,0.4768141592920354,0.5775315080399827,0.6976192322605661,0.7445132743362831,0.10633202955236853,0.2894527917797596,0.3553097345132743,0.17162538026944807,0.08230370298565336,0.07194690265486725,0.05695349847892221,0.050659170221015896,0.11469026548672566,10.680052490764885,8.254289453276463,9.326548888620023,10.111081968437636,10.021766854885614,11.90442434665376,70,2,0,1025,0,0,0,0,0,0,21.88
2020-03-07,1.4388419966302262,0.9735436905976359,1.4281660402541327,1.6622798402493868,2.291801336813338,2.3659605452498482,1.8582210312715877,1.3783142119112481,1.9059606463773462,3.6747277365943427,3.0780535724276232,4.0464234067279765,1.0126114572422034,0.9032810480273709,1.0977779548758484,1.0956121721173473,1.2495628754540096,1.291404629764775,2.7606160501848285,2.1728019336290756,2.631574228281327,1.9721132654173663,1.8933656552317037,1.9890222394880976,4.351439318147726,3.3848992423865765,4.113928903294633,3.836750204911784,4.607300910658079,4.6446855162106555,0.4068665158371041,0.37240609689711485,0.3046753246753247,0.6193891402714932,0.7219913891225813,0.7862337662337662,0.1304185520361991,0.31519819864403426,0.3524675324675325,0.1739762443438914,0.07581382689167121,0.1025974025974026,0.06379524886877828,0.05117929430395408,0.10038961038961039,10.508314037754525,8.188103132577819,10.533765916700487,10.20610881822681,10.314148562379373,11.809090750558036,78,3,0,1025,0,0,0,0,0,0,21.88
2020-03-08,1.337746970038061,1.0036929772458996,1.5397654856216112,1.7555515259793637,2.2522275471667665,2.126678771536025,1.733467436115416,1.357181547982522,2.026357173346574,3.8135749919683177,2.9952640485551383,3.906711534031586,0.9008079689456054,0.9127562959370731,1.0240678688798805,1.1216713565521717,1.2461794411535054,1.4440202279665766,2.7714930005025322,2.183263455490169,2.488120815854195,1.9420257516200474,1.8952534996639248,1.9235916624181788,4.267365027808253,3.397480808727424,4.106157987196954,3.8970124162260737,4.509334390880101,4.722115581496512,0.3677347805568665,0.3906755608854245,0.34927927927927926,0.6574752241623407,0.7183660620596612,0.7268468468468469,0.15200566304860785,0.29630989856593215,0.22585585585585585,0.1753657385559226,0.08031029830610104,0.13315315315315315,0.06205757432751298,0.05084195273072503,0.0518018018018018,10.001273817248702,8.385309704941788,10.263062623170045,10.49226031589193,10.174616186978463,12.017117337063626,130,3,0,1025,0,0,0,0,0,0,21.88
2020-03-09,1.4252352733780151,0.994396965213569,1.3064553142628388,1.65294325643269,2.266497976794375,2.791539028268172,1.8702419413417093,1.4052197881549546,2.3039583756372166,3.750474985890788,2.992003608053505,4.710737929799928,0.9824320375908564,0.9251534169245229,1.2200139664963847,1.0907813064419942,1.1931050898603992,1.4234687752083683,2.6777647971177467,2.184294912501004,2.339056316543322,1.9651839428405895,1.8872030104310824,1.9589766812219553,4.199173161016579,3.3779363352135405,3.60914625690047,3.891310350884288,4.54514913747855,5.608864207628897,0.38940507436570426,0.3960295070717853,0.3535294117647059,0.6171522309711286,0.7425843467652777,0.9179738562091503,0.13959755030621174,0.31416644428348134,0.3807843137254902,0.1695188101487314,0.0815012771148641,0.07267973856209149,0.05928696412948382,0.05463764248408372,0.07013071895424837,10.369947164807524,8.29696554172544,10.2869282641442,10.580008919783465,10.19784558346994,13.237908656301062,146,5,0,1025,0,0,0,0,0,0,21.88
2020-03-10,1.425249261240418,1.0084615870252187,0.9469193836888967,1.8830509441529417,2.230390259637742,2.426743010771702,1.919237070536637,1.327709706060267,2.104282326284497,3.794365184380669,2.916674348313017,4.797152067047335,1.0528986247369905,0.9100355468157528,0.9736763171138347,1.1861054210037991,1.198831802284558,1.5056788226607045,2.6971388114935446,2.2110991365240116,2.076125462091893,2.04155287399809,1.8777612273082704,1.790465504969463,4.312628346081607,3.394294144403898,3.3907662977593707,4.132562181529609,4.415682391948886,4.830130051877919,0.41452671434581406,0.40785385483035086,0.26848314606741575,0.6463862010938157,0.7240819437246594,0.5955056179775281,0.13212873369793857,0.28958967167637106,0.24415730337078653,0.18492217080353388,0.08272718958631832,0.07775280898876405,0.07329827513672696,0.05143310063103985,0.060056179775280896,10.531594282446362,8.323336470749627,9.175280624561095,10.682330833245688,9.984297358473311,12.744944368855338,212,4,0,1025,0,0,0,0,0,0,22.66
2020-03-11,1.4508385315694659,1.0331232347227557,1.23696192953948,2.008229472078784,2.3606509170756875,2.410364247041965,1.9996194020642777,1.335097679045787,1.8245616135813483,3.833584764580909,2.981109723401745,4.211360365544822,1.1062619091213157,0.9324779185491744,1.0231840831810728,1.1668852352413224,1.185397857506805,1.3079135385210485,2.7010621311905383,2.231418409531538,2.456301050546267,2.187077404440971,1.9232176098998421,2.055999151501472,4.38931283653039,3.441033945655099,3.6118155370660268,4.059404947687133,4.498880358479391,4.8937132517886885,0.41850767085076707,0.4156007951886056,0.4146718146718147,0.6693305439330545,0.7006356476005938,0.7724710424710425,0.13736680613668062,0.26739047283525,0.27413127413127414,0.17682845188284518,0.08563048894033569,0.10926640926640925,0.06893723849372385,0.06272226276453861,0.10957528957528959,10.774505317294281,8.419650720954227,9.768726245777026,10.82223239191074,9.806688643398173,12.443242489140927,390,4,0,1025,0,0,0,0,0,0,23.44
2020-03-12,1.3661829019650176,1.0431298380901852,1.1703488151260075,1.8385735885714047,2.3647196128783468,2.5780296804674716,1.8728428966694648,1.3373256242443283,2.0957092839468667,3.8229597277305727,2.913180195672359,4.903725672113596,0.9549256007126731,0.9162185718178233,1.0228195495157044,1.1977614748094005,1.1908995752943579,1.1929726456033374,2.5196467958640785,2.221380906466536,2.422081486915846,1.9489342019826639,1.9022107731779079,2.1370410107568634,4.013332201833546,3.3817798608865375,3.743550880437191,4.031814965297446,4.519753719718903,5.1210516589026795,0.3997221034630184,0.43160135263257693,0.3860179640718563,0.6601282599401453,0.7081039441248973,0.8972754491017964,0.1502650705429671,0.2543178370520195,0.4482634730538922,0.16722103463018384,0.08810805258833196,0.09922155688622755,0.062355707567336466,0.06498198596801719,0.0368562874251497,10.301496031958102,8.570248799064535,9.528742807354043,10.725138781263361,9.94584729157449,12.248802687593562,497,7,0,1025,0,0,0,0,0,0,28.13
2020-03-13,1.33362540308796,1.0735252758333864,1.1061167353670356,1.8368143530321681,2.3596408759939083,2.8125482313725274,1.8162253228208258,1.335636604989887,1.9678244449422937,3.9828734166935105,2.8858239854362626,4.825734922884037,0.9446164218709967,0.927866251261426,1.0064002046163971,1.2122077053770248,1.1907224021768774,1.5171427639576993,2.4554645716678376,2.2970622310799316,2.181249916156447,1.8858934780677397,1.9093092280979072,1.808745141312566,3.9589610701835287,3.466252342342216,3.4726704626316347,4.165538425195811,4.470037475257904,5.305413969719628,0.4294565217391304,0.4518784078945301,0.3679151943462898,0.65125,0.7024447272898694,0.8575265017667845,0.14657608695652175,0.25354138185703734,0.3404946996466431,0.19850241545893718,0.0934827699995286,0.14742049469964663,0.06036835748792271,0.06407611684658777,0.06353356890459363,10.407548545063406,8.754838817391851,9.043110230786219,11.056642983846618,9.774554518455664,13.162897871576854,525,12,0,1025,0,0,0,0,0,0,28.13
2020-03-14,1.4536206438050578,1.1098006979574733,1.3363625004118687,1.8544043998791542,2.312084897806314,2.610292834133912,1.828651808792129,1.3077389476926193,1.8532439186636969,3.696272801562828,2.8235006315517936,4.298652047376096,1.0460406027541107,0.9265777087929455,1.0043244860966378,1.2163306091484323,1.187595303235399,1.4186548015429585,2.564388770472566,2.2995865468175523,2.302991871274816,2.0211242281325084,1.9233959174820865,2.183234368787723,4.140196068663046,3.536483488305855,3.9852963581513223,4.08913794431415,4.4092260311389255,5.0677778266355915,0.40895209580838326,0.4506825116116369,0.3970149253731344,0.6446631736526945,0.6740004275414424,0.83,0.15789670658682634,0.2369228676370562,0.3230348258706468,0.16699850299401198,0.09224945099792059,0.14671641791044776,0.07551646706586826,0.06104553316361233,0.08343283582089554,10.299924564932635,8.800983709699361,10.196019414645523,10.923353001029191,9.491128515070836,12.106468390469526,727,7,0,1025,0,0,0,0,0,0,31.25
2020-03-15,1.3540791354883661,1.1027157282821736,1.1923887835965759,1.8511865823741998,2.318404870029183,2.4390908998881775,1.827134715126813,1.2915027957353586,2.0626302363254023,3.7211326606816852,2.8213301908854898,4.579361039932349,1.0424435336127604,0.8888361626071478,1.2014646889511835,1.1849879094335583,1.1465363126706087,1.1373145929274378,2.5794976035714132,2.265059142910268,2.4365827980273433,2.005238907599173,1.9387627840967712,2.0323391161400304,4.157612912259402,3.545689250890465,3.6570802223289003,4.075730186839204,4.3535409398440725,5.015374631515131,0.42526278409090906,0.44255224738020243,0.50900826446281,0.6406605113636363,0.6809233176838811,0.7159504132231405,0.16223011363636364,0.24075434321824055,0.326198347107438,0.16514204545454547,0.08904439293991799,0.13954545454545456,0.0637002840909091,0.06313682375547236,0.04045454545454545,10.560298572887074,8.813832803430994,10.185536786544422,10.817258661443537,9.416360858540838,11.609917758910123,968,11,0,1025,0,0,0,0,0,0,34.38
2020-03-16,1.4304940102999526,1.1265156195024693,1.2115247205347692,1.7719324812522115,2.35435450188095,2.506322509131714,1.832593286987581,1.3127817468319127,1.869073513722431,3.8747437363705477,2.8449058807501517,4.448036161271719,1.0323756874096477,0.9053838521941636,1.1000075295002998,1.1817114096384098,1.1195974252212213,1.321474385151496,2.621953934714784,2.2898707318670155,2.5408631571222657,2.0528408211432696,1.9884993740879775,2.068253386195886,4.19783171825221,3.55709549814998,3.8147721440178204,4.002671563293331,4.333452865036577,5.083958441569644,0.4735354629128316,0.46857816429170157,0.4564685314685315,0.6065619924201409,0.6744366443140543,0.6817482517482518,0.12533297238765567,0.23221605196982395,0.20702797202797205,0.1764970221981592,0.0920894453758033,0.13493006993006995,0.04996210070384407,0.07179030455434479,0.052832167832167834,10.774120617893882,8.888458499231628,9.376574109484265,10.491500152273957,9.366850246227997,11.91958041958042,1219,13,0,1025,0,0,0,0,0,0,40.62
2020-03-17,1.3395680292080323,1.1526052390407786,1.1449926702257318,1.8139792480282817,2.402177553227086,2.5929047574082698,1.9379369452877788,1.3370606800507587,1.928271238644847,3.8784559500679245,2.854793355277656,4.35007954111575,0.935250403016004,0.9165542712254938,0.9518137750571146,1.3071564162674296,1.1185757368845801,1.174701676916916,2.5162780916928407,2.3228842348338836,2.4370653578236743,1.9406676481104899,1.9889488544018576,1.8907133146121973,4.032460268974288,3.5898521934711787,3.7533035165319784,4.292962563258799,4.365870546667635,5.06459920988263,0.3963465282284231,0.46547016198503455,0.3953358208955224,0.6159052563270604,0.6630716348833674,0.8402611940298508,0.14334198572355614,0.21417799773660118,0.3593283582089552,0.14892926670992862,0.09279343952164586,0.12936567164179105,0.06584685269305646,0.07257385605459184,0.08574626865671642,10.44218065582414,8.857526223333277,9.991417728253264,11.148215698004542,9.363464478151444,11.551492719507928,2135,18,0,1025,0,0,0,0,0,0,42.19
2020-03-18,1.469080579140104,1.1567042744856713,1.2748734712022936,1.8457377313441579,2.405964229016968,2.610098755554608,1.8255239605118938,1.3566962411046413,1.9411272915516946,3.7602424513511856,2.835206561521968,4.439648971215462,1.0916704323277762,0.9181041438622961,1.0654656395091395,1.1858506697179652,1.1109505682033005,1.3407620982006414,2.5862972097173973,2.3354390704679404,2.3678392667916226,2.0966847976234493,1.9934758589530954,2.0732737061518622,4.259636587612825,3.630976462267044,3.945999502021938,4.029103998928919,4.341221018743002,5.130081463620373,0.4199001576458224,0.47000378173108737,0.41381097560975616,0.6112821860220704,0.6486480311362527,0.6511280487804878,0.14900683131897005,0.20952066558467142,0.2028658536585366,0.14545454545454545,0.09620093597844415,0.09698170731707317,0.06229111928533893,0.07139309518932291,0.05048780487804878,11.032475449947452,8.964024313379449,8.816767994950457,10.371781397792958,9.292377054346627,12.015549078220275,2369,21,0,1025,0,0,0,0,0,0,42.19
2020-03-19,1.412940933613878,1.1565361467355872,1.3456187357273695,1.887485722050165,2.3384917990721994,2.5090059509814515,1.816664268034273,1.3397099814996387,1.6565044772523645,3.868903201284799,2.7717688558380784,4.132368021059666,1.08213321988318,0.9018534989889523,1.1097243678885036,1.2451185668338378,1.0965457608218003,1.1890704503109104,2.5569524643685524,2.3192081706914434,2.449624517115156,2.0230743287027284,1.99068711959328,2.0827608530243125,4.096398279168957,3.6175090460416435,3.865180119597139,4.1579237144907255,4.295061332573977,4.727948883004168,0.40131578947368424,0.4739918597863983,0.5357966101694915,0.6252397660818714,0.6520861663695593,0.5703728813559322,0.11573684210526315,0.2030820804871508,0.15766101694915255,0.1485730994152047,0.0995606493240152,0.10538983050847457,0.06885380116959064,0.0730434302481503,0.11444067796610169,10.350116502192982,8.957958005332156,10.104068458686442,10.85,9.298265471927307,11.58915270789195,3229,28,0,1025,0,0,0,0,0,0,48.96
2020-03-20,1.3886984119475745,1.1736986532480742,1.4953282276239779,1.7805992904139367,2.386863843724649,2.7130608853747193,1.8643662565866228,1.3277719180859064,1.9804831601105002,3.8256851157890552,2.8152557565702807,4.149350204650544,0.9914535435066584,0.8888426400054421,1.172202400196769,1.2500317860026895,1.0912750420000539,1.454943963961088,2.466609019090909,2.3169984373643593,2.644271400326257,1.9896564888166723,1.9915063288678303,2.2091705049499155,4.040374589949856,3.6538061936145705,3.8805989463489197,4.049765685415323,4.300215830138424,4.9565221485925965,0.38769616026711184,0.46998500560316936,0.47626811594202895,0.6114774624373956,0.66682323973673,0.9073550724637681,0.13187813021702838,0.2059601938223085,0.24778985507246376,0.19156093489148582,0.09788152848146218,0.1676449275362319,0.07631886477462436,0.08137080354183436,0.09851449275362319,10.500917870930717,8.927106515460013,9.662319017493207,10.583305346149833,9.3233314787632,11.890941675158514,4862,64,0,1025,0,0,0,0,0,0,48.96
2020-03-21,1.4430887558167873,1.2155140777018896,1.187463103675001,1.8223337872104663,2.4125166512608214,2.7961804297423964,1.7939651732100215,1.3487445911448375,1.8160826195341255,3.9774166507531232,2.8572847317507093,4.73177051316276,1.0281576446836116,0.9238716801891758,1.0740488309968195,1.2121503867371148,1.1102789562547442,1.2221649760014701,2.588789816033032,2.3468415885443807,2.305366206004388,2.040741062340609,2.0059042171346473,2.0300733779027764,4.213182936815139,3.6942474948923567,3.660568717053008,4.152717727280564,4.347436810155135,5.22083670750623,0.4505059021922428,0.49895313482910464,0.3851639344262295,0.5982630691399663,0.6676902914657161,0.7013934426229509,0.13973861720067454,0.20365170895365906,0.26504098360655737,0.1530185497470489,0.09874973789054309,0.07459016393442623,0.047436762225969646,0.07815737051792829,0.1194672131147541,10.609022581155143,9.138437478157545,9.344262295081966,11.095109447459949,9.372335220521423,12.77417992763832,6113,69,0,1025,0,0,0,0,0,0,52.08
2020-03-22,1.3431934346722931,1.1864342356233109,1.058499643946461,1.701231145336567,2.4252389379646204,2.8919787919398128,1.6834722567918463,1.3715259741578374,1.8395115001931137,3.7311468973733457,2.8780841807308515,4.873621467162229,0.9526403682416613,0.8969722055834055,1.023359685831997,1.18899079811598,1.1140627370130174,1.2866514798799296,2.5817574573918534,2.331627446119937,2.194196129570689,1.9642993497680938,1.9904902467273167,1.9766326021802538,4.087031243602309,3.6585482818776898,3.5874544865860725,3.9615192793875793,4.38732846043366,5.047515809815965,0.39201201201201197,0.4737062435491489,0.36945762711864405,0.6370795795795795,0.6572426219757536,0.706406779661017,0.13588588588588588,0.20054563266448577,0.18671186440677964,0.18793543543543545,0.10381453037804175,0.18694915254237288,0.07246996996996997,0.07594755348739568,0.06922033898305086,10.1620873803491,9.02770312527334,9.087457792637712,10.802177177177176,9.447142382310236,12.218983381885593,7559,92,0,1025,0,0,0,0,0,0,52.08
2020-03-23,1.332377787597906,1.1812664537021165,1.3799759405656733,1.8645195438169977,2.397727065240889,2.7907671406719485,1.8950908679476244,1.3790963201972846,1.8480678635547674,3.7633706323157288,2.815545235436954,4.771129772374384,1.0299785691808225,0.9024215496961833,1.0795688390296463,1.3653818525884918,1.1027746200111033,1.299877109024671,2.592505869625125,2.3397457201382807,2.43950549698496,1.9835853729134327,1.9795307759107275,2.3421525418568834,4.02130106327225,3.66409605243737,3.9326653789226684,4.057743283145732,4.30527580320932,5.355282767255312,0.4452813203300825,0.4673217654329018,0.44308016877637135,0.622093023255814,0.6540132049697522,0.7628691983122362,0.12348087021755438,0.19115787419501723,0.18978902953586496,0.16408852213053263,0.10402865413387108,0.1772573839662447,0.06897224306076519,0.08154507903467118,0.052447257383966245,10.492947944017255,8.987144669225264,9.512658227848101,10.763616197018004,9.391072212645547,12.016877637130802,9110,112,0,1025,0,0,0,0,0,0,52.08
2020-03-24,1.4367049316954816,1.191812682016824,1.1897922674815908,1.9190907088611917,2.379268629518844,2.487802275185058,1.8650745693198472,1.3609688402240014,2.0594015518297653,3.865864114325296,2.772478019540547,4.386655319049541,1.017309303623788,0.9062197345164655,0.9957548916850683,1.3306832374253723,1.0936752432353825,1.2720161890382733,2.5753976823459515,2.396024546641714,2.279226095284122,1.9579221341945892,1.9829944605293657,2.0993322548925852,3.9845960488905194,3.686641198506846,3.594757287111576,4.138415620815782,4.243815664498212,4.737131387219602,0.4428872180451128,0.4517737945199085,0.30421232876712334,0.5835263157894737,0.6286013474614511,0.6187328767123288,0.0889172932330827,0.18690550654281224,0.15958904109589042,0.16410526315789473,0.09416421602950101,0.1377054794520548,0.06409022556390978,0.07864460315237518,0.07643835616438356,10.276466312265038,8.959935972241672,8.807191613602312,11.428044965930452,9.274631820940112,11.730479619274401,10765,118,0,1025,0,0,0,0,0,0,52.08
2020-03-25,1.3109999934485104,1.20751479387256,1.2764600121454432,1.7942946418751986,2.3804207379898976,2.7623043916984096,1.874014420410592,1.3747441183705802,1.7189294633616545,3.819123870352515,2.78756233245731,4.43332706626588,0.9644191767410376,0.9135135793363682,1.1046721940919582,1.2362179653033387,1.1019623860401604,1.2441125404950382,2.530888428315096,2.392162513912959,2.441121457539332,1.8503602914370203,2.0061114539500693,2.1056365466523292,4.012040293578746,3.7132242044238426,3.936763603566523,4.025621938809891,4.265516965935361,4.920296434636412,0.3855334394904459,0.47386504266267176,0.38927203065134103,0.587858280254777,0.6267271868690159,0.569463601532567,0.11337579617834395,0.17618771575587833,0.15180076628352493,0.17119426751592356,0.0983664430404481,0.10727969348659004,0.05446656050955414,0.07971666775223084,0.06827586206896552,10.138455725019904,9.09262033478799,9.521072796934867,10.72818440236863,9.233914992183937,11.05862087673611,10754,164,0,1025,0,0,0,0,0,0,52.08
2020-03-26,1.3593761550184023,1.1740778243384666,1.392041256376227,1.8228793657370403,2.4242894908494805,2.719567526337079,1.8608974491015,1.4023479567958337,1.8292213066991396,3.7783752060406997,2.8322487102306466,4.522104084026972,1.0128230367530242,0.9181742023861665,1.185784236480492,1.2219639269900309,1.1120860096320515,1.3139626848733283,2.6201726060399393,2.3676147427030956,2.574528949338821,1.8638443991980502,1.9832746653641207,2.1514327749059596,3.979301092073823,3.672149616569448,3.8190933298488643,3.9796037464749467,4.323570273787387,4.998349346496623,0.4563132530120482,0.4738254376104063,0.4228623188405797,0.6065140562248996,0.6282672233820459,0.5760144927536232,0.11609638554216867,0.17988132326963224,0.14340579710144927,0.14061044176706827,0.10171141801830737,0.10902173913043478,0.06820080321285141,0.07839521438895135,0.06007246376811594,10.378955666415663,8.935982415288262,9.073188228883605,10.799437594126506,9.326574795246508,12.22463768115942,11332,209,0,1025,0,0,0,0,0,0,52.08
2020-03-27,1.3284758848281755,1.1932322072073924,1.2764585177561742,1.6933048693009656,2.4051712113673305,2.432523350501323,1.7735269935713192,1.393555078604634,1.8722245090304916,3.7767597463764955,2.8203296678386214,4.245791942358165,0.9100167643012,0.9122796075845337,1.1074921783558658,1.2723758327914567,1.114476588439463,1.308123685554058,2.5876066164456724,2.4173326291319857,2.5958930662827546,1.8920829531177137,1.9918932759104158,2.0722704197690125,4.034842631574187,3.7005865778080094,3.8379217086092923,4.014973917752566,4.311337854819251,4.768336118500993,0.4738326693227091,0.47432936351447275,0.371900826446281,0.6429482071713147,0.6176406656676394,0.5592561983471075,0.12450996015936254,0.1737892578279044,0.088099173553719,0.201601593625498,0.10166574650997713,0.14446280991735538,0.06172111553784861,0.07554680968530642,0.052851239669421485,10.739123194721115,9.022448536950863,9.410330780281509,10.654740413346614,9.363257157504535,11.176032452543906,14115,301,0,1025,0,0,0,1,0,0,59.9
2020-03-28,1.3138262991278142,1.197969615821784,1.2320710247309987,1.7822592185504362,2.414427801861872,2.850222038485639,1.7721628822974056,1.3797954902071814,1.9455973185727644,3.700016353289408,2.821527273715933,4.175375950131624,0.9140079977160358,0.9055899910433607,1.0286343641482039,1.279085559127691,1.0958833835234276,1.3522781366731664,2.5714619581321183,2.3976764141870497,2.494848853920015,1.823396660262565,1.9914946603542512,1.9389786703542677,3.9920215592848773,3.7466019141134774,4.014868537051408,4.030019647932912,4.298697066655522,5.1111741395750805,0.3741059027777778,0.4759543675417661,0.39251082251082253,0.6807986111111111,0.6292148926014319,0.6898268398268398,0.14742187499999998,0.17332945107398567,0.1474891774891775,0.2291059027777778,0.10984935560859188,0.14363636363636365,0.07747395833333333,0.07956964200477327,0.08207792207792208,10.59982638888889,9.061565632458233,9.910822088068182,10.38342030843099,9.351054892601432,12.773592862215908,18474,341,0,1025,0,0,0,1,0,0,59.9
2020-03-29,1.3410977965219535,1.1902108503075852,1.3298253635596755,1.9051920399071989,2.423707975037056,2.4110546419848085,1.9375979240623744,1.3877453407337832,1.9278262585328358,3.8343469334530487,2.857303507035081,4.032203094045457,0.870863986317676,0.8965612985378555,1.054606232013083,1.3264802398265434,1.1028478915430655,1.2910771590848702,2.4168930773292066,2.385261974608638,2.500274435623034,1.8751418469446546,1.9876390719256287,2.0400365433010803,4.023179743104176,3.6949208572510566,3.859082795648935,4.066173587545584,4.288066419406863,4.774339502421442,0.4232755298651252,0.4715851630384005,0.3558149779735683,0.6929094412331406,0.6245355507801552,0.5044052863436124,0.1455684007707129,0.17481005325609644,0.08343612334801762,0.20273603082851638,0.10953246753246754,0.16859030837004405,0.07394990366088633,0.07564551994767822,0.038061674008810574,10.54961464354528,9.05738811548164,9.301322231208701,10.862426993015415,9.276518849855181,11.094713656387665,20344,487,0,1025,0,0,0,0,0,0,59.9
2020-03-30,1.2652554235232836,1.2022995067730091,1.2394749860173169,1.7272372553087094,2.4097300758992235,2.1978144043856807,1.7027051182257456,1.387493220136365,1.6551381933700093,3.4490146941935627,2.7994399080442816,3.8486932569751517,0.8343510006275847,0.8977963641450458,0.8733121571055713,1.0961512720062552,1.102361200832759,1.2188448266550873,2.5251480701492137,2.394795717387601,2.6549805573388157,1.7369351503577302,2.0107174411998323,1.8661060428744185,4.02402247380275,3.741877512569755,4.01286577511399,3.7987815555944717,4.234333522543136,4.541195193876872,0.37156917363045494,0.4924889571730363,0.426812749003984,0.6586258124419684,0.6218579883722961,0.6527091633466136,0.12493964716805943,0.17055694257729978,0.15641434262948206,0.21579387186629526,0.10387677427239556,0.12418326693227091,0.06811513463324048,0.07937636398554393,0.0950597609561753,9.936675770369082,9.063575366202839,9.637450199203187,10.434355414345404,9.220561918396564,11.141434262948207,20673,556,0,1025,0,0,0,0,0,0,59.9
2020-03-31,1.3001817845224444,1.1992019535867458,1.111522258942018,1.8539369926390825,2.3695863178294783,2.779989843763325,1.8468779792000503,1.3639414927073865,2.1311672125352903,3.7984355941537,2.775563931499936,4.518196352369308,0.9362118139173146,0.8943977096722794,1.0715462677949517,1.1946420626875105,1.0846341875399768,1.3994542251769868,2.508096001154739,2.4024597787399404,2.3436612206676686,1.909462337042277,2.025851315391367,1.90913094317235,3.9957322260884527,3.75173170034682,3.5043326706965483,4.061833703420332,4.20343574053342,5.393038299524334,0.3942192429022082,0.4919788519637462,0.3738306451612903,0.6776656151419558,0.6096847575888361,0.8384677419354839,0.1252602523659306,0.16249136814846785,0.23616935483870968,0.18888801261829652,0.10542242123435477,0.14189516129032256,0.07367507886435332,0.0790143504531722,0.07979838709677418,10.214905362776026,9.174917502877284,9.143548780871976,10.545268446865142,9.145392749244714,12.334677419354838,26161,665,0,1025,0,0,0,0,0,0,59.9
2020-04-01,1.2743997545301657,1.184372842331765,1.1852326410373129,1.704827055193227,2.3760667018207577,2.45624749379645,1.7708071943171337,1.3877348541046284,1.8044395287122497,3.6324393387316847,2.796238632020555,4.132786302444345,0.8829937064492195,0.8902909168552284,1.0059778296165582,1.2008032307234582,1.0905241878247938,1.1194490458187756,2.533037671226504,2.3948567822192053,2.494554358548858,1.8484819502471146,2.0072210795542795,1.9931591647167637,4.121394977004005,3.697140511376379,3.9632808114090325,3.8605617023423093,4.255852038999764,4.820726899376224,0.46596930533117925,0.48268440406662344,0.3875889328063241,0.5612358642972536,0.6126609705097699,0.7056521739130435,0.08439418416801293,0.16646802220780157,0.18478260869565216,0.19074313408723748,0.11077186531112554,0.13197628458498023,0.04122778675282714,0.07404805681736246,0.05063241106719367,10.272860081785137,9.019752347862138,9.052173720046937,10.107996926746768,9.283948238878073,11.541501976284586,15536,631,0,919,0,0,0,0,0,0,59.9
2020-04-02,1.3043704783184307,1.174781522161888,1.2511261288499693,1.668513433703322,2.4409616224258235,2.7595834179336913,1.6310458234893987,1.4066389704923565,1.8842887471375567,3.5262698680274895,2.853385408145022,4.148454347245374,0.8824148293090125,0.8871840972956262,1.0345712954912303,1.1430626663214445,1.1189783477201167,1.4389359671154478,2.5924373909070404,2.376567836028937,2.634819611136201,1.7755644540655247,1.9948175548161737,1.835157641659227,4.0491210535159565,3.7024363245373197,3.6699617978751173,3.790704695020929,4.324759656643478,5.088293976763842,0.42987912973408543,0.4694764640315528,0.3910507246376812,0.5749153908138598,0.6126228243162136,0.6640217391304348,0.11032232070910555,0.1541968618708737,0.1408695652173913,0.15883158742949235,0.11132092943496529,0.15416666666666665,0.06315874294923449,0.07973866072194118,0.07094202898550724,10.09266720386785,8.939281274114721,9.274999646173008,10.28074165239726,9.415851410443283,11.78804347826087,23260,982,0,919,0,0,0,0,0,0,59.9
2020-04-03,1.4362757805187727,1.1910496179715497,1.1394486747286858,1.6841689891292704,2.403157206626378,2.4517212248113953,1.882581317096548,1.3957247595128344,1.7979824142492555,3.5649003866549815,2.796058582297218,4.203615566019854,0.9273909075808149,0.9074797073254987,1.0954919291718166,1.2217317546587376,1.1171091535330975,1.2045783054892092,2.6308259085405292,2.389629300304833,2.331758103224668,1.9763513907815742,1.994113172252131,1.9417012857303786,4.270927167593523,3.7169021372957456,3.8021638663261657,3.8787758635540963,4.271943455102957,4.779295897931665,0.40474185861795076,0.489164095322769,0.39302681992337163,0.5968228752978554,0.6212947370256089,0.7067049808429118,0.11187450357426529,0.1575341247842686,0.18911877394636017,0.18592533756949958,0.1141525024841797,0.1779310344827586,0.0650833995234313,0.0836830361034116,0.07704980842911877,10.429706115965052,9.023126841343723,9.627202878053161,10.312231619837172,9.39767249795164,11.21302719408525,28674,1121,0,919,0,0,0,0,0,0,59.9
2020-04-04,1.3789543732558456,1.2105248026272228,1.246531239618309,1.64856201658527,2.419608267942958,2.4956915425973705,1.6541337985632758,1.4020504396027305,1.8499467351749599,3.5674227967664303,2.813298407792924,4.301186555663875,0.8926295846002688,0.9101023824736538,0.997855321690657,1.1011196069954703,1.101238378623229,1.2765716694695644,2.769198271078233,2.374392032275523,2.583593962521397,1.9102784406674533,2.022063303538802,2.1166977091122554,4.101024330543318,3.757957243386052,3.7905306990753456,3.865135520632227,4.310326101170902,4.966324794378759,0.39006958250497015,0.48634458695953847,0.4271356783919598,0.5848807157057654,0.6185823602878496,0.6331155778894472,0.11188866799204772,0.16223836805899727,0.1934673366834171,0.1670675944333996,0.1113603473227207,0.11512562814070351,0.056610337972167,0.08241064171441033,0.07361809045226131,10.303081899229623,9.070816936938723,9.751758671286119,10.140457062313619,9.297936532323613,11.553266822393216,29790,1311,0,919,0,0,0,0,0,0,64.58
2020-04-05,1.4477390285243052,1.2099047961806173,1.1623300694407548,1.742193869786605,2.403322973185585,2.527978260050974,1.7757879793403744,1.389848963914183,1.9808354663474217,3.553707082635971,2.8082581458194187,4.054290860262504,0.9861413312269844,0.9036079183731415,1.0051158375159495,1.218417940691371,1.0893367337754838,1.5338787596379486,2.7170780768311653,2.4117925669942606,2.3635566746292658,1.94068366757142,2.031244383386331,1.9707547392220441,4.274341971912484,3.713255800160363,3.7544732632209086,4.002705583850525,4.246492575775909,4.94152124301775,0.44320501342882723,0.49417334349446973,0.41595348837209306,0.7261683079677708,0.6052791909538423,0.7653953488372093,0.14698299015219338,0.15971658668204566,0.1966511627906977,0.22593554162936438,0.10880270231303164,0.20930232558139536,0.06058191584601612,0.08016559906078144,0.0472093023255814,10.546732493565354,9.152521961442607,9.151162790697674,10.536078607598478,9.312380924182818,12.182790924781976,32057,1376,0,919,0,0,0,0,0,0,64.58
2020-04-06,1.363570113448258,1.1936669136296658,1.3423539280890062,1.7061187123173196,2.358861549039611,2.5890927546782248,1.646801719346082,1.381393244827747,1.9478632206301465,3.5644727671058853,2.7545066944716146,3.9539246387732687,0.8888513639739468,0.9030578649581695,1.0232891411069434,1.1188684018248336,1.0851627417066083,1.3707030710631627,2.604447387269896,2.4026895580817738,2.523771150805303,1.784591193558765,1.999510578491754,2.1884918881828446,4.230941402017203,3.7174755468473046,4.050702177018279,3.7119189526334213,4.19833357795617,4.926428387717897,0.46463546354635465,0.49525944584382864,0.433302752293578,0.5977047704770476,0.6068134220942786,0.5572018348623853,0.10900090009000901,0.15612522490104355,0.12655963302752296,0.16333033303330333,0.10820223101835193,0.16399082568807338,0.062313231323132316,0.07820744872256206,0.035871559633027524,10.294779477947795,9.043893374415257,9.932109867760895,10.267506047479747,9.257893464375675,11.35688095792718,32134,1540,0,919,0,0,0,0,0,0,64.58
2020-04-07,1.3637235166950123,1.2325376346704044,1.2397331860223424,1.746060632989292,2.364330939675166,2.4618707317977173,1.844911859433316,1.3871885728209092,1.8598059322273963,3.586870642325061,2.715303834511305,3.8675718716111764,0.9635311371243573,0.9140994960338535,0.9042739818235639,1.183995709168018,1.055491229275085,1.3609766504477543,2.5159229036474526,2.4236307456494606,2.6027148148417973,1.9131219150810046,2.06313584445537,2.084068256288015,4.254482909907756,3.7719313169247894,3.950864265271943,3.912872477997531,4.162489249858901,4.775705717743339,0.4356925996204934,0.5145180127059003,0.3805113636363636,0.6528557874762808,0.6023587704949215,0.5892045454545455,0.11596774193548387,0.15929889298892988,0.1130681818181818,0.21471537001897534,0.1088922280975387,0.13352272727272727,0.06289373814041745,0.0763449613877582,0.07420454545454545,10.459582913306452,9.190605741431126,9.9164775501598,10.83387133835389,9.062101157416214,11.559659090909092,26984,1873,0,919,0,0,0,1,0,0,64.58
2020-04-08,1.477976058504644,1.2332378458781719,1.4588855548724764,1.8532112670702314,2.4479026059655715,2.709897989825288,1.9783325737128545,1.4493687001753197,2.055663213566034,3.6217517963087382,2.7585009944468553,4.215865528303371,1.080177752568313,0.9752381330361966,1.066295762395727,1.1421757108411361,1.0918142942158249,1.3500921928587384,2.7909922572901835,2.422157655450281,2.9293827711497378,2.071030666982285,2.054827304064098,2.0752840387996176,4.501006867935977,3.7658337177166454,4.391504147423701,3.9382653556345293,4.254288449657426,5.02891251374958,0.40590139442231077,0.48399159663865543,0.35436567164179106,0.5288346613545817,0.5909059641555737,0.6494029850746268,0.08544322709163346,0.14751840559232543,0.16373134328358208,0.17383466135458167,0.10593961478396668,0.11764925373134329,0.05695219123505976,0.07963876701122928,0.08488805970149253,11.021613740351096,9.119931490295233,9.813432835820896,10.26200179749751,9.169430216776977,11.462313068446829,28629,1691,0,919,0,0,0,1,0,0,64.58
2020-04-09,1.4843986902489843,1.2439051327384518,1.370609392817889,1.9212870786225227,2.4070036066601634,2.7331707516835975,1.9894108973368887,1.3940691779755778,1.8653810129960275,3.6653236094785586,2.7235692820320825,4.183930598672537,1.0982636597517856,0.9393517028431956,1.0334802479401517,1.2464354365609496,1.0708528646584525,1.294299649479829,2.757014787161429,2.400803376237511,2.5435559865081325,2.197450030029172,2.07238253331015,2.074735788202444,4.461027711361535,3.7594578009838364,4.056085753576739,4.044123618959445,4.192978354918291,4.836011549766828,0.4301511627906977,0.5010857795365503,0.3832295719844358,0.5908313953488372,0.5857116138050519,0.6022957198443579,0.11313372093023256,0.1492554092099305,0.1628793774319066,0.18071511627906975,0.10584844368318469,0.12941634241245134,0.06461046511627906,0.07773669600141751,0.08513618677042803,10.97133675508721,9.18119622782667,9.985991837913424,10.400290697674418,9.064333421928218,10.738521590770915,29355,2093,0,919,0,0,0,0,0,0,64.58
2020-04-10,1.4064868270443118,1.240333822669765,1.4148779139700063,1.7334333730842175,2.3727554103544684,2.393215593006042,1.840009124273926,1.3546990452195997,1.8588232432324105,3.493172641305997,2.7195458290423784,3.839683136794487,1.0433534559704272,0.9129858315757238,1.1149050657789514,1.1418333867696484,1.038426160243939,1.1397708447138668,2.624213146701295,2.378524849299369,2.563251533900546,1.991938632202827,2.052529319538631,2.1126338147645223,4.22921183385179,3.730075402593351,3.7954105186518827,3.8838830041125405,4.1460122274040865,4.398880836003315,0.37901018922852986,0.5147098797699948,0.3315591397849462,0.5224163027656477,0.5893766335598536,0.7090860215053763,0.09636098981077147,0.14534391880118488,0.1713440860215054,0.17393740902474528,0.10991331242376721,0.0989247311827957,0.05165211062590975,0.08054081721554278,0.12096774193548387,10.78391529066594,9.186668245774525,9.008602675571236,10.082168423626273,9.056680443021433,11.390323105678764,34148,2221,0,919,0,0,0,0,0,0,64.58
2020-04-11,1.3226237844054243,1.2331383063554837,1.1839737466786093,1.8432428026244438,2.392923547922985,2.4285522387543494,1.8750308576583574,1.3781340903632995,1.6952380089801122,3.719421003702706,2.774441455254938,4.273861510674892,0.9255310938403727,0.9112709055203697,0.8843172918163519,1.2211701985923349,1.07122030223298,1.0670668979765363,2.6663410258115126,2.3780440508733256,2.3793285395507686,1.8473556953483405,2.035679641757138,1.98084502746562,4.152361824284875,3.719313137821611,3.7734941049411543,4.043770623060378,4.200408343148234,4.772169897398913,0.3479874213836478,0.4896827744120593,0.34457142857142853,0.5872248427672956,0.610026236702762,0.5943999999999999,0.10262578616352201,0.15632280685016456,0.15565714285714286,0.1889308176100629,0.11203883032008778,0.12319999999999999,0.0670125786163522,0.08511424891475457,0.0584,10.010062739534199,9.164782891284645,9.332571847098214,10.679245283018869,9.194628631398178,11.634857003348214,34743,2230,0,919,0,0,0,0,0,0,64.58
2020-04-12,1.3238959985673104,1.2377133895226258,1.3520343411170475,1.862959684263315,2.379404645463897,2.7126650860101935,1.8210714762805007,1.3830718589016406,1.9868454423300872,3.680632711205657,2.7444819906635205,4.209136725975805,0.9535117860315718,0.9064054223808133,1.0543455376458521,1.212667002403457,1.06051992854533,1.2870144783122652,2.62624355233741,2.376127373793242,2.535995901617803,1.9463968304201047,2.0368951701992186,1.9314928340958917,4.197443427214757,3.746552624280499,4.117483263842265,3.9338062327847734,4.220448300151213,4.839055965818167,0.41600500417014175,0.4973715273490555,0.41575581395348843,0.6357464553794829,0.6121953327571305,0.6968023255813954,0.11929941618015014,0.15680207433016422,0.22168604651162793,0.19054211843202667,0.11550808741819978,0.2091860465116279,0.052802335279399495,0.07899543153475738,0.06965116279069768,10.595246201261467,9.128981201382887,10.1180235396984,10.285488558173478,9.129287566366218,11.28837266079215,33179,2241,0,919,0,0,0,1,0,0,64.58
2020-04-13,1.3230947443090735,1.2229359110660034,1.165263789069448,1.7011248406112855,2.3706381392150706,2.452910214149763,1.7359590031597745,1.381446105510357,1.8083485005611755,3.4861835164500317,2.7179515894290143,3.718501032765879,0.9068797923490073,0.9014736408486217,0.9278376643389791,1.1120583049423833,1.0585082685585943,1.243580592200047,2.701266034068726,2.398500741282665,2.4931820364808086,1.9599791223315879,2.0403330535077484,1.7921371701337698,4.2237198598562316,3.75968776258872,3.9300653141978783,3.779560461357069,4.182532682140668,4.6310945789545,0.3763851937536148,0.49701353524524255,0.31766839378238343,0.6033198380566802,0.6145258197087465,0.7031088082901554,0.11473684210526315,0.15622710622710623,0.16321243523316062,0.19395604395604396,0.11540940766550523,0.12642487046632123,0.05659919028340081,0.08341351737693202,0.11373056994818652,10.70480023676981,9.121272084115072,8.723315935678432,10.22301886025159,9.057690213749664,11.723316568167098,31535,2192,0,919,0,0,0,1,0,0,64.58
2020-04-14,1.4247211232450243,1.2533772035943644,1.263909254224741,1.7300519830831373,2.356005272169659,2.282067439603443,1.8350913310493862,1.3816055869723256,1.7593517607956726,3.457716622633342,2.661249663514173,3.8412325242517564,0.993905014691779,0.9282861251344282,1.0734230145816146,1.1459000447914847,1.0214425570293368,1.247659128945849,2.715480962240696,2.4236898823319266,2.656151710087512,1.9309008698443433,2.051184421995946,1.9585826070902752,4.381059273766942,3.790961939608018,4.092167726681395,3.7633164883999357,4.126903052274925,4.461716927269892,0.42421080791867305,0.5040759482721335,0.3854782608695652,0.5447458533975388,0.6030580424722114,0.5946521739130435,0.11071161048689139,0.14993815146403702,0.1588695652173913,0.16122525414660246,0.11157389386272219,0.12865217391304348,0.04846976993044409,0.08163336360884045,0.05565217391304348,10.860459721107544,9.27542534384326,9.887391728940218,10.099465163523275,8.986244242247308,11.002609120244566,27094,1857,0,919,0,0,0,0,0,0,64.58
2020-04-15,1.3870934195539582,1.2230415999502953,1.2755472323883017,1.8868736288312575,2.4120152447517555,2.5534647637725607,1.9536147055399389,1.3978063585253235,1.8566335055080927,3.508921602374577,2.7362942623167235,4.163564924949729,1.0056529006894543,0.9264476632059666,1.1201846563787572,1.2600018760006526,1.0465359024653784,1.296195282020725,2.75630638993992,2.4298314749439704,2.6009156295462694,2.0459031536601566,2.0195699619384917,2.0147920584969268,4.432695973009095,3.7696153231553127,4.0671433262246275,3.9935947446759985,4.233521393388957,4.720430004176888,0.3337523931078494,0.4774467456167901,0.38043668122270746,0.6173005743458838,0.5810678589243815,0.7086899563318777,0.1089661774090619,0.13800949618489847,0.24165938864628822,0.19197830248883216,0.11562805993312027,0.08746724890829695,0.058596043395022335,0.07599054076523731,0.07558951965065501,10.719145112077218,9.013429642322686,9.44279433337882,10.244926486718251,9.215384073567721,12.059389072734715,25244,1905,0,919,0,0,0,0,0,0,64.58
2020-04-16,1.3201380184093028,1.217998250833042,1.27320883838281,1.6239669047728138,2.349911524571553,2.5086550786504094,1.679044975541629,1.361147493519794,1.8416489137976146,3.4327574457976295,2.6866001190445106,3.847474034560891,0.8745602656359163,0.9132363399688965,0.9610597989851005,1.0586147766273655,1.0169727415567231,1.2372911179378425,2.683334413825133,2.407869883191699,2.5981286263820813,1.8637520586217446,2.0016879568649757,2.043953960417932,4.150050645500772,3.753854733422668,4.01620519743998,3.6120063653332886,4.135893850816301,4.834703923399707,0.37975862068965516,0.49425900802043016,0.32990338164251204,0.5124965517241379,0.579330832768046,0.740048309178744,0.08971034482758619,0.14077590678743865,0.14362318840579708,0.18008275862068965,0.1166254339411835,0.18371980676328503,0.046337931034482756,0.07619448545548861,0.10115942028985508,10.632689924568966,9.116274415426359,9.697101685160025,9.703448275862069,9.049435627069949,11.19372027853261,25259,2432,0,919,0,0,0,0,0,0,64.58
2020-04-17,1.3169790147582001,1.22469016688288,1.1487128000439149,1.715584085364017,2.3125939130812894,2.309223613791133,1.793215600373331,1.3813255480827074,1.8275460776485846,3.4943379722923327,2.651169350302564,4.1774203699319985,0.9659205417615914,0.9212260983204017,1.080258963506017,1.1345459050162192,1.0455177205315733,1.0813411288839407,2.616387576832532,2.3802136198938837,2.6216415723219058,1.9392264459009954,2.026775798454187,2.0397564775047576,4.1806456917961965,3.730518442547624,3.8592411826689696,3.7799584658471237,4.127178042805749,4.598345451573495,0.39064743138634767,0.5069041608635098,0.44918781725888324,0.5691836734693877,0.577190764275766,0.5039086294416244,0.11231527093596058,0.14492796831476323,0.08436548223350254,0.16398311048557354,0.11190851323119777,0.10365482233502539,0.05989444053483462,0.07764602193593315,0.07934010152284264,10.081914419862773,9.154791956824512,9.719797202173224,10.198521892593245,9.032760407599234,10.668527670923224,25208,2731,0,919,0,0,0,0,0,0,64.58
2020-04-18,1.340044066426812,1.2510764070389144,1.3751051661220945,1.7526028888786727,2.322630827677204,2.565364849679718,1.7677957569141498,1.3538988949860429,2.1563907924307966,3.427891036482397,2.667247176209017,3.997823626492963,0.9426059597602259,0.9181022172445984,1.2000918183041762,1.189895967985986,1.038987108912538,1.365868940929877,2.5163616979544834,2.371920921734095,2.96280372870752,1.9308733213272595,2.004817144317766,2.269565669224466,4.112064224173386,3.7623977818258854,4.449543183596453,3.798455949963414,4.123883710853862,4.949352740290323,0.40463176574977816,0.5324653912709094,0.3711111111111111,0.6119698314108253,0.5895868582964814,0.6950000000000001,0.09293700088731145,0.15477504326091138,0.15820987654320987,0.1808784383318545,0.10674365506633339,0.14234567901234568,0.05368234250221828,0.07555806575658527,0.05141975308641975,10.211889800077639,9.32059715078831,9.651234567901234,10.410825199645075,9.062420387906172,11.96358009620949,31494,2445,0,919,0,0,0,0,0,0,64.58
2020-04-19,1.3584403184132094,1.2461083057712194,1.2432582034988573,1.665400978553182,2.368876176571802,2.4069470461964078,1.6376178147657807,1.384638968809257,1.9056748875636271,3.4990776660642395,2.7618601890802137,3.800368347236865,0.8810767790506762,0.9091114765751449,0.8309820654175781,1.11282707798583,1.0572466769649616,1.2472060349344523,2.5962330115796872,2.3699731929218313,2.76236905661084,1.8617697167181104,2.0425507890400763,1.8853974212982647,4.290942428540824,3.7300444915430973,3.9454199902877374,3.6745229686721723,4.187728208152196,4.718927257957088,0.4257962328767123,0.5245476162992034,0.3740909090909091,0.5878253424657535,0.6072942398707145,0.6749431818181818,0.09796232876712328,0.1546591250144292,0.10863636363636364,0.17773116438356165,0.11588872215167956,0.13585227272727274,0.05732020547945206,0.07644441879256608,0.09022727272727273,10.37910942182149,9.309283013967448,9.4636362249201,9.95171199432791,9.246598320443264,12.003976995294744,30316,2336,0,919,0,0,0,0,0,0,64.58
2020-04-20,1.404983519468661,1.223529321263524,1.176138649944423,1.5776989188624566,2.3922303696718834,2.0132464869234568,1.669768595409875,1.4177207741785591,1.8280049514526735,3.4396820305208378,2.7975855151767366,3.772822632537931,0.8826815417893615,0.9141695959909428,0.9664253182921484,1.1450591838555177,1.0685273558565265,1.1562058071212231,2.6186678290582295,2.3682001646364,2.6023545601277505,1.8538881869244126,2.0147091923421003,1.7998002695944255,4.163885449432867,3.7056740544045703,3.5361322768623826,3.7644900701074633,4.2575417136328815,4.215851121035964,0.3798575498575499,0.4878331202891523,0.2945128205128205,0.5624928774928775,0.6134903248556441,0.5754871794871795,0.09283475783475784,0.15319985013443824,0.10400000000000001,0.16143874643874645,0.1208284480098735,0.14676923076923076,0.07628917378917378,0.07818971216996519,0.08902564102564102,10.558119379896723,9.142621600476044,9.353846153846154,9.808547147658476,9.552295918367347,10.254872170472757,28281,1848,0,919,0,0,0,0,0,0,64.58
2020-04-21,1.41761701874786,1.1877526023483158,1.3213854845663688,1.6378165076463962,2.345239628334683,2.3348738176658026,1.641042027545573,1.3851310698320853,1.769389980640814,3.466648344960061,2.7144353861611505,3.917382156188831,0.8913036921840214,0.8850393424606695,0.9932259455676555,1.1290824751141224,1.0417096454750363,1.066830577346286,2.6895597813936103,2.3460441165369277,2.5819226319174122,1.9566115562104562,1.9859354159148959,2.1661144684127245,4.234450870442877,3.7019715653335674,4.060667092125456,3.7152711357100294,4.187425829530418,4.555543355531974,0.4017927170868347,0.4688176850471933,0.39655963302752295,0.6011624649859945,0.5838171450787274,0.71,0.12005602240896358,0.14114322123587983,0.18004587155963303,0.1877801120448179,0.1110764811335018,0.14454128440366973,0.06450980392156863,0.0776843992310849,0.09059633027522936,10.322688938856793,9.009315805956932,10.173852763044724,10.147759103641457,9.376831168059786,11.054128664349196,26070,1993,0,919,0,0,0,1,0,0,64.58
2020-04-22,1.37621683842446,1.1980696978269205,1.235053888057027,1.6089544975853034,2.332741951278226,2.5646848035729444,1.6516318910396024,1.373311308022831,1.8377959886880741,3.513516704716147,2.6966471373875955,4.466375723867651,0.8640894935495421,0.8963815417221328,1.0083635419534496,1.0586612549840948,1.0598083888408465,1.1757071183842918,2.719633595872843,2.3470103544133805,2.5357420644197384,1.9413090558173827,2.0042696630964087,2.0636451347768165,4.242622757923896,3.733475568977787,4.026280962614641,3.5962015691742706,4.178963009661646,4.901201101889442,0.4484969829950631,0.4845844060701204,0.3604024767801857,0.5995995611629182,0.5960728414442701,0.7452012383900929,0.1401535929786067,0.14517718472004187,0.1931578947368421,0.16527153044432255,0.1109084249084249,0.15492260061919508,0.06078990674712013,0.07147294610151753,0.13962848297213623,10.507844641387821,9.00968079539508,9.44210541432856,9.961162489714756,9.263235871271586,11.701238390092879,26428,2077,0,919,0,0,0,1,0,0,64.58
2020-04-23,1.4182003111813501,1.222718181619523,1.0680155345012434,1.6542775742387197,2.3255894547561433,2.4528838558535675,1.669064156632887,1.3704919598564214,2.0476777755060462,3.4754040391317558,2.669906037118186,4.196097651872526,0.9673752605767796,0.8928615047765646,0.8642139598566667,1.0863210392967009,1.0426199395364855,1.3216920536804162,2.711543656501177,2.346595075123785,2.3985676920637182,1.951284029648933,2.02913876713572,1.8183844978152195,4.310308904680672,3.7360071493278397,3.769311380390989,3.6609178038449204,4.1445124563235884,5.05122626378883,0.41981302774427015,0.4898185165702262,0.3006726457399103,0.5705609167671893,0.6077809924601087,0.5246636771300448,0.08255729794933654,0.1488337278625285,0.15977578475336324,0.16139927623642944,0.11221352796773629,0.10744394618834081,0.07599517490952955,0.0810733385937226,0.05026905829596413,10.620627261761157,9.057125909608978,9.608072186799328,10.065923269752714,9.23010709823777,12.617040796664797,25927,2673,0,919,0,0,0,1,0,0,64.58
2020-04-24,1.37715889047011,1.227349248123457,1.33302463191369,1.7081262284241838,2.2698761479942053,2.4192335053325076,1.732431644802281,1.3717504152487556,1.8378427073219732,3.5205088541550564,2.667593253004637,3.929627125171221,0.872931729843945,0.9136599366436735,0.9896141908500198,1.1142398179528836,1.061851860614747,1.2418760946343026,2.6244848872305595,2.370182642354342,2.6267015622909846,1.8698937178209867,2.032502700924464,2.132498842365085,4.182623212408412,3.7715683050929747,4.009236007443226,3.823888006886858,4.121723742974223,4.537200604111948,0.43267857142857147,0.5099418867583213,0.46072164948453603,0.6207142857142857,0.6099604287264834,0.7729896907216496,0.09985449735449735,0.1383660455861071,0.2622680412371134,0.19832010582010584,0.10775257778581765,0.16185567010309276,0.06006613756613756,0.07705227930535456,0.06329896907216495,10.658333591683201,9.222755178183792,9.722164822607926,10.195304103629299,9.228502905662085,12.2386600455058,30470,2221,0,919,0,0,0,0,0,0,64.58
2020-04-25,1.2995559009032178,1.2406065922974983,1.172839139099482,1.7210079663126312,2.298640930562301,2.436320778345906,1.7403241845509516,1.3398809409155803,1.7424341737909514,3.5881162108941815,2.652576699448776,4.240513666096422,0.857764859802911,0.9058688038845082,0.8124838686332996,1.1534582683464407,1.041943078482445,1.3333061237118922,2.6805293103666976,2.366113689935684,2.506575414459114,1.8339058727619184,2.032792424833352,1.997038413031508,4.1731138507659,3.788512639545405,3.884493667286336,3.8284497592670905,4.114791193519662,4.951097722228348,0.41877358490566036,0.5317574090553623,0.4205228758169935,0.6338207547169812,0.609792357684114,0.691764705882353,0.10205974842767294,0.14996413450907423,0.21660130718954249,0.206312893081761,0.10851657093546908,0.13,0.06411949685534592,0.08365935873580886,0.07183006535947713,10.266116352201259,9.156794386915838,9.439215367136438,10.36289277466588,9.157605911064369,11.97320277394812,33211,1984,0,919,0,0,0,0,0,0,64.58
2020-04-26,1.3634814539390563,1.274231699577536,1.2864666158938476,1.5730031971947507,2.2957551006513297,2.2993433690764435,1.6606460020396816,1.3494324460127953,1.6065118435245012,3.316530861615377,2.6497710861377275,3.845930652124892,0.9122597812455334,0.9277046462272562,0.9975191749394683,1.0871538270738013,1.024006974347384,1.266303181064488,2.747101135580237,2.365613394145035,2.6174423114538787,1.86815518389055,2.074785142957688,1.932582268944623,4.36362194173507,3.822636040936321,3.952242252717044,3.612140665406097,4.071337303146264,4.806338989223116,0.3969377990430622,0.5386528961511319,0.3632666666666667,0.5819457735247209,0.6068373052494436,0.628,0.09663476874003189,0.15455594158840452,0.13913333333333333,0.17772727272727273,0.11051001574290212,0.1204,0.07514354066985646,0.08261793605124586,0.07339999999999999,10.550717391846092,9.305355470658487,9.57066650390625,9.813875286582935,8.98710965067043,11.582000325520834,34778,2103,0,919,0,0,0,0,0,0,64.58
2020-04-27,1.3969475856741012,1.1913824416831322,1.3173695635719518,1.7058060997278313,2.2545510044598247,2.3468041502828965,1.779846268781801,1.366208665634865,1.922074610563778,3.4692353526807245,2.6364790454381977,3.8967661062781813,0.9358139226597462,0.8861910798845367,0.8786723572627324,1.0702200811673466,1.030466963876027,1.2825059240914927,2.8779688057208164,2.34967399158493,2.7125148349486046,1.9120676561426382,1.9959160759349182,2.016986757274219,4.66384204567433,3.725694931160127,3.892003011903283,3.752100330595331,4.073490227318324,4.959834200871028,0.40095843935538594,0.48589229398878164,0.41000000000000003,0.6033672603901611,0.5967996340788175,0.6656050955414012,0.11697201017811705,0.1479977852138954,0.14331210191082802,0.17057675996607297,0.1121688052191916,0.19210191082802547,0.04698897370653096,0.07653963744914417,0.058280254777070065,10.254113324321459,9.135539793928597,9.787260990993232,9.810941144508059,9.067488534870844,11.95859872611465,33603,1892,0,919,0,0,0,1,0,0,64.58
2020-04-28,1.3629044200049638,1.201972951881342,1.1963031898500642,1.5819350974808926,2.2618409239412816,2.387134745252863,1.7047790534054381,1.3734655515078118,1.756352359410124,3.5371355517530554,2.618911856242824,4.083984769229699,0.8576741699424133,0.9043300000281582,0.9857514073914043,1.1361350533524146,1.032278364620636,1.1689408690732461,2.6529666945484616,2.361658187975605,2.3677216449021246,1.8375494403881825,2.0228613395126045,2.049225919892975,4.269726143219163,3.7273927858216185,3.9630509078476903,3.7651962945782134,4.07639183729882,4.781043847739587,0.41028571428571425,0.494642021967639,0.38395454545454544,0.5278681318681319,0.6026732018424471,0.6834545454545454,0.07613186813186813,0.15020479508680762,0.16022727272727272,0.16294505494505493,0.11202574701783394,0.12836363636363635,0.05621978021978022,0.07694980512578245,0.11709090909090909,10.28952395260989,9.065231929845282,9.500908868963068,9.793186956272894,9.078408084327389,10.760454767400569,26063,1535,0,919,0,0,0,1,0,0,64.58
2020-04-29,1.351661751713333,1.2128327522676876,1.292005961434115,1.6623759677496563,2.2996738522297933,2.3201171093474393,1.720360850610465,1.3463024486319124,1.6032419288988262,3.4348448906243596,2.624607192495937,3.814690567870792,0.8447957097165456,0.9139650256642536,0.822698110733679,1.0955366551298622,1.014169204922578,1.0352970408145752,2.6562837850912153,2.354387694824713,2.57922887603565,1.8016863640663567,2.029648804200412,1.9532210533908085,4.297417138772352,3.744136814200192,4.014588706713682,3.745452666468112,4.056496919922645,4.301529469612164,0.4313865220759102,0.49478125662591005,0.34197530864197534,0.5515182029434547,0.5898878601550168,0.6287654320987655,0.08,0.15314556976935942,0.1751851851851852,0.17853601859024013,0.10858011166866915,0.08253086419753086,0.05342370255615802,0.07387565670129809,0.07586419753086421,10.529202320149109,9.129738261832403,10.380247516396604,9.990549809982571,8.968101397036303,10.896296748408565,23758,1489,0,919,0,0,0,1,0,0,64.58
2020-04-30,1.4382153613752178,1.2374861043101943,1.2677887887671402,1.5436714664809457,2.3134479052792987,2.686510157483916,1.7489848202877245,1.405909052846048,2.0793552624415166,3.421320394294346,2.699320042063519,4.147656481661275,0.9246042979391452,0.9207756644670345,1.1285847045612656,1.0936482923944764,1.0342072597828882,1.396976303277958,2.676822172267619,2.365137097377537,2.660904716178904,1.9198381340224793,2.0492654471317193,2.112368980911044,4.301826001628623,3.742552298293075,4.192309467105478,3.6274158025933243,4.124533617477486,4.887033897887726,0.4547169811320755,0.5032520306389281,0.42161904761904756,0.638811320754717,0.5949811399347418,0.669952380952381,0.0911006289308176,0.15237775669358758,0.10766666666666666,0.24310691823899372,0.114152454122602,0.155,0.06042767295597484,0.07372920186055122,0.093,10.59798791273585,9.230583099993058,9.885237630208334,9.925094585298742,9.18120704417652,12.226667131696429,23935,2111,0,919,0,0,0,1,0,0,64.58
2020-05-01,1.4379472600549088,1.2261667738799964,1.5607329243238768,1.6887803859151753,2.3250010438168114,2.6277577717676697,1.7969448680025106,1.40427798609044,2.1369271863589714,3.612522421328172,2.709341369530194,4.248959023254888,0.91329383178759,0.9004873833734086,1.112249068249268,1.110715105962492,1.0220803506738958,1.5521071996305775,2.8165861934571406,2.3796892869471344,3.0091171139234687,1.8482128869233447,2.0223439936334175,2.218112824529281,4.390924912760023,3.726692079587753,4.275343210353152,3.822060444654017,4.167322735146185,5.058192420857031,0.4056218181818182,0.4891185687847008,0.39171974522292996,0.5963709090909091,0.5925066008636645,0.7670700636942676,0.10041454545454545,0.14374830351634793,0.23,0.2104,0.11372609500308452,0.11388535031847136,0.05752,0.07945342381246144,0.038152866242038216,9.981163352272727,9.195677051202962,9.485987572153663,10.627345170454545,9.178732264034547,12.156688520103502,26774,2417,0,725,0,0,0,0,0,0,64.58
2020-05-02,1.4406935850675615,1.246548774639326,1.1047049594306575,1.6917607723005288,2.3464740719348174,2.2909123821414945,1.7639503287823521,1.4033968561698096,1.7691534454055766,3.481050847466759,2.725156169023224,3.6290517306172476,0.9352792681530129,0.9034262998617907,0.8131205555939631,1.1143807316008503,1.0490951326830278,1.049739590317184,2.7572852170472824,2.3670566978875867,2.4241705514088476,1.8286780706646837,2.023724668352486,1.8016300704261932,4.328513578996962,3.7212778750778166,4.045778453011062,3.860289333623398,4.192924599159034,4.480946097414069,0.43002985074626865,0.4945596778655519,0.32480000000000003,0.5850547263681593,0.6021310669166693,0.56408,0.10325373134328358,0.1454062029324071,0.11728,0.16634825870646766,0.11110810561583623,0.15624000000000002,0.057194029850746265,0.0810675314296253,0.03016,10.785771338619403,9.159041396428242,9.633599609375,10.130348258706467,9.280041611594381,11.330400390625,31221,2238,0,725,0,0,0,0,0,0,64.58
2020-05-03,1.3335755771353988,1.2215233535089078,1.24372483905684,1.6735515289932898,2.3350511425912037,2.2397266972276046,1.7807962281216483,1.3952477227805429,1.7217431279262003,3.4282949399918556,2.7279487491962944,3.6298770355630783,0.9400150577552103,0.9146080798830191,0.832917354560761,1.1857825683401257,1.0493032830021287,1.1857468708138514,2.6536056340418797,2.337660091255404,2.840947129459881,1.7464746583188442,2.003406615243871,1.8332726599355975,4.2575423559183845,3.7038497775031116,4.264684430004451,3.7065144398607703,4.1704900197086765,4.748842683933909,0.3437057220708447,0.4931910946196661,0.3265753424657534,0.6172842870118075,0.6076289424860853,0.7654794520547945,0.0920708446866485,0.15482517482517483,0.1317123287671233,0.22014532243415078,0.11512430426716141,0.11589041095890412,0.051771117166212535,0.07770401027543886,0.12308219178082191,10.421071398160763,9.08456721849579,9.243150684931507,10.032061584638965,9.298513094048808,12.47123321115154,33082,1953,0,725,0,0,0,1,0,0,64.58
2020-05-04,1.3428725943758713,1.228142682395013,1.305640865884677,1.7005796435442677,2.26738220777609,2.449814213106836,1.6942099695776234,1.369502137494507,2.176577691481297,3.341507257441191,2.6331671681322857,3.99580995048397,0.8593402748714076,0.9017358279260657,0.9265128363899323,1.1537403281137932,1.0190609884439947,1.3067053464353993,2.5587285157114246,2.34423360376113,2.9580402689448726,1.7948651975727383,2.00789977293351,1.7325484006572398,4.233795213941201,3.7201561782034123,4.325099397844312,3.5922728396413754,4.063761726300622,5.001327462482967,0.37082446808510633,0.4951303839010863,0.33982456140350875,0.5775975177304964,0.5949026890884576,0.6565497076023391,0.11961879432624115,0.14364260818683694,0.08421052631578947,0.16238475177304965,0.11704098506627318,0.21730994152046781,0.052650709219858156,0.07813137609077263,0.0504093567251462,10.388297872340425,9.16933847660722,9.841520610608553,10.16453866079344,9.052552662375659,12.287719012701023,28292,1609,0,725,0,0,0,1,0,0,64.58
2020-05-05,1.3494008743785861,1.1955937572115864,1.387955966785918,1.6798397974084782,2.2676964409654974,2.1355294620787,1.5971997814646934,1.3858169494481363,1.6655725539399895,3.4213484646800056,2.659168538830306,3.5853637996989547,0.7885324829536847,0.910897242090734,0.9801011711806807,1.0337826411586553,1.0386840393261543,1.1363034521066546,2.549956508731114,2.3264673566265492,2.666141903137969,1.8724362335547917,2.0039045999250824,2.0533014932062015,4.16828225195911,3.678959144330733,4.17514092077746,3.6233066633202786,4.0876102790683815,4.411066103763221,0.35173590504451036,0.49052875147695946,0.35656626506024097,0.6072551928783383,0.5980984147302087,0.5067469879518073,0.11355341246290801,0.14487938164631745,0.10481927710843372,0.16060830860534125,0.11661800905868451,0.13174698795180723,0.061016320474777445,0.07458251280031508,0.043915662650602406,10.21238857914503,9.086323663351713,9.630722597420935,9.89324896837908,9.059634544850335,11.17289127211973,25927,1412,0,725,0,0,0,1,0,0,64.58
2020-05-06,1.3763854534994,1.2306575208330486,1.2376799052678125,1.777121403231581,2.2791858030960768,2.806225772605908,1.7603642517590221,1.369528974819386,1.8908390049272392,3.6312653577224867,2.6343068992640775,4.621814226402611,0.8573373072980975,0.9047829400601173,1.2634300138285155,1.181311215177378,1.0079019095874846,1.2602092525606323,2.6194147582714997,2.4019961995471077,2.6384470249738117,1.8462012264111671,2.0308931639839387,1.9756801270709266,4.282505548769979,3.788213106181315,4.104049256471678,3.8786457693566563,4.070194176550983,4.941844051910372,0.4069514106583072,0.5085329288776355,0.4339664804469274,0.6248040752351097,0.5957098448193737,0.6427374301675978,0.12931034482758622,0.14640276768031285,0.09966480446927374,0.18142633228840124,0.12163729348943317,0.12055865921787709,0.0487539184952978,0.07512121136152825,0.07603351955307262,10.32594074500392,9.294670053147485,9.730726529766061,10.339106736138323,8.919689638747524,12.316201662884078,22324,1271,0,725,0,0,0,0,0,0,64.58
2020-05-07,1.410717496559619,1.235964180917728,1.2333445214125642,1.7206429546454438,2.3077011962126406,2.241046990933298,1.7135876030002812,1.4091188632931846,1.7102778657787259,3.6755993508966873,2.672119642314994,3.7913831928633615,0.8927294478169386,0.9151996834854811,0.9420031588802726,1.1754202971708807,1.0454142999756038,1.2295647172435797,2.6584349970907626,2.3871948067069106,2.8302608640522116,1.8216661997848846,2.0542524161666846,2.207601854131533,4.332865504570041,3.743044697951213,4.273179636741962,3.8531689256149093,4.1035097590977285,4.546648902185951,0.3888801261829653,0.5005934283942963,0.38018987341772154,0.6011119873817035,0.611771109733416,0.6880379746835442,0.10690851735015773,0.14702417854928704,0.14417721518987342,0.182397476340694,0.118991940483571,0.1520253164556962,0.0760410094637224,0.08346757594544327,0.1081012658227848,10.255204739254731,9.259784562926225,10.23924081536788,10.263643379091087,9.11137786732796,10.966455387163766,22878,2434,0,725,0,0,0,0,0,0,64.58
2020-05-08,1.3332025128255607,1.2511987477928133,1.4106728885408897,1.7304091120816205,2.311929027644706,2.4280520211091043,1.7956812708808854,1.4000965553701072,1.8471460862728595,3.51465290768852,2.6208833655761583,4.177719586513269,0.9413596364686994,0.9252514447025239,0.9825698456807848,1.171100016767052,1.0337351193677249,1.3332667812386814,2.6649827921263944,2.368085990787089,2.8260221800518184,1.754256831966046,2.0433296754850825,1.9414584649312123,4.116970158210609,3.7401376844685115,4.191387921198923,3.7809197481552754,4.100600742206634,4.984109810802301,0.41719237435008666,0.5074026446366872,0.5324675324675324,0.616897746967071,0.6047948977736212,0.6911038961038961,0.09775563258232235,0.13958485958485958,0.12415584415584416,0.201421143847487,0.1235759748525706,0.17207792207792208,0.07016464471403813,0.08459304289091522,0.020714285714285713,10.493674346024697,9.202291650429949,9.62012987012987,10.382235363409878,9.09488494661367,12.166233607700892,25440,2341,0,725,0,0,0,0,0,0,64.58
2020-05-09,1.2939549043777343,1.2568610123675596,1.2929342477526502,1.5580375542278682,2.3218284797921807,2.3270658261159634,1.5556610691457626,1.4042982347016595,1.936091961869167,3.3926772003300854,2.650278799014461,4.051665442025876,0.8591336532994852,0.9367243311754707,0.9965949117856203,0.9604722359667861,1.0541349701901488,1.3006337287789045,2.6366029921459155,2.3468520085935056,2.7071944034223656,1.8137559564181398,2.0544669448026602,2.090933481315678,4.245215294836743,3.7018221697802303,4.254426611674506,3.481833531109623,4.131150351748314,4.850834544831198,0.4189942938659058,0.5172491111365982,0.428476821192053,0.5365477888730386,0.6127084528042207,0.5586754966887418,0.11559201141226819,0.14614462667737127,0.12543046357615892,0.16509985734664764,0.11902339717857553,0.10728476821192053,0.04099857346647646,0.08515196696868908,0.067682119205298,10.386733377541013,9.272045962839774,10.567550153921772,9.780455933487875,9.221753498107581,11.589403973509933,28552,2033,0,725,0,0,0,0,0,0,64.58
2020-05-10,1.4498379288477694,1.2373739718767494,1.5648947002673341,1.6634984977980944,2.3742267238233876,2.4063664286545916,1.7729635140453375,1.4195356022157215,2.005243283071759,3.373022463424568,2.722142459700104,3.9056356242166124,0.8782652476336306,0.9339147740264137,1.2067303533705278,1.1104918640738584,1.0683626784517541,1.412056558558094,2.67572459509998,2.3518758233741424,2.829928964021842,1.8408966636966133,2.049707921360948,2.2575458517246747,4.418006086563529,3.713509199243936,4.3451669018163726,3.7858821407990666,4.171283359475052,4.987166761944037,0.40751836734693875,0.49793227561979897,0.42078947368421055,0.5921142857142857,0.6055659535258717,0.6694078947368421,0.08820408163265306,0.14690114889573555,0.17743421052631578,0.19901224489795918,0.11694981139681535,0.19546052631578947,0.06831020408163266,0.07987359267470989,0.08348684210526315,10.836245216836735,9.21932948688416,9.525658055355674,10.120408163265306,9.244397693570216,12.446710686934622,28833,1658,0,725,0,0,0,0,0,0,64.58
2020-05-11,1.3742956666672657,1.25032274768198,1.223422374726882,1.687923782891715,2.2553826690181698,2.259154704893713,1.724194880267279,1.3726023323379926,1.8530670611409008,3.522001673878463,2.5958497181451445,3.5651893127750194,0.9055095506720933,0.9018027282658733,0.9053260940630257,1.068869328696222,1.0208758269030886,1.26094009962518,2.5355637599154166,2.36335718698601,2.4174584947334394,1.994662889310665,2.0503385389265527,1.8963927058402756,4.242586770561748,3.7246660423887525,3.7247041945055988,3.7211510016528173,4.026511471998989,4.416880098134127,0.36882397003745315,0.5016419854837424,0.30481481481481476,0.5979475655430712,0.5999824528753357,0.5416666666666666,0.12823970037453183,0.14464972217052616,0.08753086419753087,0.2124194756554307,0.1179998936537899,0.18611111111111112,0.04390262172284644,0.08072076143886421,0.05290123456790124,10.130860838014982,9.237891486985882,9.808024842062114,10.021497542134831,8.936356778241565,11.261728545765818,25917,1491,0,725,0,0,0,0,0,0,64.58
2020-05-12,1.3190602330335128,1.223156226000513,1.4159834039866073,1.5588227876193772,2.2836952433291478,2.259841139874999,1.5684626725344226,1.3876131898063777,1.8446823959283847,3.286303946978908,2.6253412392305377,3.7957846408050013,0.85771986060216,0.9217775147444589,1.0227908319654317,1.0892091931324968,1.0326383306183275,1.2897891603353162,2.4575607489008346,2.35583334686772,2.8004168400599854,1.7934589888955434,2.0451428451862355,1.805582633271957,4.033554277698031,3.7217832430117817,4.261262401226112,3.6350771941844533,4.071672688678461,4.712081453526692,0.379575260804769,0.49186124871130776,0.3991428571428572,0.5673397913561848,0.6093014659659534,0.7171428571428572,0.08748882265275708,0.1543483617893334,0.15914285714285714,0.22783159463487332,0.1192619879805879,0.14178571428571426,0.042242921013412815,0.0776003922653323,0.033357142857142856,10.441728617501862,9.179149431718173,10.115713936941964,9.693293882730998,9.060353227388166,12.092143031529018,20656,1073,0,725,0,0,0,0,0,0,64.58
2020-05-13,1.369814386488423,1.2344356111887096,1.3269185134816393,1.691132339701302,2.306512579910014,2.3168827073225122,1.7958021404318378,1.3613757054695106,1.6758905412437213,3.5914468497052776,2.6444200200095835,3.788502170952181,0.9551359711440202,0.9096695936510629,0.8633280584303721,1.1119271343509085,1.029568372380665,1.336612630710861,2.6719496082193896,2.3791735587108773,2.5849623547667466,1.9966317618069407,2.0632578207069017,2.092511491103989,4.375657900977021,3.7464634407714392,4.075044110548264,3.8145798830239035,4.1016768838915025,4.268238662558658,0.43759650400582667,0.48456365228389353,0.36329479768786127,0.6309031318281136,0.6003254365909423,0.6297687861271677,0.08500364166059723,0.1479192002724133,0.16705202312138728,0.2010706482155863,0.11735151043440191,0.11052023121387283,0.06830298616168973,0.07801211266235346,0.0784393063583815,10.470939263929353,9.162426424089118,10.24508684632406,9.808885367352513,9.056053746898867,10.495375440299856,19950,1034,0,725,0,0,0,0,0,0,64.58
2020-05-14,1.3614969099189205,1.2232480037459619,1.3778335018539856,1.4817616154414743,2.2786920635033345,2.144801929764458,1.611764180314998,1.373277458868686,1.7706957211173353,3.4355500003344384,2.603496811927887,3.4252297813114203,0.8172426240859548,0.9081200052788946,0.8902711920037109,1.0016375287916846,1.0340732812659992,1.115779901660841,2.704458871747787,2.3448736303697295,2.7504359212874263,1.908395132454563,2.0405099152486583,1.8120483509621355,4.43436973539558,3.7318246798702233,4.270600416958411,3.5784471580851878,4.0877576961630435,4.5356653291855356,0.4358509036144578,0.49264960685531334,0.4391279069767442,0.5667921686746988,0.616404491736899,0.6202325581395349,0.07625753012048192,0.15475304863694148,0.15511627906976744,0.1941039156626506,0.11724351428974998,0.16819767441860464,0.05271837349397591,0.08400936955600546,0.052034883720930236,10.415211137518826,9.22775318988653,9.338953772256541,9.659713561276355,9.059746368708508,11.163953204487646,23902,1533,0,725,0,0,0,0,0,0,64.58
2020-05-15,1.3755636179273623,1.2349142608702555,1.1968072219083132,1.7108488997953175,2.3407572794524545,2.3288834434041847,1.7627658902146544,1.3971602558251779,2.1134305489942102,3.5434523021024154,2.6633847330717235,3.9570667620476216,0.9690022723341762,0.9169554739166006,0.9840731493699556,1.1199470036367134,1.055387006046438,1.3403584857947344,2.819074491437628,2.3400713525165933,2.814690124771596,1.9551949825127246,2.035308766910594,1.9819743409950032,4.389020124279395,3.710843920374173,4.200505497242629,3.793145740980487,4.145949471938254,5.038598880291519,0.4101389904901243,0.4933785077704942,0.3342372881355932,0.618807607900512,0.6127347720409516,0.6624858757062148,0.14910753474762253,0.1485787238221502,0.15706214689265538,0.17724945135332845,0.12085806879281137,0.22677966101694916,0.054491587417703,0.07867692912032605,0.1107909604519774,10.7966349670812,9.21977118165525,10.133898029219633,9.803438042931601,9.197955028111267,11.576271186440678,17336,1507,0,725,0,0,0,0,0,0,64.58
2020-05-16,1.350157098464127,1.305370827144181,1.4338403352870097,1.641223505969841,2.327392727571788,2.1416433635643615,1.621281972668707,1.379028056381324,1.74751011079019,3.393690534869622,2.6290715506412368,3.9234469228126483,0.8942204999837514,0.9325816246582923,1.0852840214018145,1.0322301415583044,1.03223730632288,1.189134732185056,2.6454214500260678,2.381163529478687,3.022024225819009,1.756513393354029,2.05633955275584,2.008464488360883,4.280398890975575,3.8036953615098366,4.385996909791049,3.577669372194049,4.113583025398562,4.42557016023523,0.36829729729729727,0.5424165077058164,0.43033333333333335,0.578972972972973,0.6122054682532473,0.6924166666666667,0.12233333333333332,0.14624549610924395,0.2829166666666667,0.16898198198198197,0.11693674872074364,0.12191666666666666,0.05269369369369369,0.08899900081751294,0.08108333333333334,10.338738738738739,9.48570866260938,9.658333333333333,9.867747923704956,8.965795031337997,11.525,34643,1943,0,725,0,0,0,0,0,0,64.58
2020-05-17,1.304179490639852,1.2482365508128128,1.139877381039121,1.5932561042153404,2.3019412251100695,2.3735123651650785,1.593196799854949,1.3845720441917704,1.7412061055145434,3.3909580805834465,2.642058429508664,3.8853408776202567,0.8382352157754617,0.9193545686344862,0.9993809771600586,1.077969048139438,1.0517546313769066,1.2364425557795609,2.5929361567252207,2.361889631563124,2.561842125432572,1.7478350234675135,2.026545470302087,1.8058271706891813,4.202599834571681,3.7289026099380087,3.8378398750489997,3.6603724074557684,4.118162882089903,4.805481997429045,0.408355091383812,0.51136810370817,0.4991780821917808,0.6007571801566579,0.6237763038890564,0.5352054794520548,0.08870322019147085,0.15147331926439553,0.0923972602739726,0.2420017406440383,0.11951823937292734,0.1671917808219178,0.05220191470844212,0.08642538438347905,0.07404109589041097,10.362140652197564,9.276774005125112,9.532877046767979,10.791383642025675,9.1484596397347,12.104794018889127,26628,1549,0,725,0,0,0,0,0,0,64.58
2020-05-18,1.4048909241649779,1.2157146041831854,1.115853300962712,1.7296472974872235,2.267628817155603,2.0096350005388546,1.8733764445408247,1.364533229255642,1.7662131450477851,3.576877193659223,2.593392585602635,3.472925891635747,0.9285772876648514,0.8935016166458724,0.7692343097013051,1.2167807593364304,1.059737537062065,0.9871295979476652,2.586195812453181,2.3245866441788006,2.620954887323072,1.907782327392109,2.0083665869741307,1.6309566561977558,4.070248074308589,3.6771922932244925,4.007724290639731,3.859919339482577,4.05289390201664,4.35533039482198,0.4620276497695852,0.49976611625172535,0.3318300653594771,0.655299539170507,0.6255651551556669,0.7726797385620915,0.10051459293394778,0.14184550892081182,0.15183006535947713,0.22927035330261136,0.11290552630233629,0.30437908496732025,0.043525345622119814,0.0884310618066561,0.045098039215686274,10.375422277025729,9.313421795920455,9.766012752757353,10.19516099030338,9.072163680282195,10.993464052287582,26081,1239,0,725,0,0,0,0,0,0,64.58
2020-05-19,1.3809228496832076,1.2570872834333795,1.3079832564048126,1.7442334840806937,2.2209603046990596,2.3372389089367216,1.691843198564226,1.3699768560719061,1.672114918779093,3.5838259087960016,2.537835232873014,3.966008412809643,0.8907178888270839,0.9035330335062901,0.7605562939926719,1.0983823660771637,1.0335890595789412,1.2408219215583267,2.6016714951870195,2.383428785128046,2.7587884969610097,1.834004545496734,2.063395523554853,1.8449127338123121,4.178209844556573,3.752275661553275,3.917063321596219,3.8359854352667884,4.00747477184063,4.9035743912382275,0.3772529069767442,0.5182219963080874,0.32952095808383236,0.5381831395348837,0.599235132026004,0.6960479041916168,0.0967514534883721,0.13884721367612832,0.08736526946107784,0.16816133720930235,0.11767275743064287,0.18083832335329342,0.05395348837209303,0.07969207308916772,0.1055688622754491,10.094331253406613,9.382334499317798,9.755689061330465,10.168096498001454,8.83024224832125,12.139521250467814,19917,927,0,725,0,0,0,0,0,0,64.58
2020-05-20,1.368875024217696,1.2605521459264175,1.1722244079417221,1.5743022655927923,2.2183294749776086,2.109030268158826,1.6190988378299638,1.3569458031570882,1.5631585580627065,3.496149345830318,2.51680808904545,3.8086448319023267,0.9259396241075292,0.9200582518643288,0.8557468834062665,1.0707745859774125,1.0174259067430385,1.0999249008046472,2.719846000792026,2.3725445097028324,2.479644733934637,1.918935520589393,2.0711318781304136,1.8862855281346875,4.30529343719731,3.7660532068371375,4.019412012329742,3.5867825909009783,3.9832148171020525,4.470460228938924,0.3726988155668359,0.5225727528089887,0.3889887640449438,0.5394162436548223,0.5993019662921348,0.7035393258426966,0.11781725888324872,0.14560477528089888,0.19382022471910113,0.16117597292724195,0.12012977528089887,0.17640449438202246,0.0589678510998308,0.07830955056179775,0.044775280898876405,10.123688828521574,9.370584620786516,8.904494382022472,9.64534670447335,8.765545119382022,11.28820252150632,22744,946,0,725,0,0,0,1,0,0,64.58
2020-05-21,1.4414979257450184,1.2629610210772426,1.2079514454742566,1.7383836179596497,2.2034086122032246,2.3270888959010567,1.7570534729858036,1.3250133436213674,1.8546548054476197,3.478216697855658,2.506504323851198,3.9122843885554692,0.9407940446947136,0.9070713656711267,0.8535319439198955,1.1536378077797647,0.9854632269890023,1.2793856699322368,2.684376516860401,2.3959591689054847,2.7053867423489955,1.9071913116673613,2.060053255083726,1.8895845221465186,4.302739772992946,3.787497668967703,4.294133659553123,3.7734442105613355,3.9588366459641713,5.000152503679577,0.45469026548672564,0.5213696408485704,0.2533136094674556,0.620402252614642,0.5849833895733606,0.7764497041420119,0.10398230088495575,0.13730047869418505,0.1395266272189349,0.19392598551890586,0.11578173637814224,0.1937278106508876,0.08022526146419952,0.07835752962410736,0.09840236686390531,10.705712144257843,9.395815349603703,10.00177471454327,10.173209818734916,8.684406798503753,11.442603839219675,21923,1179,0,725,0,0,0,1,0,0,64.58
2020-05-22,1.2765212115383988,1.2820488912454788,1.2545522213762432,1.637371569887366,2.2303156710649557,2.016890214639844,1.694853956163241,1.3482768186137697,1.6672677716658189,3.441568031566652,2.5224761838530436,3.4072615049373414,0.8406031978325731,0.9145360262089668,0.8645151051983356,1.0835270529445402,0.9860602977762671,1.163969412600435,2.5583622675361783,2.3845373000964445,2.806887625128382,1.691160128524818,2.081550866559622,1.6245966233840583,4.099366325175668,3.7896288075402618,4.116295724510305,3.924304890838239,3.976917933685154,4.449913320112704,0.3686825817860301,0.5241544610912344,0.3407361963190184,0.6516710875331565,0.595424586314848,0.6139877300613497,0.09846153846153846,0.1417718582289803,0.15374233128834355,0.21777188328912467,0.11692838774597494,0.1138036809815951,0.0817948717948718,0.07880562388193202,0.08012269938650306,10.369849517849248,9.50512913685152,9.804294328748083,10.096109810179046,8.72756352023703,10.404294628307133,23506,1374,0,725,0,0,0,1,0,0,64.58
2020-05-23,1.3870318621837223,1.2821392654068722,1.3068248303846992,1.6427923514777398,2.279135013603001,2.333085487036761,1.6029162616739068,1.3687380393691484,1.9021133669174513,3.48500863278984,2.5615407069045943,3.6323739447163352,0.8953582824230562,0.9205512715191084,0.9742083445976155,1.0486003893713498,1.0272787605054146,1.2143044849944065,2.601762533908968,2.3558843742591353,2.78772174289432,1.8196607735569745,2.03524021802837,1.9006888064366196,4.150308509345213,3.768471279238231,4.058904186816841,3.674050972530279,3.9962547206429813,4.428703157188533,0.4713392857142857,0.5264273364867069,0.29719999999999996,0.5866071428571429,0.6168794650138639,0.60096,0.10575892857142857,0.14179448703311043,0.09440000000000001,0.1610625,0.11987767085304192,0.11784,0.08392857142857142,0.08543435002446582,0.11528000000000001,10.545893205915178,9.41659089055619,8.8912001953125,9.854464285714286,8.877986870004893,11.166400390625,26191,1083,0,725,0,0,0,1,0,0,64.58
2020-05-24,1.3313795264972683,1.2639601628475285,1.2630865386583419,1.6882165012253363,2.327635028224492,2.4008441416045754,1.7226971692643236,1.4084689848846448,1.8086777694111549,3.3507726233307973,2.6184914108760418,3.606250439915194,0.8606306368410468,0.9380486320424151,0.9523111682737131,1.1072049869248615,1.0657017192463292,1.2921271478477472,2.6173820911602945,2.335926158519664,2.9062909692313146,1.8781824727807808,2.0312021883620197,1.9027011870878627,4.175535267767562,3.7007274902938603,4.123489316554272,3.72785855562994,4.101765273395711,4.8373243852604855,0.43179510426110607,0.5239604144116282,0.31905511811023624,0.6310426110607434,0.6215831142724602,0.5610236220472441,0.10831368993653671,0.14335766197618677,0.1579527559055118,0.2217588395285585,0.12638750579867017,0.18393700787401573,0.07143245693563009,0.08413205504870883,0.10590551181102362,10.165730536038078,9.314050177825886,10.14488112081693,9.808250226654579,9.283946381629812,11.838582677165354,25963,1810,0,725,0,0,0,0,0,0,64.58
2020-05-25,1.435420264625862,1.2517257797338894,1.1730979908007184,1.7054228354869847,2.2752675348697973,2.523482937594223,1.6721837348489341,1.3593256066336181,1.990803770557994,3.2851722096601805,2.5665141984530027,3.7411491685990685,0.8814279934951096,0.901951634818022,0.9412558927068702,1.134270898874394,1.025339314720051,1.5816869432594993,2.7462319021969326,2.3268630787340525,2.7510153289618042,1.8366976375218047,2.0267501314665544,1.7891499045647494,4.265605145163048,3.6677443758113677,3.961793099974212,3.637507189482463,4.038359592493476,5.020510295996241,0.48757359500446035,0.5136046995835812,0.3408695652173913,0.643978590544157,0.6221076740035693,0.8757142857142858,0.10679750223015165,0.1472355740630577,0.10012422360248448,0.17265834076717218,0.12205026769779893,0.18385093167701863,0.08171275646743978,0.08513712076145151,0.11192546583850932,10.423639955954505,9.405445977096965,9.602484472049689,9.804549857827832,9.020074546400952,13.456521739130435,21465,937,0,725,0,0,0,0,0,0,64.58
2020-05-26,1.2465419655149805,1.2384337382423274,1.3904584933541726,1.608790126083135,2.239554386421535,2.3861993322048027,1.678954170525413,1.3603162920038752,1.5963503162077188,3.354415689324156,2.5600149278124564,3.9723736505163716,0.8557514054565206,0.9244535534036104,0.9699630891514751,1.0263606050680727,1.033265356556822,1.1349935277577021,2.55748914327442,2.318134290033188,2.7613728037261907,1.7776839313556891,2.029735626090219,1.9831110519966384,4.172937565087959,3.683347878893513,3.8874955714224892,3.644844050192917,4.004550062918841,4.285594384957464,0.38872062663185375,0.518854228828731,0.4710493827160494,0.6073107049608355,0.6192198773938046,0.6497530864197532,0.11905352480417754,0.14943552324635165,0.13740740740740742,0.19926240208877283,0.12253566972277978,0.13580246913580246,0.05631853785900783,0.08273124287961807,0.1224074074074074,10.157506399926566,9.332962621385558,9.951851550443672,9.597715532188316,8.886225621168556,11.488271454234182,20651,788,0,725,0,0,0,0,0,0,64.58
2020-05-27,1.3974105336251323,1.2668589887860968,1.3139294747852965,1.72788220574363,2.2249972592363587,2.22917044674039,1.7247152405385004,1.3619965822307611,1.9700486106075341,3.377843279367325,2.5459805437268828,3.6662288161089527,0.8241358143015368,0.9094780624589223,0.9538662630090046,1.1623820219329988,0.9864624851698941,1.274155018420515,2.6257146910387763,2.396160241025084,2.639665676172502,1.8782263339787115,2.0577302733202396,1.8842747592387645,4.346686625223854,3.7452885236602205,4.046397307793841,3.681160286807212,3.9917396506707794,4.797097420749891,0.4455925639039504,0.531336890724962,0.3767153284671533,0.6473973663826491,0.6187523309521761,0.8033576642335767,0.114577846630519,0.14934503829933726,0.26883211678832114,0.1659178931061193,0.12332128410362336,0.17605839416058394,0.07666924864446166,0.08583297472530625,0.09284671532846715,10.380248172443842,9.38592320050492,8.944524834625913,10.184663354473276,8.911675739449752,12.487591597285585,19379,687,0,725,0,0,0,1,0,0,64.58
2020-05-28,1.3598846098833453,1.2512958387042465,1.1206106301166088,1.6189857642413787,2.309294019235948,2.3757323923553146,1.6995165905675573,1.4373920987980622,2.032978126306587,3.3970175051639897,2.6265990968500295,3.5986612351076457,0.8082290327340289,0.9221720165726094,0.9242000613373186,1.066964024896446,1.0351729820287128,1.3313986472571575,2.75725079680886,2.4034464740228274,2.855997838153506,1.7381727067345918,2.067374716035433,1.8385402030441995,4.317750352907678,3.749281216358393,4.513779741417445,3.7363195827218445,4.091372137811482,4.675684496763639,0.36755725190839694,0.524752898795452,0.25025000000000003,0.6087871077184054,0.6319163007992795,0.6739166666666667,0.11544529262086513,0.1482398964313858,0.15025000000000002,0.1909584393553859,0.1297422042102893,0.12916666666666668,0.06615776081424936,0.08722588089609366,0.12708333333333333,10.301102629346904,9.319745229652144,9.279999796549479,10.462510436545802,9.245314083080041,11.928333536783855,17510,811,0,725,0,0,0,0,0,0,64.58
2020-05-29,1.4271979640465409,1.2671742243127468,1.2582628281531458,1.7522230470995706,2.3431857558324647,2.710350866511478,1.8253904038572522,1.5082303368994632,2.1518942928422016,3.562615037041635,2.7075194946965375,4.108589855602665,0.9783243317766154,0.93381594920857,0.8499685595036848,1.1618223982369593,1.0263386798973315,1.3790592764771938,2.708465307093151,2.400492542518781,2.4263666245444826,1.8625349328793295,2.0502692321944025,1.8310065174163006,4.350559528568466,3.7214463900655326,3.730232559187232,3.875893380981188,4.181221258487403,5.112936118212836,0.41279260780287474,0.5253698995411137,0.3588622754491018,0.6418788501026694,0.6466036214808384,0.8631736526946107,0.1170841889117043,0.15457025920873124,0.14299401197604789,0.18842915811088295,0.14222094753813716,0.19754491017964068,0.07030800821355235,0.08715893587994543,0.11125748502994011,10.519199379170944,9.283951382859978,9.064670951066617,10.560472680313142,9.658462072119558,12.563473638660179,19508,1285,0,725,0,0,0,0,0,0,64.58
2020-05-30,1.3891931646752531,1.2725559928792363,1.3564690932613264,1.8046501249140678,2.420712770408585,2.592561419633495,1.7990134421811859,1.5566695931402035,2.1157451648223935,3.7084789720036073,2.8314973845234888,4.24853999450462,0.8559436880380179,0.9392556682404419,1.0303005942491534,1.1907689425143126,1.051309303932991,1.4049914524661211,2.7359639411929875,2.3800902449448897,2.5601676162042124,1.8942004058135662,2.0202574226929824,2.2789363458313314,4.4068324752364045,3.703798122975038,4.099271827129464,3.790735154627376,4.267977116346985,4.758051417065499,0.40003215434083605,0.5472637588985654,0.4165263157894737,0.6202357984994641,0.6988432768402414,0.6876842105263158,0.09473740621650589,0.16251291872944748,0.12315789473684209,0.17906752411575563,0.16314855635456946,0.16442105263157894,0.06726688102893891,0.09196003324540165,0.11778947368421053,10.169024860999464,9.367690302822245,9.416842490748355,10.428403210409968,10.252556643659885,11.850526829769738,24182,1251,0,725,0,0,0,0,0,0,64.58
2020-05-31,1.4670202144229505,1.2636138107293644,1.3015001225569782,1.7984228791047188,2.5429549857314857,2.745954930879937,1.7694654206769598,1.6999557639678615,2.0973816033517156,3.5818379652755628,3.0817714491689787,4.3537586719919865,0.9107038483957153,0.9452267387089873,0.9242459942490766,1.1664605174391274,1.092599687266849,1.4136533694378803,2.779590808407506,2.4160859867953106,2.4594795181060976,2.040193560308374,1.997400754279832,2.0030923932138953,4.4178109063468405,3.7052578856299343,3.8821932714825285,3.778887431187946,4.472256889245031,5.073784583788191,0.40968976215098246,0.5310888407367281,0.33126984126984127,0.6172388831437435,0.7322541584347715,0.7277777777777777,0.11453981385729059,0.16982920145306227,0.1865079365079365,0.16629782833505688,0.1726572557517048,0.21317460317460318,0.0478076525336091,0.09673092855777198,0.08007936507936508,10.85222296729576,9.319415787712702,9.3499998062376,10.92812823164426,11.196529857880314,13.305555555555555,23741,1051,0,725,0,0,0,0,0,0,64.58
2020-06-01,1.363686232807801,1.2449370393633443,1.10010604156842,1.673972209600145,2.4420805816765143,2.3786308787369803,1.7632701400200166,1.6294679520125082,2.0529440927410647,3.399975939020946,2.95068758298888,4.112220657396001,0.9219101430633342,0.9503891588234055,1.031658079867013,1.0718157727168334,1.048787786384816,1.025122761164756,2.7983381082878354,2.3854770160523815,2.5614096403166906,1.9523958040829485,1.9872897506175127,1.8795067000403074,4.397461127470864,3.6849055051308675,3.7578974378016867,3.7292934260136,4.325918508143574,4.85490909171908,0.442365107913669,0.5273770961731403,0.32536000000000004,0.5846942446043165,0.7010597678085138,0.76128,0.10093525179856115,0.16779676078543787,0.18472,0.16878597122302158,0.1632928192632937,0.20768,0.06224820143884892,0.08820266590225025,0.05240000000000001,10.921312949640289,9.275385194209546,8.425599609375,10.119963501854766,10.940638884907553,13.352,24127,906,0,567,0,0,0,0,0,1,64.58
2020-06-02,1.3898051049771758,1.2538903371723356,1.156560158401011,1.7332993958483816,2.4016053091677554,2.3982746478070696,1.7707385875856019,1.6025285900516257,2.035491605672005,3.6661114629296905,2.8758972185597265,4.105496156161808,0.8157139072715692,0.9437676749108188,0.811975606290654,1.109714965918153,1.0346486958225367,1.31324688370068,2.7536406572825736,2.4144039883072996,2.696607765958197,1.8207327955581716,2.0134707950271955,1.6483226296734617,4.261863154306117,3.706071058226608,3.990830466103604,3.6459230941969465,4.247862663243306,4.9787205393715315,0.42884275618374557,0.5334700135277319,0.4130263157894737,0.5984363957597173,0.6954892529685857,0.8393421052631579,0.08825088339222616,0.16802976101007064,0.17868421052631578,0.19158127208480566,0.15708883210581695,0.21473684210526317,0.06936395759717315,0.09212325266796934,0.1268421052631579,10.46590140514576,9.345663610401322,9.525000321237664,10.354505127815813,10.668077371110778,12.460526315789474,21466,673,0,567,0,0,0,0,0,1,64.58
2020-06-03,1.352911575426728,1.2629524158339482,1.2566627548298912,1.6887534078190303,2.317376098110216,2.458352718350228,1.7500932884462674,1.5226933013782518,2.126206442942946,3.5134947184662404,2.7677777391649343,4.241591509816633,0.8519482483693394,0.9257427826762574,0.884285044522525,1.1484014602828454,0.993595214231644,1.380464534735959,2.711611768218741,2.416830260225139,2.7552949273375447,1.8571589790352456,2.032385942777939,1.7592713512954186,4.1914494239949995,3.7711008404052557,3.7280316280146852,3.691083517615191,4.135039058030688,4.624766688692965,0.44591905564924117,0.5357363103187968,0.32449367088607595,0.578035413153457,0.6678520411125951,0.7492405063291139,0.09532883642495785,0.161399454154811,0.16455696202531644,0.16698145025295108,0.15082718773590384,0.21367088607594936,0.049005059021922426,0.08895592590441903,0.054620253164556966,10.28507555596543,9.427010445096103,9.197468045391615,10.341399992095278,10.316505828639452,13.437974374505538,17157,691,0,567,0,0,0,0,0,1,64.58
2020-06-04,1.3330354833588458,1.2373515709921952,1.2860516111453886,1.6956648377797021,2.2676240532748855,2.216856226674755,1.72561717340434,1.5148623691632228,1.7748724946722492,3.5474312087921267,2.723453628253418,3.6187048466712595,0.9261138912251037,0.9277125713021478,0.8626883237185692,1.0741934866358913,1.0060069465956551,1.0756863877274112,2.7434818805147736,2.3877781061038608,2.7307933125370636,1.8526726701606402,2.0368369702257247,1.9526803663953685,4.116112399788145,3.710403526797413,3.795371486467859,3.6579625388435413,4.075042761046017,4.353541154786346,0.41575250836120403,0.5232131720821798,0.4232,0.5539130434782609,0.6478869299140319,0.65664,0.11122073578595316,0.15347777939676527,0.11808000000000002,0.1680267558528428,0.1420699402593618,0.13992000000000002,0.04611204013377927,0.0854702025353344,0.1152,10.55551790473453,9.392391264753023,9.88480078125,10.034114365593645,10.2565814876876,12.509599609375,20974,934,0,567,0,0,0,0,0,1,64.58
2020-06-05,1.3935194710978496,1.2694730861629067,1.1846441055998145,1.723760837807565,2.227488941403151,2.5022591488387524,1.7159769687657367,1.465049261740765,2.1438621449844857,3.3859961539349506,2.6553533026643854,4.2618257391390415,0.8902741774390553,0.9114157471850335,0.9246772965610617,1.1012998269016316,0.9653506528897058,1.4835422506802913,2.7266362439371474,2.383493777540988,2.4226620677952804,1.841302113774853,2.0592311007744626,1.7368784913589517,4.24193814723055,3.742623136227222,4.080783006663401,3.7518299898445178,4.0045240592605005,4.814963635324752,0.3852721088435374,0.5413811274509804,0.363609022556391,0.6314710884353741,0.6289353553921568,0.7354135338345865,0.13894557823129253,0.14788725490196078,0.07992481203007519,0.18778061224489798,0.13479748774509803,0.17413533834586467,0.07748299319727892,0.08188204656862745,0.1292481203007519,10.623979425754676,9.430214077818627,10.096992664767388,10.272279077646683,9.93495423560049,12.606766550164474,20695,1022,0,567,0,0,0,0,0,1,64.58
2020-06-06,1.364023737739781,1.2523504276817705,1.2996397290881094,1.6437251062429603,2.2756498862160646,2.300138125092494,1.7526262592164963,1.4507515539878426,1.9515525573991148,3.467791514486908,2.696141261579035,4.206231893556125,0.8648685187879247,0.9105671819013397,0.7355949508809947,1.1024432167324014,0.9730728006442964,0.9824906101594159,2.6946606279612513,2.3836578956346877,2.9572145299127435,1.838474267096816,2.0494711639700265,2.1276028112385195,4.307714039003695,3.737093607340677,4.29763280026377,3.5867085988481993,4.042492025578585,4.42437626189535,0.4261728395061728,0.5485957922174641,0.41834782608695653,0.5780920314253648,0.6455915099609012,0.7000869565217391,0.10312008978675645,0.15326084528020853,0.1917391304347826,0.20496071829405163,0.1407566561161795,0.15417391304347827,0.04288439955106622,0.08517594488921988,0.04034782608695653,10.315039500911897,9.466252210947681,8.923477836277174,10.129180257435467,10.162449962762986,11.363478685461956,20870,885,0,567,0,0,0,0,0,1,64.58
2020-06-07,1.36466249691106,1.2531820621075496,1.131622239315726,1.6365961408107264,2.2803810951772965,2.225665414410807,1.7350422497927789,1.4622371404812382,1.7342930693832483,3.4728239504845027,2.7188817642590597,3.7922166728250577,0.8597780284173366,0.8957126658216479,0.7564599676311227,1.0764430633910236,0.9756148912625581,0.9578085319273937,2.807745635522843,2.393617184838332,2.9972433852472675,1.7318390245422797,2.034512914177389,1.7840406125578872,4.243877105952413,3.705253302087681,4.098522590953414,3.5397362963432006,4.050261312590865,4.685261998212246,0.44687208216619984,0.5409030803906837,0.3502469135802469,0.6089542483660131,0.6410462058602555,0.6146913580246913,0.12009337068160598,0.1514030803906837,0.13518518518518519,0.18760971055088702,0.1367847483095417,0.1419753086419753,0.05638655462184874,0.08043313298271976,0.07864197530864198,10.494303841328199,9.459680808602554,9.73209861472801,10.081139487044817,10.14018360255447,13.241975007233796,24491,876,0,567,0,0,0,0,0,1,64.58
2020-06-08,1.3949279755997441,1.2433715551071345,1.3753311433362205,1.7329605938458978,2.1739253619234518,2.5823624491874853,1.8194646230449767,1.3915317845190827,1.994025329447516,3.446378499780766,2.5809431822499924,4.0773895291430104,0.8613969518633626,0.8926246958198834,1.0479506631753384,1.1518221955432386,0.933699997752751,1.2228620263117667,2.720308910571317,2.3645475939824254,2.613199424503315,1.8705046473719176,2.0365768717274273,1.8935647878105601,4.2502305466605055,3.7301287825386473,4.19863362278261,3.710097522639675,3.9164627253649074,4.974721871756322,0.4089041095890411,0.5351331475962162,0.42442477876106194,0.5830319634703196,0.6237067513282364,0.568938053097345,0.10953424657534247,0.15874789425942723,0.08707964601769912,0.17284931506849316,0.13356226512893613,0.10300884955752213,0.06672146118721461,0.07729914474536738,0.10106194690265487,10.634429402111872,9.455429166126732,9.556637384195243,10.498995790525115,9.706252227225606,12.901770127558075,23285,669,0,567,0,0,0,0,0,1,64.58
2020-06-09,1.3732061784166867,1.2563528849898433,1.3976610203239865,1.6306574511096132,2.1176408862775613,2.3685057572258614,1.720118068294912,1.3275615980928963,1.880038426687343,3.582119855487969,2.446334025636834,3.6813059527354883,0.8260694554919399,0.8848697020957592,1.107595205359189,1.0929464485102296,0.9027240702491457,1.2849225035097365,2.6183326641031774,2.3518314975349783,2.8501076669064913,1.8410638488896034,2.0315006011120613,1.9366842701135802,4.321860405812945,3.7129867865206942,4.512601948692032,3.676370346459834,3.7896327758517576,4.739693842306011,0.4432771693344566,0.5384633314778736,0.5079464285714286,0.5815164279696714,0.5811365850264403,0.7651785714285715,0.08203032855939343,0.13802915391038129,0.27,0.18250210614995788,0.1157587670470359,0.12785714285714286,0.05973883740522325,0.07612092958530475,0.11803571428571429,10.532182135899326,9.375319631923183,9.394642421177455,10.037826782329402,9.000880074972168,12.399106706891741,18455,593,0,567,0,0,0,0,0,1,64.58
2020-06-10,1.3582474359755308,1.2975865894330765,1.3655665258169334,1.7664066928388997,2.0773029503552674,2.124991600807805,1.7564674339442579,1.3118014006269167,1.8217533776889747,3.47549485273035,2.3700563064906026,3.334287718358884,0.9151846292238515,0.9020044273638808,0.8985521468074702,1.1481172852528505,0.8906440867908904,1.3235644500879558,2.5877415800393564,2.3631844143029164,2.6677549291058598,1.84793216326176,2.090895781751172,2.005429508477482,4.234880294387654,3.747577992643598,4.09023077082483,3.7570553402820086,3.71589471529633,4.207955889284416,0.41045762711864403,0.5559618055555556,0.4044186046511628,0.6252033898305085,0.59655,0.6807751937984496,0.11444067796610169,0.1407590277777778,0.1197674418604651,0.21133898305084745,0.11970034722222223,0.16534883720930235,0.08744067796610171,0.08193854166666667,0.1355813953488372,10.536525092690677,9.434420572916666,10.200000378512597,10.10101711467161,8.812086588541666,12.050387596899224,18151,776,0,567,0,0,0,0,0,1,64.58
2020-06-11,1.4484074477376778,1.2556515426571224,1.3431464670850068,1.618842839788638,2.1303171865781745,2.420534021674728,1.7390821999718409,1.3183713207546996,1.850094253409063,3.4723934935468295,2.414542349787343,3.9619165974106605,0.8933279702404544,0.8874369842447667,0.9945670873018384,1.1229574345659792,0.9264753756005875,1.2682424825885745,2.638662697863886,2.3253192454309595,2.8400505474621562,1.8966107401011532,2.0815759916357846,2.1288336320360064,4.1456795299897236,3.6793523630535816,3.91778551157853,3.6238185862527716,3.8118081916506714,4.881441525263086,0.456286836935167,0.5429412787866138,0.34900000000000003,0.6249312377210215,0.6061006748765047,0.5542727272727273,0.17845776031434182,0.1526414109789188,0.15945454545454546,0.1713555992141454,0.11552772559660475,0.14263636363636364,0.05912573673870334,0.08295310651916787,0.07681818181818181,10.773378982993615,9.363587542614624,9.742726828835227,10.40844870456778,9.071436025881862,11.62636385830966,18581,827,0,567,0,0,0,0,0,1,64.58
2020-06-12,1.355085606439433,1.2943481614728876,1.2297783047238837,1.5925147213567397,2.1112111053174796,2.5290533751175674,1.7010922989130135,1.344794942507486,2.1155377770302937,3.507647164775081,2.389581719445719,4.429723677054239,0.8139579339247657,0.918869554944405,0.9439230111537391,1.1054465223039374,0.9503514411204927,1.3055100914233466,2.6680869274030843,2.341621298166641,2.5313524567269363,1.8656227079462862,2.0862342239444205,1.983022978733705,4.29948178759603,3.711988050424516,3.8758596531592198,3.512082603401729,3.78604738554711,4.789307352925949,0.40876475930971845,0.56859559218778,0.35194174757281554,0.6042597638510445,0.6307876724601327,0.7006796116504854,0.10594913714804724,0.1600799139939079,0.16640776699029128,0.18356948228882833,0.11707543450994444,0.1412621359223301,0.04606721162579473,0.08474395269664935,0.10203883495145631,10.17792951010445,9.561648898046945,8.754369050553702,10.008264858651225,8.992313205518725,12.909708263804612,22181,882,0,567,0,0,0,0,0,1,64.58
2020-06-13,1.4412640844141902,1.2938971712868865,1.362815270650663,1.7448879145520417,2.160489224952233,2.4819149259668394,1.7258645856225556,1.3575213634813519,1.7790412551315637,3.4801227607535394,2.4807338009863837,3.848826445229956,0.8909875806207537,0.9035683924896284,0.8952162016797983,1.1519034251470661,0.9745003905567188,1.3413618306771518,2.776298197862043,2.394023860828937,2.8766633327248643,1.918331750852779,2.075757491529357,1.8822088086041895,4.486074507445302,3.7113654296698035,4.218476089049319,3.637539604902121,3.860838340309481,4.726059204896178,0.47574971815107103,0.5510232892008294,0.6859302325581396,0.5912965050732807,0.6207740468974319,0.7419767441860465,0.12972942502818488,0.15192813845908437,0.2802325581395349,0.17409244644870348,0.11803676822459722,0.15441860465116278,0.05071025930101465,0.08230499282182166,0.06325581395348837,10.704622322435174,9.43236934718456,10.11976729991824,9.873957379157272,9.10071382995693,11.843023255813954,22890,888,0,567,0,0,0,0,0,1,64.58
2020-06-14,1.299790542156237,1.3009505468263023,1.2093881029995535,1.692995414915766,2.151885273031995,2.4035661368994186,1.678889513097873,1.3383019867142663,2.023527442002769,3.3082213650679764,2.4498653208678847,3.6116401981992556,0.8463263029881255,0.9074264344757972,1.057680729253806,1.1042091552323443,0.9627585563276505,1.3419079522616593,2.5725427054571464,2.3363772774645324,2.8778260647182576,1.8807836166543759,2.066319233765634,1.8050380560313315,4.203434179528861,3.7041248916406384,3.8780676062510584,3.6961229879249626,3.8238893214606655,4.81307681540075,0.4476363636363636,0.5665456783834267,0.39999999999999997,0.5826060606060606,0.6428060791305824,0.6135869565217391,0.10712121212121212,0.16312744099167942,0.16217391304347828,0.17230303030303032,0.12176345729325863,0.15586956521739131,0.06423232323232324,0.08767490236033282,0.06184782608695653,10.526363241792929,9.520003528824928,9.348912778108016,10.05343473800505,9.01025216505349,12.11195705247962,28333,735,0,567,0,0,0,0,0,1,64.58
2020-06-15,1.3244881331294072,1.306317376493425,1.1539669437453095,1.719272547422254,2.093663140478203,2.665328389920768,1.8054639656615221,1.2983737670231141,2.1966975141696463,3.417896822122348,2.3772683041268827,4.110385770500762,0.9192804800256172,0.9046307829047757,1.0695752934079412,1.0803032879757226,0.9164294156186795,1.5008093166227627,2.618556042095412,2.326524506057047,2.5009219334957336,1.9306027841381803,2.0878776098040115,1.8829633498427036,4.189638533898679,3.713527072677925,3.8793753935246005,3.719570623499651,3.7531291151833823,5.006137629235953,0.4104653284671533,0.5420934082991273,0.38,0.6096806569343066,0.6129595391673278,0.6374166666666666,0.11761861313868613,0.16021868855851815,0.17475,0.1584124087591241,0.11483839812355559,0.21033333333333332,0.07067518248175182,0.07847987306405436,0.010666666666666668,10.423540324190236,9.527543030595702,9.030832926432291,9.721441784044252,8.72696375599324,12.222500610351563,26434,685,0,567,0,0,0,0,0,1,62.5
2020-06-16,1.3310168801287638,1.2872609464837212,1.176302965650846,1.7490644773535198,2.104230807465465,2.3196094679111425,1.7398846809430315,1.3341573329322276,1.7257339030136882,3.4664951203723744,2.3846190627109696,3.8255199367853536,0.916240317252049,0.9028889201784218,0.790616861260615,1.1966145976854847,0.9487745424161912,1.0729180430048728,2.633851004996472,2.3504186854166176,2.650209222569068,1.9342599433753576,2.075023171154688,1.7976064373682386,4.230534495952633,3.735911603113786,3.666463264826443,3.7353817427573213,3.7926351816631807,4.491738849505519,0.3880730050933786,0.5407921784098255,0.23887850467289717,0.6086757215619695,0.6023875242404654,0.8110280373831776,0.10292869269949066,0.1494224305106658,0.22074766355140188,0.16692699490662138,0.11702230122818358,0.2644859813084112,0.061570458404074706,0.0798584356819651,0.10383177570093458,10.441680649140492,9.419230769230769,9.050467517888434,10.465025301092954,8.758390231092436,12.938317985178154,20778,489,0,567,0,0,0,0,0,1,62.5
2020-06-17,1.2632244381498974,1.280075628379501,1.160065979202997,1.64913455543643,2.119457575215269,2.3721565351334473,1.7130226922470364,1.328533706985715,1.7198908863268274,3.5065327929558414,2.405749890554972,3.7411720122071053,0.7729190817811261,0.892722885623389,0.7955624850715532,1.112173085052544,0.9582788805287048,1.3028475800166943,2.6149730371035314,2.353835575616927,2.6424751553121775,1.7454291890690807,2.0455629835203766,1.811960289553328,4.099997099496159,3.705728490697925,3.9769039503121997,3.71049993754803,3.8333759416910604,4.5538805881749855,0.35322157434402335,0.5359321925065015,0.36128712871287133,0.6220699708454811,0.6150627668796353,0.7793069306930693,0.0973469387755102,0.15020965100972805,0.1769306930693069,0.2121137026239067,0.11867114007769608,0.27376237623762373,0.049613702623906714,0.08173307220599094,0.05900990099009902,10.027550878052114,9.482030773429223,10.221782419941214,10.103571855639577,8.90454337496388,11.909900023205445,20591,525,0,567,0,0,0,0,0,1,62.5
2020-06-18,1.3616933381018836,1.2815111718130583,1.2227594663011978,1.5524668653317208,2.075655745280711,2.5765353312252297,1.6431814261184066,1.3173069212550752,2.26291623763019,3.5459963208563687,2.3399893364939475,4.218739695493181,0.8698217472896914,0.8979657945154441,1.0144595539170362,1.0756804146484351,0.9498039141060983,1.538372783055661,2.659718740596144,2.3265210012359554,2.483096662339878,1.8858748461371975,2.072554178189081,1.914818468682027,4.160027947793612,3.6904214492624816,4.041098416193481,3.625433222844659,3.7768054942813096,4.9978666740459445,0.4033616298811545,0.5517547853078116,0.46048611111111115,0.6554414261460102,0.6077406449387825,0.6859722222222222,0.12414261460101868,0.14726677013278153,0.12604166666666666,0.1882427843803056,0.11614864631833074,0.2290277777777778,0.0500509337860781,0.08064148991205379,0.06576388888888889,10.033446851124788,9.546149120538024,9.743749830457899,10.176570458404075,8.687345878599759,13.424305386013454,24777,674,0,567,0,0,0,0,0,1,62.5
2020-06-19,1.31291049238264,1.2404845463317629,1.1039030347052263,1.7396706091084824,2.1052581714689267,2.2700871876684223,1.8597252927608223,1.3262886225540127,1.8756603978761892,3.8140876010931413,2.409669968292917,3.8426778980399674,0.8409604574198088,0.876536100065153,0.9127934420443996,1.1623125848398226,0.9696221594442281,1.3188444448186358,2.5590221676805593,2.358313466033016,2.7032252918198396,1.8162997141852608,2.0415695798490985,1.7565688437963534,4.148323366797852,3.660815736481864,3.9709281676171457,3.794238729192312,3.913385668343858,4.610826369464268,0.3676901408450704,0.5374805699481866,0.41026315789473683,0.672943661971831,0.6327966321243523,0.7095394736842104,0.1018661971830986,0.1522535621761658,0.1355263157894737,0.20481690140845069,0.1229630829015544,0.15296052631578946,0.08308450704225352,0.07873056994818653,0.1551315789473684,10.245915630501761,9.401891394106217,9.297368099814967,10.580211542693663,9.021026959196892,12.348684210526315,25816,684,0,567,0,0,0,0,0,1,62.5
2020-06-20,1.440289103912146,1.2564598549990869,1.3218787453622909,1.6871362677120754,2.126458811545555,2.614382588093781,1.6866830294786241,1.3556215152811473,1.928207284347788,3.603534521789127,2.44322621251783,3.9071644007501267,0.8997194855193467,0.9158107913810862,0.8846463793604185,1.149251301730525,0.9967784424293517,1.3806937801403143,2.7091897622338728,2.3063795547329655,2.5901602116523574,1.9014678924819994,2.0280523681303246,1.9496026945885823,4.119716893679952,3.6478395743169147,4.249722568815033,3.6230371250207125,3.8961735547241094,4.903561616379729,0.4540519730510106,0.543006940199216,0.19853846153846155,0.67553416746872,0.6347650041353519,0.7118461538461538,0.11088546679499518,0.1565949872343486,0.13107692307692306,0.20981713185755535,0.12176885181056492,0.16584615384615384,0.0979403272377286,0.08073968859002481,0.1453076923076923,10.295187868443215,9.527005645654285,8.86846172626202,9.964774196944177,9.10220443471538,12.463076547475962,28520,643,0,567,0,0,0,0,0,1,62.5
2020-06-21,1.3059985719714893,1.290415601695357,1.3445151492268312,1.6038038150735425,2.1975308993472438,2.4759175669865736,1.6426685054477383,1.370638022893211,2.2510814631809075,3.4937669169660333,2.44159125566471,3.8981578649362683,0.8357153894566555,0.937443262629446,1.0312514574319853,1.134219107204916,1.0110474615453178,1.4885583728382432,2.775045510052334,2.3348502873748056,2.7286331725905355,1.7645147389488474,2.0004926072391607,1.744219685233569,4.1722233674891305,3.620741127049447,4.172808958218865,3.6254134595344665,3.974747576590011,5.260119687911642,0.38358178053830233,0.568923159399571,0.3258273381294964,0.618543823326432,0.6538098641887061,0.6567625899280576,0.09540372670807454,0.16125160829163687,0.0820863309352518,0.19303657694962043,0.1232830593280915,0.2822302158273381,0.07263630089717046,0.08538777698355968,0.06827338129496403,9.980814489518634,9.604145818441744,9.454675907711332,9.938853977958937,9.22985670568263,12.913669064748202,33105,755,0,567,0,0,0,0,0,1,62.5
2020-06-22,1.3149372833667559,1.2860369902773607,1.2449336720068553,1.6652111301945867,2.0826470840643356,2.062785270397486,1.6947841177487688,1.2975219455201144,1.844947201074749,3.47736310745762,2.3273314543769263,3.938431466950272,0.8047390235573869,0.900054888857348,0.8510364149846584,1.1129790323785922,0.9288324395493378,1.2689268938065943,2.75543054468145,2.3274676118379936,2.91628697223651,1.775488101976989,2.0537236060839694,1.6809679910376554,4.208427787289135,3.6893494330466305,4.237250669626817,3.612931777621026,3.7590018029067473,4.288738731607736,0.37128088426527955,0.5510687371546015,0.3148087431693989,0.6257152145643693,0.6205134897073695,0.7167759562841529,0.11807542262678804,0.15378266401331026,0.17333333333333334,0.2035305591677503,0.11697028023358234,0.11021857923497269,0.06841352405721716,0.08069650605160997,0.05371584699453552,10.095058644546489,9.534466447003556,9.456284153005464,9.8794535821684,8.651809162235343,11.935518858862705,33467,576,0,567,0,0,0,0,0,1,62.5
2020-06-23,1.2656959349730592,1.2603362800239806,1.1359243670796673,1.7812937815819256,2.0910829913524975,2.2515741582283026,1.8269195377378618,1.2949100685694133,2.009518800545618,3.5705199426471212,2.348370569763669,3.646035955102042,0.9036901271790595,0.8990870648001504,0.9866603344033249,1.241253228430922,0.9514657223989234,1.368673073324875,2.638785864973477,2.3327262874453787,2.6275720955178414,1.8348346467282934,2.0399236027497576,2.016177136906549,4.064771566908363,3.702325127757091,4.122114090304165,3.89253895564214,3.787307831543695,4.672980854497307,0.4085548387096774,0.5278711408586589,0.33,0.6184129032258064,0.6119485648818138,0.5758787878787879,0.1272967741935484,0.1440759165460685,0.1143030303030303,0.1948516129032258,0.11268481669078631,0.14557575757575758,0.05969032258064516,0.08130336468885674,0.08066666666666666,10.621032006048386,9.416676088398455,8.933333333333334,10.660516633064516,8.694120650928605,13.00909090909091,27345,413,0,567,0,0,0,0,0,1,62.5
2020-06-24,1.289817714816303,1.256678843342576,1.0653343986841943,1.6827604797662752,2.083969974762091,2.37624357311821,1.7294588684997447,1.3046108367295148,1.8495723193141416,3.5571426288926538,2.3477173418110273,3.6052088140356773,0.8364861600187292,0.9042048422045984,0.7742860181753676,1.097148715425886,0.9383824724750246,1.1214907054340186,2.5754338234852567,2.3343882492798134,2.466658739027832,1.7956296599680617,2.0542928772855693,1.9297497276568478,4.1027486687114605,3.6801937579455264,3.844625120167795,3.7178753707396908,3.757181308884772,4.664882776553609,0.41012675116744496,0.5361481586805062,0.3303424657534247,0.6477718478985991,0.6092299161097682,0.48431506849315065,0.09702468312208139,0.15073027157685198,0.10602739726027398,0.2362241494329553,0.1140901464524385,0.13417808219178082,0.08125416944629753,0.08281473055595052,0.06876712328767123,10.177852292153101,9.41385521825679,9.452054794520548,10.12948606362575,8.733405019195223,11.882191279163099,28698,415,0,567,0,0,0,0,0,1,64.58
2020-06-25,1.3818737706303472,1.2620801850654975,1.5110156223909403,1.6362216585863867,2.1484217497197178,2.4244560807975613,1.7205561051592106,1.3288710611466819,2.09163398564097,3.3664277560034908,2.442222492370128,3.5603068631737487,0.8337690299643643,0.9030641604016221,1.0222362643248506,1.046808452812121,0.9836105611453663,1.4166479147152393,2.645453367596201,2.3456143829394294,2.7588495037247664,1.8298628346122503,2.032058505378194,1.8713866297949513,4.203159558388756,3.670829714624575,4.2966711938895745,3.6094321312482385,3.9119828301566986,4.647594110483589,0.43032707028531664,0.527024888426471,0.45576470588235296,0.5793180236604036,0.6275037647509788,0.7609411764705881,0.12786360473208072,0.15789612025299127,0.1123529411764706,0.15122477383437719,0.11400131424034171,0.20011764705882354,0.06773138482950591,0.07671220874517427,0.06923529411764706,10.475504387395615,9.424107754018015,10.265293974034927,9.86116910229645,8.996021342715549,13.057058536305147,37887,746,0,567,0,0,0,0,0,1,64.58
2020-06-26,1.4577510494127104,1.2570133536730317,1.2905048497050604,1.6911597126599953,2.1628699657964394,2.4988241116457095,1.8184396775758414,1.3510593033203655,1.969921399269833,3.5775549622623175,2.4631128133152824,4.075750232115206,0.9377804605507455,0.903538844833008,0.8949650805287368,1.1556928985504098,0.993753910786716,1.3946087639451166,2.7336246426404562,2.3623085589842305,2.8749153425019887,1.9175603678887987,2.0229935525163234,1.964222218849035,4.185715878437477,3.665230736910479,3.934975616295778,3.75372967214871,3.923516638746173,4.818774856552046,0.4365205664194201,0.5218218446851101,0.41425414364640883,0.5835198921105866,0.6349006826464098,0.6387292817679558,0.10482805124747134,0.1555137812451881,0.15812154696132596,0.1948954821308159,0.11603166863419391,0.14314917127071825,0.044025623735670934,0.08092798850279731,0.047900552486187846,10.714093054619015,9.376223021351947,9.782320307104627,10.613351051500338,9.11672996971719,13.015468534185082,37320,692,0,567,0,0,0,0,0,1,64.58
2020-06-27,1.3236813093869169,1.246995882320031,1.372472665251246,1.7377846872070313,2.1853538261269994,2.512338176173893,1.8189576929020819,1.3629992247442329,1.9114268514819635,3.4182103006140996,2.4885084574688863,3.7619334354309686,0.8357953997381529,0.9038692822550647,0.9370477194232475,1.160458040695369,1.0197309061462931,1.320292729899696,2.5581376835730256,2.334524114654146,2.805567908695258,1.8116752202401523,1.9882260160587786,1.9704598845787296,4.125660389621398,3.6469681809597434,4.024807890334224,3.766027189497096,3.995388033348219,4.8927431777601695,0.3666983578219533,0.5154434628975265,0.4101162790697675,0.6454537597234226,0.6372723792697291,0.6652906976744186,0.14396715643906655,0.1542550058892815,0.12953488372093025,0.1960933448573898,0.1224193168433451,0.15947674418604652,0.0567847882454624,0.08060306242638399,0.1347674418604651,10.639412104310717,9.347016710836279,10.0976747024891,10.10725981795592,9.322682935806831,12.054650595021803,47021,2533,0,567,0,0,0,0,0,1,64.58
2020-06-28,1.2945694175988773,1.2691118009156286,1.2287650141531334,1.6834919810788358,2.1559117538498658,2.393875271343529,1.7022486855055121,1.3332627519475797,1.9665963848290111,3.4283680597388004,2.4485677727902124,3.9283103297092867,0.8446267983881262,0.908181433406939,0.8588453376884462,1.0997964368529407,1.027715144090747,1.3983996472324398,2.7267903765387986,2.3317146266071536,2.7861514829221887,1.7713131315065371,1.9912975712076162,1.9234949866847424,4.241628459358544,3.685857658142308,4.1016116137493,3.7939499843188105,3.9686451044370137,4.846966612972874,0.3931741821396994,0.5364850500404053,0.2897857142857143,0.614420866489832,0.6378321004537826,0.7344285714285714,0.12710875331564986,0.15357213899421893,0.16378571428571428,0.18842617152961982,0.11801361347672033,0.178,0.06317418213969939,0.07809255920929944,0.069,10.414323262046862,9.439009370920619,9.368571254185268,10.377276918932361,9.136199843040965,12.590713936941965,46540,706,0,567,0,0,0,0,0,1,64.58
2020-06-29,1.3822238787238101,1.2836576081208504,1.2370946579127151,1.7287432143803974,2.1059286377819553,2.5416942836384453,1.7276309204818645,1.308009221421114,1.6055946457733965,3.5737769470081187,2.397416740654024,3.892154072820372,0.852572278363217,0.8957059741610081,0.9283592132291826,1.1657065466540237,0.9734501725840401,1.312629743277414,2.706468414111521,2.3543797390773227,2.7141078949472472,1.8386201798190933,2.0334300545699433,1.9700012193266627,4.28326926113857,3.6983467728882076,4.23888457196827,3.8343395815297727,3.8589302261309064,4.80710428180579,0.40371271585557306,0.5443998645674623,0.319937106918239,0.646773940345369,0.6279724620506743,0.6373584905660378,0.1155729984301413,0.14938773206929631,0.12,0.1898116169544741,0.11898651317645731,0.13930817610062893,0.0696232339089482,0.07683172507194853,0.07339622641509434,10.763265612735479,9.490565571920321,9.638364779874214,10.273233602335164,8.86598968032278,12.369811627849844,43653,593,0,567,0,0,0,0,0,1,64.58
2020-06-30,1.2743011402402198,1.2795412615822594,1.257241275636013,1.5763477085730042,2.1613269566540327,2.452400731986608,1.7235995878918167,1.3172821632457488,2.045013410978462,3.4834777486262287,2.4766080189805955,3.865159353423843,0.8225074944200441,0.9031448050995914,0.9088597939184162,1.123285231000354,0.9821231182973855,1.3536990094520664,2.7255988894440115,2.33914071158311,2.7042204492375626,1.8087574976648777,2.0504781604900173,1.9054361244171851,4.2626176776795095,3.7071693156157735,4.0243964612802925,3.684135413166405,3.9249429371848374,4.997991465028902,0.41334326579261027,0.5408193171916669,0.3164676616915423,0.6708224076281288,0.6171312016476118,0.7880597014925373,0.12308700834326579,0.155579436537903,0.12945273631840795,0.22280691299165672,0.11892218731022099,0.21587064676616916,0.05154350417163289,0.08099833654582421,0.07363184079601989,10.196364719904649,9.435690498508173,9.626368280666977,10.309058170068534,8.844126257492144,13.15721441620025,37583,439,0,567,0,0,0,0,0,1,64.58
2020-07-01,1.2724944486325724,1.2846887683245036,1.2812459772099731,1.64779171543923,2.1586907312399,2.316983161681474,1.7540120233478629,1.3445134263218161,2.007142693270994,3.476029327541558,2.4531220965450595,3.4376053453067215,0.8539268743022622,0.9145549043832641,1.1780928291333561,1.1047509960701953,0.9964479227377002,1.4213992809292664,2.646535517212808,2.354149766537403,2.687497063399359,1.7905041429897983,2.0415012740894776,1.823255806658392,4.149268642923391,3.716428050572789,3.945401015349791,3.6312077787177097,3.9323472027368895,4.85898567965239,0.3480929390464696,0.562108911674003,0.33668508287292814,0.6457875678937839,0.6229753024592107,0.7060220994475138,0.12175015087507544,0.15057223437623554,0.167292817679558,0.21893783946891976,0.11810696117451698,0.18966850828729281,0.06060953530476765,0.07966103481905162,0.09867403314917127,10.424984441007846,9.556535655921348,9.622651663933011,9.976161738080869,8.918322010332375,11.761326236619475,38517,461,0,814,0,0,0,0,0,1,64.58
2020-07-02,1.3656500852664826,1.2535958949859929,1.2295204704012423,1.7621741235352202,2.1731017794857608,2.516402951162433,1.7076059646289596,1.3344268519829712,2.2494971228116336,3.550759140268054,2.4893669738471345,4.293542087116121,0.8144937749055952,0.9125018234012237,0.8254637304932486,1.1357374095872277,0.9934793703963007,1.6176407513832316,2.6492677892720873,2.333698243049026,2.585031662638306,1.8042517344204416,2.029754115126033,1.7933721420448616,4.207021967371636,3.692188403493487,4.03724564769624,3.684342587499395,3.930416147402458,4.9574114395162665,0.44004834810636584,0.5277522970232581,0.2502732240437158,0.6279613215149072,0.6080917807876223,0.658087431693989,0.12091861402095085,0.14977092356608168,0.13601092896174863,0.17968573730862208,0.11522068948251259,0.17562841530054646,0.07145850120870266,0.08125754199734622,0.0766120218579235,10.148347791599516,9.55382435595724,9.648633612961065,10.188880250302176,8.900320456650727,12.349179794228142,47253,662,0,814,0,0,0,0,0,1,64.58
2020-07-03,1.3343711614115967,1.2791392830426158,1.1213781495956643,1.7691521491562623,2.170789831091583,2.2871965471626297,1.7522631507287938,1.361200071750101,1.9767909501623362,3.5572500132245266,2.463424026468133,3.6620351603819863,0.934001020946556,0.9102227005488851,0.8717725936627136,1.1857358710074246,1.0243399375676496,1.2627308553034622,2.5454986929614654,2.3584320315748624,2.5033914370975086,1.847995705478005,2.025776220546768,2.0572870718965914,4.12628193322126,3.6826750355438174,3.665671899491816,3.896571218109926,3.940234009931039,4.7771751208503,0.3918987341772152,0.5187793312075872,0.37475,0.5859642591213701,0.6313313165998964,0.7223124999999999,0.14686522710349964,0.15278854277382609,0.134625,0.16068503350707372,0.1253536096803205,0.1989375,0.0654132539091586,0.08121767094541193,0.1300625,10.470886366809381,9.538538515520672,10.111250305175782,10.378108566409159,9.097247772054615,11.379374694824218,59342,782,0,814,0,0,0,0,0,1,64.58
2020-07-04,1.2784603270260901,1.2906923167396196,1.1229242547969598,1.682098694914293,2.1770478796594657,2.264127061821755,1.7316310349782649,1.3545064314874014,1.916929058590921,3.631534875430783,2.4912763789653884,3.9153124334855507,0.8057181132600184,0.9183835892262554,0.9154001007181913,1.127825826164898,1.0314032580485846,1.318571627564137,2.6824679735649446,2.3615023027385544,2.6224905873019875,1.8647037424432102,2.0048400512327014,1.703620197213079,4.199910528148272,3.6843241575220143,4.1411512936141985,3.686970650596503,3.9751730224204582,4.7560930677144375,0.39442207307979116,0.5617862874751236,0.3467549668874172,0.6803206562266965,0.6346334339089684,0.7262251655629138,0.14656972408650262,0.1547554086152661,0.17927152317880796,0.20038031319910513,0.12102908133786994,0.1689403973509934,0.06552572706935124,0.08477402580727997,0.0719205298013245,10.31841909023117,9.698655268986325,8.847020029232201,10.124832506058912,9.23251929928741,12.269536100475994,55452,704,0,814,0,0,0,0,0,1,64.58
2020-07-05,1.3000174431906062,1.3182257764732823,1.2749073888633544,1.613336687605409,2.196398773108282,2.291415564611865,1.7375892335814072,1.3615780758172296,1.9583944192643263,3.6143496970650952,2.4782937292923037,3.880260511675847,0.865622658016305,0.9342538896622984,0.996652926669431,1.209866180268204,1.0325973501781396,1.2186635460929904,2.5680739716878165,2.3719809075062934,3.24308538258519,1.8518964686347348,2.0386107976406986,1.9303051105748876,4.1681252597208145,3.7074914542156603,4.240464613967632,3.718509975493802,3.9661529676520826,4.480949079963981,0.3945909451945989,0.5607634478289047,0.40942028985507245,0.7140508339952343,0.644849319507453,0.758768115942029,0.15382049245432883,0.15528224238496435,0.1408695652173913,0.20210484511517077,0.11855249513933895,0.1468840579710145,0.06886417791898332,0.08158554763447828,0.13884057971014493,10.568546310315726,9.587718729747246,9.541303993999094,10.004924698421366,9.147660806869734,12.604348003000453,60366,810,0,814,0,0,0,0,0,1,64.58
2020-07-06,1.4534699609010773,1.2819334788486985,1.2723422990648467,1.7483211632208835,2.2055263209410225,2.5007272911994356,1.622141067211345,1.3619767507839937,1.9733330253475005,3.2593379592288185,2.466685620149451,3.812832623340075,0.8881105573113287,0.9219378382824378,0.7746981638941296,1.0513406529066087,1.0294493478230413,1.2902398162351187,2.7027410656995476,2.337007672939138,2.4159179424090516,1.923029049083561,2.0544113119661893,1.8307398098199774,4.218142718302235,3.6727580663870434,4.113437065504625,3.759035046544118,3.967759499510544,4.922293622440399,0.4234597523219814,0.525714879144274,0.30355828220858894,0.6489318885448916,0.6503697068826753,0.7100000000000001,0.13478328173374615,0.156267102837708,0.20883435582822085,0.185046439628483,0.12237479554482437,0.119079754601227,0.059249226006191945,0.08495132019627698,0.0494478527607362,11.029798761609907,9.477397155801334,9.700613197373466,10.036532658910604,9.101401653815199,12.41227038798888,48978,539,0,814,0,0,0,0,0,1,64.58
2020-07-07,1.3475089546418957,1.2794885311437174,1.1902879981786225,1.7049607641012205,2.159377508499142,2.4573343405297607,1.6203963056461015,1.3532953138060175,1.793025422790263,3.402747178605772,2.4095907813534123,3.7115110131898095,0.829711305768593,0.9206208741656794,0.9345285771796512,1.0958778857554128,1.0021841358619934,1.3339791814935038,2.602828523652404,2.372752425215615,2.7131531831514653,1.7764735607903768,2.0504306158038017,1.9670872788999418,4.057715351665881,3.726605794603099,4.040343377377206,3.7115034254828774,3.8994434486398473,4.766657503243087,0.40235645041014173,0.5265451162341114,0.35593548387096774,0.5861148396718867,0.6129437919868542,0.6309677419354838,0.11144668158090976,0.14687037842540235,0.12329032258064515,0.1678970917225951,0.11431177806775893,0.14845161290322578,0.07019388516032811,0.07594703010970955,0.09000000000000001,10.301491278663311,9.471405895075154,9.386450982862904,10.376808934563758,8.923208611231937,12.22709724672379,40413,460,0,814,0,0,0,0,0,1,64.58
2020-07-08,1.2727137182217567,1.264595650708198,1.2589018451502059,1.639353782086185,2.188308310017914,2.3125984981751517,1.7613266793803046,1.3791524644226776,1.9955465212510082,3.589429291204543,2.4580839249674438,3.902915448050151,0.8150158571299551,0.9121226851575405,1.0809697227948212,1.09135627785369,1.0293531340314195,1.3267810220872513,2.699551679293209,2.3773642362384186,2.7792357854851355,1.7572820082284402,2.0230143757374295,1.80694130860752,4.198972971494312,3.697616427472958,3.988148341816357,3.7638188245435886,3.998790631156078,4.6149119942638634,0.4175147232037691,0.512439240927755,0.3431279620853081,0.7394817432273263,0.632607257796027,0.6432701421800947,0.1215665488810365,0.14739252025302407,0.17582938388625594,0.21714958775029444,0.12687160137609588,0.1627488151658768,0.06004122497055359,0.08039351903229386,0.08559241706161137,10.353651354534747,9.37155490511597,9.800947867298579,9.886572668212603,9.088265730773498,12.01611328125,50763,598,0,814,0,0,0,0,0,1,64.58
2020-07-09,1.2330142817231209,1.2650059918442635,1.313898815316464,1.6140764524511353,2.162318200589221,2.75085069470603,1.681643142291807,1.3713928150728973,2.2056520524280936,3.4287164840497186,2.4386329785148138,4.236299657070258,0.8287633302089078,0.9059992070932068,1.0868985871547072,1.0585118028840206,1.0084006085663624,1.406894466483022,2.556899698497289,2.3657838749286704,2.5956326862057986,1.7846845832723268,2.0291738355616906,2.1503455474085116,4.098737881021246,3.6980154282802316,4.153898390341326,3.6695318301841433,3.93786642616371,4.948385081615162,0.3910091145833334,0.5307847620901042,0.4394152046783626,0.63912109375,0.6317952709934805,0.84093567251462,0.11050130208333335,0.1494363627517758,0.14040935672514618,0.18158203124999997,0.11909312056047486,0.2225730994152047,0.06963541666666667,0.08231487788265059,0.105906432748538,10.316862106323242,9.462474609565048,9.474268863075658,9.962565104166666,8.97314619417145,12.526901155884502,56754,928,0,814,0,0,0,0,0,1,64.58
2020-07-10,1.343128134741917,1.2690937208943733,1.1585440347297407,1.680586319484514,2.192265984883049,2.2602906908362277,1.7505788916015317,1.3606778342099926,2.0644274899885278,3.520371289244923,2.4701057356712837,4.160985889142218,0.8211402042504421,0.9011600849684198,0.7905242135698111,1.175367662021341,1.017222759548008,1.0509138430756302,2.701977049157372,2.396449515272923,2.527354855964599,1.8466104486724952,2.0022259442936385,1.7847993327585567,4.2191496986691,3.7060346128663695,4.150023503152552,3.7206853586459614,3.9974722830424496,4.706026353288623,0.36518055555555556,0.5274487931075404,0.33696517412935323,0.6125277777777778,0.641447558920561,0.6451741293532338,0.11795138888888888,0.15800631334108656,0.15154228855721394,0.18299305555555556,0.1199966771889018,0.1618407960199005,0.06733333333333333,0.08273087603541167,0.07104477611940298,10.280277506510417,9.447432831747086,9.53880621307525,10.204583062065971,9.00181567892151,12.282587307602611,64775,1079,0,814,0,0,0,1,0,1,64.58
2020-07-11,1.2365750851471595,1.3069657711726117,1.1671789634342045,1.674078110856547,2.2742097003603967,2.278343475085245,1.7096610284358669,1.4130197872569243,1.7929309930591024,3.4413923314238968,2.524086239518701,3.9316375464394255,0.8554873301355933,0.9415514160381856,0.8634225647202998,1.1545251430655712,1.0693065820230954,1.3732011495692944,2.4647926557778836,2.4087700029668278,2.7252215066587446,1.7472740971347502,2.0618670790674316,1.8253335677767537,4.0124768808058,3.6608461227179245,4.0464668222554305,3.86268847486855,4.079338694707598,4.701691012658205,0.3799073294018534,0.5429107773851589,0.2915757575757576,0.6576663858466723,0.6427462455830388,0.6142424242424243,0.1327127211457456,0.15373039973498234,0.1601212121212121,0.1641112047177759,0.1202332707597173,0.09751515151515151,0.07844144903117102,0.08744948100706713,0.042727272727272725,10.271356031486942,9.595052658458481,10.05818241003788,10.122915240627632,9.26170753505963,12.192726828835227,61943,961,0,814,0,0,0,1,0,1,64.58
2020-07-12,1.3981958985201373,1.296351127071185,1.2299002571636428,1.7934170116641779,2.232400852779381,2.736078566059002,1.7672555125165408,1.375410987619139,2.1094063943079138,3.4580993908725595,2.4782420748555296,3.630967148101389,0.8965225377401302,0.93586581177489,0.9985579371521833,1.1361639279827116,1.0524216556425636,1.7288469507919508,2.640157635142764,2.3703603247153993,2.7272829338035867,1.8058589678388974,2.0387815908759084,1.6781447252273334,4.1914001077012975,3.6834816106917407,4.064437452323838,3.721599697360965,4.021798460853562,5.033571745622673,0.450943722943723,0.5411559914351424,0.36136054421768704,0.6131515151515151,0.6502492796531761,0.6631972789115645,0.09786147186147186,0.14808956091887177,0.17224489795918368,0.1947878787878788,0.12408892648497184,0.14068027210884354,0.05700432900432901,0.08953712760051812,0.12707482993197278,10.470043628246753,9.55585909619604,9.891156462585034,10.226580255681819,9.214813701128763,12.886394889987244,68579,964,0,814,0,0,0,0,0,1,64.58
2020-07-13,1.3896384607847965,1.2755936000440355,1.4162263488740041,1.7926568098287676,2.208522693579022,2.3329355668235836,1.7940957522977743,1.3790828458259945,1.9788252418440544,3.5609583978674584,2.4831153730886486,3.6589254498189425,0.906864345212545,0.9237643865857205,1.0245888229369702,1.1274225929167305,1.0360649201163161,1.4106707135966852,2.7390899407480003,2.3854860077473936,2.769591129644697,1.9417351644002543,2.0560194319857854,2.0063456831988162,4.297408592046434,3.6913847092914827,4.174096568222288,3.8307588210714494,3.9892452304462678,4.748498319328469,0.4165622612681436,0.5363342453260374,0.4124867724867725,0.6068831168831169,0.6298495212038304,0.668941798941799,0.11275019098548511,0.15645690834473325,0.16555555555555554,0.18889992360580596,0.11661263109895122,0.1924867724867725,0.053399541634835755,0.08223164614683082,0.08772486772486772,10.836669362347212,9.507626538987688,9.734920764095568,10.248739197383498,9.029145291837665,12.116402116402117,68262,889,0,814,0,0,0,0,0,1,64.58
2020-07-14,1.2947624728555704,1.263020429504778,1.3519366539498205,1.677198551299946,2.238167047531005,2.594747571062419,1.6712005620285693,1.4023872705180411,1.853305277522732,3.509847798683979,2.5180813538400058,4.021400034497512,0.8134759849917748,0.9192148267149023,0.9867378434690555,1.0507029698230848,1.0554368086633021,1.265439760006529,2.6574854429404553,2.3840642595509602,2.785524467585575,1.9504968132748597,2.0322956228341593,1.8943908198605028,4.241867565626558,3.6915359691089926,3.8390852687081924,3.7332219587441156,4.044516433200324,5.008810429099402,0.3580361596009975,0.5233331909805261,0.3645238095238095,0.6144763092269326,0.6395767851042022,0.6680952380952382,0.11741271820448877,0.15342991971301673,0.19209523809523812,0.17448254364089777,0.1211370430474889,0.15976190476190474,0.05954488778054863,0.08132430816535702,0.05671428571428572,10.46340447708853,9.396598479672019,9.804761904761905,10.258666078943266,9.215220762512812,11.729523577008928,58680,840,0,814,0,0,0,0,0,1,64.58
2020-07-15,1.5203431086981862,1.2672907755910416,1.2270463681417012,1.8315312865411981,2.191892941039275,2.2437747305771563,1.7469262257743639,1.3506250614122557,2.021771952642015,3.684299222273173,2.462338123777731,3.927744857097042,0.9266098772939331,0.9127542682000418,0.9163518030039615,1.1105400052307959,1.017519387152585,1.313253231205072,2.701298017908898,2.4065151687209427,2.58274283950103,1.9921384855430315,2.0385604534902484,1.8754907809085746,4.403008858154472,3.738623157830656,4.077087686178638,3.688056708060657,3.98500533388262,4.367196310959945,0.44027206771463123,0.522506012930559,0.39040178571428574,0.5979081015719467,0.6242973145921137,0.6387946428571428,0.12992744860943167,0.14784549526688587,0.15977678571428572,0.15435912938331317,0.11798649573026765,0.163125,0.05070737605804111,0.07800414837044066,0.09138392857142856,10.381741469543531,9.461375885390234,8.857589176722936,10.083131801692867,8.971020708753503,11.463838849748884,56287,731,0,814,0,0,0,0,0,1,64.58
2020-07-16,1.3784419829995904,1.2524086105276808,1.2226351494351548,1.6273684051371926,2.255344096912331,2.6706403398983047,1.6702093096670099,1.387265345290379,2.0661346218696552,3.558073539270877,2.5105370665470934,4.2117426172795716,0.8730975103795794,0.9127028219011315,1.1429296332220318,1.1020166496131023,1.0408486392062448,1.3314120810754038,2.6742088655898733,2.4114742499113024,2.5906054166860737,1.8657420674284984,2.0227212012022555,2.0336087713469846,4.253236565722968,3.69784270671583,3.8754599255416604,3.6603283566132148,4.074845272910948,4.837941803708742,0.39754408883082953,0.5202806948021927,0.32141078838174275,0.6412344872632266,0.6253558769786232,0.836390041493776,0.1078314826910516,0.14792682121392245,0.19834024896265562,0.18129327237099935,0.1237470004182903,0.11647302904564316,0.06115610711952973,0.07946238689650617,0.17908713692946057,10.125669752204441,9.481830515377672,9.105809128630705,9.960352583074787,9.125077741452568,11.94688877723029,64516,914,0,814,0,0,0,0,0,1,64.58
2020-07-17,1.4212836837018938,1.2611513381061616,1.3221154115772455,1.6519572681318457,2.258772657590853,2.4546900472081097,1.6705934948895438,1.3853095817709322,2.006670528896585,3.5964991938563813,2.51796805585421,4.121381047328213,0.802166327115672,0.932049742197257,0.9910534881904121,1.0842119386611149,1.040655662342378,1.4266968093329724,2.6938756326731017,2.396578389181386,2.6581351809858274,1.8734587921157737,2.0387443391291167,1.9397858375047037,4.315157755662954,3.706003271016192,3.9153570846774843,3.587586805762097,4.077072459914487,4.844360909757754,0.46052488070892983,0.5305180061131156,0.3426382978723404,0.6123176550783913,0.6316914485326225,0.7740851063829787,0.10703476482617588,0.1437554294118999,0.14565957446808508,0.17951601908657125,0.12086433939282513,0.18429787234042555,0.0729038854805726,0.08366878863787833,0.06038297872340425,10.559713435156782,9.455496058649139,9.696595536901595,9.931833674164963,9.147654867510859,12.480000207779256,72389,1122,0,814,0,0,0,0,0,1,64.58
2020-07-18,1.3460557970300864,1.266925933442475,1.2204440539955392,1.7961501431762672,2.245594083026304,2.5649298661194244,1.8867504494993126,1.3875122090323484,2.178436677863177,3.6774653443979517,2.5222465817773942,3.9751432652498937,0.9210572901296572,0.9196780865304234,1.10729123614729,1.2239411861989775,1.0452769130164978,1.5977342538416839,2.51772777888025,2.365874322975526,2.6706295610963444,1.8493649091185034,2.0186620756562843,1.7374404181551888,4.141754809291144,3.6726026330884984,3.881600804811201,4.033050195723343,4.036138945370667,4.776301929249894,0.4289071986123157,0.5433027686811551,0.2617333333333333,0.6342671292281006,0.6548755582018457,0.7857333333333333,0.12388551604509974,0.15420869306341173,0.14093333333333333,0.19168256721595836,0.12445966061327775,0.20839999999999997,0.06291413703382481,0.08248734742482881,0.09186666666666668,10.226972436036426,9.64824352485859,10.452666829427084,10.441717089928447,9.109461521286097,11.882666829427084,69181,1089,0,814,0,0,0,0,0,1,64.58
2020-07-19,1.354171066631563,1.280608213809082,1.3525476627302662,1.811218057909319,2.2637220463585166,2.5517401469262544,1.6563245010189553,1.3927668734882932,2.339649704321475,3.4804637624399715,2.5376667695488324,4.024514540178805,0.9055817511657454,0.921219583975367,1.1475629270887435,1.0973239695579349,1.0516276108881852,1.3068857408712318,2.4819427302147807,2.356827884542393,2.95598285922401,1.8330536817629106,2.0190288248833173,1.9585178714587463,4.195732895163735,3.6817232667751782,4.197492786939197,3.7122009202816244,4.055692911821009,4.886228493394994,0.444668458781362,0.5443449051222989,0.41539473684210526,0.6217652329749104,0.6474276077657124,0.7022368421052632,0.13483870967741934,0.1507535373478118,0.1419078947368421,0.15881720430107527,0.12652681803224747,0.16664473684210526,0.05010752688172043,0.08610919162005046,0.06631578947368422,10.831361832157258,9.607976513655808,10.11776331851357,10.078136375728047,9.13954442936273,11.771710847553454,76952,1081,0,814,0,0,0,0,0,1,64.58
2020-07-20,1.4420882730616311,1.3060215891914764,1.384430565836571,1.7791740152333866,2.163464550866176,2.2999818131971406,1.9114278321714175,1.3502731145330233,2.062484951819336,3.5354138952952208,2.435750529680281,3.843107098010934,1.0047205776504882,0.927257897182214,1.0171782515536583,1.1863405794729402,0.9883540909749566,1.459404380568433,2.7598171086938987,2.3794889113148447,2.959402336290075,2.060996544075898,2.0298087195199765,1.7224758101886968,4.2354128826727,3.764319440754026,4.244801730758795,3.8542369410551993,3.890461384587334,4.863301208177511,0.46395865237366,0.5559172494742505,0.36979591836734693,0.6411485451761103,0.628950701814447,0.7431122448979592,0.12121745788667687,0.14810974715117134,0.12403061224489795,0.19419601837672282,0.12172568102900182,0.2128061224489796,0.06437212863705973,0.08373526678730377,0.10158163265306122,10.693108130742726,9.593365622096151,10.360714659398916,10.301072125047856,8.854042616276226,12.495918118223852,67324,1005,0,814,0,0,0,0,0,1,64.58
2020-07-21,1.305102701251634,1.3029863294031765,1.300929849871566,1.663240471423022,2.1598699574794384,2.5091741733288266,1.6467751159589912,1.3187983041364644,2.168981425353423,3.4678021268408497,2.410069027913636,3.9157763384701925,0.8426787075860326,0.9092266452466244,0.9226310529705978,1.144309143808513,0.9544682388041922,1.3367652466232287,2.5147666150545374,2.3691904229129808,2.5054228256950406,1.738926661180528,2.0446563503543174,1.77581296529118,4.163463242279445,3.7465711558418042,4.260033201109534,3.5945942897919414,3.85609425690544,5.0669184767342115,0.38702023726448015,0.5530572711263239,0.38441176470588234,0.6447732030704816,0.6259185951335665,0.6316911764705883,0.10502442428471738,0.15021405362502172,0.12963235294117648,0.19575715282623865,0.11868566609618772,0.13286764705882353,0.07514305652477321,0.08345338194806161,0.05889705882352941,10.573272854152128,9.613793499020264,9.927205702837776,9.789113611086881,8.725969349157923,12.816911585190716,60012,932,0,814,0,0,0,0,0,1,64.58
2020-07-22,1.3183897750455742,1.3062389553280405,1.1965210390048526,1.7203588340796023,2.1756889857349515,2.27462729565924,1.678633956802904,1.3478233371692163,1.6741055788405927,3.7262272222562816,2.4297786989233043,3.3168073190029532,0.8748336212566201,0.9201903407149709,0.8859639952550069,1.0830804561778227,0.9954278031164971,1.3363570745171833,2.584766600767611,2.378988844771171,2.7068787295047465,1.8899442331055254,2.0753088179312194,1.786612705933709,4.158214188572834,3.7465760557070706,4.018639098984829,3.904272714673787,3.9161224152493217,4.354325779258086,0.40109979633401227,0.5538822675146478,0.3207643312101911,0.6247046843177189,0.6280076618759076,0.6881528662420383,0.10173116089613034,0.14964620161249936,0.1637579617834395,0.1951255940257977,0.11712404226551154,0.11910828025477707,0.06298031228784792,0.08556888176673844,0.08445859872611465,10.29341493232349,9.61570199434123,9.513375640674761,10.183706455787508,8.815140812008613,11.818471337579618,58519,867,0,814,0,0,0,0,0,1,64.58
2020-07-23,1.2417051806717025,1.319940215262845,1.4176395113053952,1.6745005073493926,2.2067340813422973,2.255807316315448,1.6667297997515917,1.3641135768707433,1.9902933530115117,3.5410805277586617,2.4562743294922917,3.9133568069190763,0.8323755873214033,0.9423550619564786,1.0980797743235586,1.0272993813429883,0.9948783881513804,1.4281619907397816,2.5813553575956,2.403496240561399,2.8863158853657134,1.8296032752109386,2.0858568420404713,2.0823158029951316,4.122976817492182,3.755582179536384,4.435449224167426,3.707597239759926,3.9299805613123198,4.634429852288144,0.3962219101123596,0.5598694430250384,0.44775147928994086,0.5783567415730336,0.6265408788962699,0.6863313609467456,0.10446629213483145,0.14627133367399078,0.18875739644970413,0.1797682584269663,0.12804138988247318,0.10715976331360946,0.0618188202247191,0.078973939703628,0.04520710059171598,10.344663469978933,9.614908022483393,10.576923076923077,9.981671622629916,8.902808028870721,11.086982681906434,63336,1193,0,814,0,0,0,0,0,1,64.58
2020-07-24,1.4416067946046824,1.313521565643447,1.322095006362997,1.7064449095253817,2.2448150853616173,2.530357220218255,1.751407437447643,1.3901658143069602,2.0751286818271066,3.477734891040086,2.5056806806306966,4.374646438280126,0.9140490880501687,0.9499948946597861,1.0088299134912626,1.1596206594515424,1.0329919449774778,1.3295062657916754,2.7904385128272478,2.398080036674342,2.6868967748713017,1.8472996088750995,2.0859489334917063,1.8488239875880317,4.312088209644624,3.7471492210633346,4.087326420140993,3.7649660144976944,4.002006191933885,4.952360639826909,0.4093087557603686,0.555730437730002,0.3336627906976744,0.6148003072196621,0.630780069726903,0.7007558139534884,0.10337941628264208,0.14868559945767965,0.12156976744186046,0.18549155145929339,0.12251670540383498,0.22732558139534884,0.06374807987711213,0.08226152430757312,0.08680232558139535,10.605837023569508,9.573491671508812,9.563953488372093,10.346620433707757,9.120186604202983,12.281976744186046,72416,1191,0,814,0,0,0,0,0,1,64.58
2020-07-25,1.3690698125133847,1.3460167711264248,1.199707502439049,1.6810190813800003,2.298658549239176,2.298341150284074,1.8142762903776013,1.3936958559063404,1.987414941167146,3.5016288724727946,2.5595115167545432,3.7412939045856475,0.971319619673577,0.925217936121135,0.8696552304109286,1.1460276674851093,1.0359773831816559,1.4543087949037041,2.5949735699851044,2.407848688453217,2.7212024748212102,1.8857902972876293,2.059491229212321,1.6831148451379232,4.314787557128643,3.7366794590438723,4.151172338483998,3.7969470781676464,4.048769982231247,4.8281016061394135,0.3885899653979239,0.5629722039178099,0.4156209150326798,0.5817474048442907,0.6390256394896063,0.5913725490196079,0.08576989619377162,0.14939255975558616,0.0761437908496732,0.17668685121107267,0.12424848738992392,0.17901960784313725,0.0748529411764706,0.08559575870125202,0.061960784313725495,10.583131149978374,9.721152766129515,10.241175832312091,10.167387543252595,9.1619784490505,12.182352302900327,73142,1254,0,814,0,0,1,0,0,1,64.58
2020-07-26,1.347986200656618,1.34967490476615,1.401824819624152,1.6983505907093308,2.2665511541655814,2.293994950527078,1.7917605937550423,1.3622177747386965,2.0030900204510678,3.5378012931289287,2.5234842434577565,3.9923114397808064,0.8795277484448287,0.930100140534751,0.8523067956786309,1.1678591279083794,1.011281498223695,1.3536003760085267,2.6118478392499154,2.365367608667597,2.5800313610633365,1.8128988464319669,2.038046185562655,1.8471170306688796,4.226665609722091,3.7224398815103164,4.1181708882534895,3.749820372069865,4.020875708636705,4.875569296161176,0.3699131944444444,0.5725803503427266,0.4023076923076923,0.6008506944444444,0.6543588728103579,0.8513286713286713,0.10337673611111112,0.1498047220106626,0.1918181818181818,0.17417534722222222,0.12778644325971059,0.19727272727272727,0.06055555555555556,0.08644143183549124,0.1081118881118881,10.883854336208767,9.806988766184311,9.703496332768793,10.227517022026909,9.060947258187356,12.41118915264423,73152,1284,0,814,0,0,1,0,0,1,64.58
2020-07-27,1.3556293697960835,1.3261473505931431,1.529007300354197,1.7670886644376242,2.163931465078982,2.712254844578275,1.8170657481481505,1.3316152503282406,1.6901699681466757,3.6291749425277726,2.425915459966774,4.058085278084888,0.8950617256765423,0.9177635967941143,1.2717956653038778,1.2380055234517762,0.9715686349501321,1.279747886727268,2.6282054075735646,2.3550065092460115,2.8456067745123064,1.8833643861603677,2.0725728678407447,1.9875554467825691,4.273662051688051,3.7260708212703544,4.307230348197442,3.8220907683780725,3.89517965079298,4.903365635900023,0.40266425992779786,0.5522737819025522,0.4771508379888268,0.599812274368231,0.6240141653437538,0.718491620111732,0.11516967509025271,0.14878373427768957,0.15865921787709497,0.18516245487364622,0.12442227378190256,0.17251396648044692,0.05111913357400722,0.0811659543289779,0.16932960893854748,10.382382389440433,9.6673609415069,9.883798609898744,10.177184397563177,8.83416320674075,11.799999727217179,61596,1148,0,814,0,0,0,0,0,1,64.58
2020-07-28,1.3104057055396465,1.3053693799907444,1.2922926873626228,1.6599670622523315,2.1670985971794576,2.52693404467392,1.6703533234855152,1.3470315245677482,2.1694754786710737,3.5576087218740624,2.429951677025698,4.024990553227708,0.8205462203548657,0.9048548592242611,1.0779394134559162,1.125898350388091,0.9962510102947668,1.5517926982203902,2.485767319665799,2.3669404321000633,2.988109244815722,1.8260241194257103,2.0406115327727807,1.901997383660861,4.119162177210737,3.7840409639735246,4.173448070178832,3.688611332790913,3.8896217483297555,4.842664360245198,0.41149970708845934,0.5341708041442789,0.49038674033149166,0.6223784417106034,0.6056868212836383,0.7951381215469614,0.1350615114235501,0.1424863406561019,0.19917127071823204,0.17842999414176922,0.11853045863655944,0.1439779005524862,0.0678265963678969,0.0769622979437303,0.034861878453038675,10.326830925966608,9.619814692012968,10.280110227468922,10.11200891549502,8.812679951937247,12.317126532285911,57759,951,0,814,0,0,0,0,0,1,64.58
2020-07-29,1.4242671756617917,1.3203075145229666,1.3494803905377877,1.7606684327206255,2.188736218665114,2.337779906269171,1.9029743898648024,1.387886522401672,1.9111516327814702,3.668856536212784,2.4627217725272152,3.7091773432525974,0.9660441419883007,0.9247290603734041,1.1049968736907854,1.1169187438162087,1.0366791802401814,1.5016003148673875,2.6477374543503704,2.3999379190663497,2.877399847935504,1.8494033985738016,2.0488372834289277,1.9366488319376156,4.2637452428974365,3.756368974841629,4.505426657129517,3.841628387784459,3.9364643026133326,4.887160339719222,0.3834744027303754,0.5435836177474404,0.4114130434782609,0.6000341296928328,0.6262269036130399,0.623804347826087,0.11693515358361775,0.14935883252912793,0.15179347826086956,0.19464163822525596,0.12321619395080617,0.1872826086956522,0.0610580204778157,0.08481440508414735,0.04798913043478261,10.73392504799488,9.611618071083912,10.3146740457286,10.064914409129694,8.917773184653408,12.185326617697012,54007,936,0,814,0,0,0,0,0,1,64.58
2020-07-30,1.3433070391708066,1.2832583561615898,1.1117521102670969,1.6473521036834002,2.330069104553294,2.635701599303196,1.7444782326177712,1.4809888620116114,2.051359338141146,3.499065013901014,2.543948211824311,4.202608188469367,0.8891366906250718,0.9538444157158513,0.9176331854296895,1.093982097432116,1.1248477636831402,1.579565557268645,2.6410575301643404,2.4058079865814674,2.711544757608394,1.8049999055351926,2.0345985856922186,1.9248076639040528,4.221800892892087,3.6946780224413387,3.988981558049004,3.711215177897003,4.152861542081428,5.237010715973382,0.3750796812749004,0.5342265018562268,0.27153333333333335,0.6530610889774237,0.6443283833952076,0.8193333333333334,0.14107569721115537,0.14332665372932837,0.1798,0.18169322709163346,0.11915942456969289,0.19146666666666665,0.07587649402390438,0.09169570536618293,0.0922,10.208167330677291,9.460864991140737,9.7813330078125,9.908698539176626,9.46312463086399,12.796666666666667,58708,1163,0,814,0,0,0,0,0,1,64.58
2020-07-31,1.3344148376717138,1.32414265585916,1.2964854447264276,1.624834493530416,2.261179029254723,2.3790345682630116,1.6602168019689085,1.402458653510345,1.8886121665873221,3.4426307315687352,2.4566971578716026,3.892056092185573,0.877222103614053,0.9491007961697648,1.033552143652908,1.1337041360222788,1.0386111672673983,1.2016630015551062,2.5776148392473406,2.3843354844459497,2.6539845127289636,1.8427419621097008,2.074517745695764,2.0934405759569903,3.9826005652527825,3.7418812571477194,4.125496533051287,3.6272199455604355,3.9931179974778592,4.561358177223141,0.46358993338267945,0.5382120998384564,0.411812865497076,0.5714137675795707,0.6220120133785352,0.640233918128655,0.10387120651369357,0.1419630952651817,0.1436842105263158,0.16321243523316062,0.11765284066346614,0.14771929824561406,0.06083641746854182,0.085448112670929,0.07339181286549708,10.74211666126943,9.517235102728039,9.706433034082602,10.087194526045522,9.048501456167095,11.58654999314693,64855,1179,0,814,0,0,0,0,0,1,64.58
2020-08-01,1.4102647770922356,1.3623411135334003,1.2498724782666377,1.7926365092348207,2.282590760798808,2.4343857635726436,1.8103759980874918,1.3857826910627193,1.9744823880014497,3.4853571428645482,2.4868112749498166,3.6084126433095918,0.8795854502351311,0.9476061373666504,1.1241513608602154,1.1591099140821395,1.0247448977105496,1.232773740841571,2.7682314518475097,2.3927686019981094,2.7805503200478507,1.847443335907655,2.0812387274517916,1.6975680108340927,4.3441284472646,3.7341070606227795,3.9638139101298626,3.810873572896065,3.977569287025979,4.773459727944591,0.41021632251720747,0.5801907731029946,0.44723577235772355,0.6178564405113078,0.6561078854789348,0.7817886178861788,0.11831858407079644,0.15405686010925837,0.19260162601626016,0.18686332350049165,0.12330549437977291,0.0948780487804878,0.06823992133726646,0.09466350141578239,0.10520325203252032,10.86568376659292,9.71518730515116,9.338211183625509,10.534317001597836,9.157446800903813,12.44308943089431,66141,1400,0,850,0,1,0,0,0,1,64.58
2020-08-02,1.3815843149320277,1.3102838590508548,1.2929624255586207,1.8159090405382052,2.2541788233398754,2.4292222604373,1.8796577816758895,1.3897927232179057,1.7966050858922835,3.578254284575819,2.499645702468406,3.8109750162967075,0.9187420331927768,0.9259323216375679,0.8127696961643108,1.184981766418948,1.0461102228481765,1.2507110162480013,2.6358591937744817,2.3771749254324726,2.7153636740090863,1.83556438974834,2.0180949134026265,1.719388847080802,4.170142002878404,3.711664302186909,4.524357983861216,3.748196152427196,4.0371382140150995,4.5747109251158555,0.45032075471698113,0.5523938373184604,0.5010638297872341,0.636688679245283,0.6395557457617759,0.7692198581560283,0.10386792452830187,0.1531053619747087,0.17914893617021277,0.1785377358490566,0.1259056270362803,0.1519858156028369,0.07183962264150943,0.08218896681208239,0.11205673758865249,10.42132038620283,9.617176714617042,10.121985469304079,10.658868293042453,9.143119443370699,10.89148901540337,68184,1369,0,850,0,1,0,0,0,1,64.58
2020-08-03,1.289326239872325,1.3323939021641362,1.2617465782629373,1.7086048152566642,2.265086596032536,2.5048519531757387,1.6592000894451222,1.3820276237165956,2.033015773838147,3.4716742054023575,2.4763194665634227,3.7593229695061785,0.8315254563131934,0.9310262175394005,0.9223867387497138,1.1194129965796498,1.0184497839623181,1.3832555901719847,2.558903854445803,2.385410417264756,2.4622862696027794,1.8104731957614,2.0842073386796742,1.925493782101073,4.1315757149664885,3.724989989523541,3.928971341481167,3.5796324405880795,3.9884693963528677,4.704906886876625,0.368933236574746,0.5460504346967003,0.47084337349397587,0.6278882438316401,0.6376081802015412,0.7254819277108434,0.10593613933236574,0.14664023908318513,0.10783132530120482,0.1884325108853411,0.12055893104129618,0.17403614457831326,0.06260522496371553,0.08844151353487453,0.06337349397590361,9.801306382665095,9.66567640411974,9.699999705854669,9.987300435413642,8.998217064315353,11.251204525131778,56412,1164,0,850,0,1,1,0,0,1,64.58
2020-08-04,1.3601735164304776,1.2991368801687873,1.0834034934072545,1.7206497294603955,2.306499453524678,2.5232313423258765,1.7831347313936499,1.4225859158196286,1.7134834175879132,3.4811246566113656,2.541150176257165,3.9593056476691593,0.9051851586289279,0.9371411555798953,0.9609198413578466,1.210205297018409,1.0524057756795568,1.2477936356552022,2.7942521288601827,2.422302472208454,2.6554324104823768,1.8470398524284857,2.062087609432037,1.9313008654186745,4.263916250114249,3.721703516291037,3.990803984669109,3.8028155755463118,4.048191127163717,4.635076575279416,0.3857235561323816,0.5484139784946236,0.2731196581196581,0.6408241401687216,0.6384920523609163,0.6806410256410257,0.12323166774821542,0.14733964469378216,0.1685042735042735,0.17428942245295262,0.12125876577840111,0.10683760683760683,0.05496430889033096,0.08820196353436184,0.09863247863247862,10.31401712564893,9.58630420172978,9.600427350427351,10.21836469824789,9.213733052828424,11.915384406717415,50849,922,0,850,0,1,1,0,0,1,64.58
2020-08-05,1.34833657337269,1.313672062160551,1.2212952686339458,1.7336959308461382,2.238775525773402,2.893096123151416,1.6876324654707067,1.3643191380961737,1.7808136609485263,3.567677526411711,2.4731945665573374,5.168164823819586,0.8135643411198967,0.9355094310554295,0.9545141054655242,1.0893805848976885,1.002341301088582,1.2943023245868757,2.588122369122678,2.3891422712777888,2.4104816636607205,1.8151288482425711,2.076713041337583,2.02810704201604,4.079657282026172,3.7592517636046106,3.7562221468164116,3.664133369007418,3.9491866811363066,5.216980874651229,0.37342511013215857,0.5477601613562091,0.3992559523809524,0.5794493392070484,0.6414174836601307,0.6476785714285714,0.11888766519823789,0.14813189338235294,0.1787797619047619,0.15148127753303964,0.11828788807189543,0.09306547619047618,0.06778634361233479,0.0964938214869281,0.06949404761904762,10.104350220264317,9.611307381025327,9.654166811988468,10.136454174697137,8.940791111366421,11.725595383417039,45329,853,0,850,0,1,0,0,0,1,64.58
2020-08-06,1.2961802747396656,1.34343099981462,1.2662155535204984,1.683317767272772,2.22619561779028,2.6401596440505513,1.6313606860450884,1.3550799962920868,2.2294633068012906,3.503552106205292,2.4582358982262837,4.156906691346075,0.8334818617887164,0.9352001842956003,1.0160756600092729,1.0516626497967319,1.0072294967313293,1.5181805626271527,2.6360919695950953,2.392161200453062,2.680823066165101,1.7867888494298647,2.0707838586103944,1.9031466385501283,4.115283177662024,3.7670749828507457,4.17970699905358,3.631295778730062,3.915197355880004,5.033052450273364,0.39487437185929647,0.5620834995014955,0.3328108108108108,0.5912311557788945,0.6220326520438684,0.7877837837837839,0.1354711055276382,0.14494167497507476,0.24762162162162163,0.16721105527638191,0.11286066799601195,0.12664864864864864,0.07465452261306532,0.08799925224327018,0.10643243243243242,10.377951770571608,9.820254081505484,9.527567435599662,10.086431915436558,8.796702081256232,13.464864864864865,52056,1072,0,850,0,1,0,0,0,1,64.58
2020-08-07,1.2929467957628753,1.3382767724762812,1.4324714635449833,1.6401345196920203,2.2727128251068187,2.415448022116803,1.6591138697143248,1.3980720880135917,2.0469030482334007,3.5992410715568885,2.4803736846398885,4.262175916332724,0.7897235356868473,0.9339116416285728,0.9827191142957409,1.0555424800424513,1.0273792565662978,1.380776899114676,2.5608461197224064,2.3634888695418415,2.414882708898888,1.7964140506570103,2.061900523412161,1.9940373745495426,4.075734294126338,3.7013647864903807,3.9663045501064653,3.648194008235581,3.9796155142232035,4.8622924018005484,0.3976250791640279,0.5736999648163685,0.40680952380952384,0.6660861304623179,0.6597117648650843,0.7490476190476191,0.1613299556681444,0.14611680965655363,0.2133809523809524,0.17721975934135528,0.13243768437576117,0.1399047619047619,0.07783407219759342,0.0891220330726136,0.057999999999999996,10.329132485948385,9.82244445045874,10.316666666666666,10.41253982940152,9.056902757855422,12.653333100818452,55592,1260,0,850,0,1,0,0,0,1,64.58
2020-08-08,1.4725423589729316,1.337549123445637,1.4063898302834261,1.6922114253582397,2.265078335242945,2.7885269093387626,1.7688806743751841,1.365785682423026,1.9296922177223432,3.5751334995056108,2.4901558279308773,4.3606365797815725,0.8875745650708258,0.956711424725182,0.9344978423937109,1.1271560340689117,1.0101094190531263,1.3420732885751845,2.7294239617746348,2.3860240533672794,2.9147428053864926,1.8083197475137127,2.0482608953023256,1.9710727272392448,4.378942350089636,3.7382789579094537,4.067284104065135,3.7810076251107887,3.992033514391237,5.263077030268992,0.4322924600152323,0.5618126054286153,0.41464516129032253,0.5870677837014471,0.6315399478607576,0.8478709677419354,0.11166031987814166,0.14397362367735012,0.2826451612903226,0.19019040365575018,0.12150529059960129,0.15767741935483873,0.056923076923076917,0.0895620303634412,0.0652258064516129,10.716831831921173,9.759957253488729,9.760645318800403,10.297182174647753,9.015218141389358,12.516129032258064,53165,1211,0,850,0,1,0,0,0,1,64.58
2020-08-09,1.468414362966213,1.3719980563424985,1.2314835320267776,1.751638468793524,2.20523770163329,2.4518310992258003,1.8119468005657702,1.3350461118516304,1.8703147059634992,3.6677533828037183,2.427779160067568,3.9718563619251843,0.8512801780221447,0.9491933322105741,0.8172034883596864,1.2006941557540118,0.995831311863359,1.4284569684500137,2.7621745912151763,2.3573496355418544,2.8216356681131334,1.880169225104406,2.082047019735491,1.8042565940261683,4.270624390537526,3.7648761024965314,3.9750924139278063,3.8373687159607988,3.9386667905544694,4.752853926973407,0.3964720194647202,0.5653847773133251,0.4365957446808511,0.6343390105433901,0.6382576008179713,0.842695035460993,0.10738848337388483,0.14742519471927346,0.22156028368794328,0.1807704785077048,0.12360087811626017,0.2070921985815603,0.057558799675587996,0.08968874988722822,0.08780141843971631,10.443065535026358,9.713689366372959,9.48085054438165,10.52416932785888,8.844305401016449,11.84822677720523,62506,1317,0,850,0,1,0,0,0,1,64.58
2020-08-10,1.3489539666671064,1.3390845005131946,1.2667596991756156,1.71730044777003,2.245804961673064,2.3711577953002583,1.6055127616260672,1.3591780001090752,1.9592349257394244,3.474012661172733,2.4680616937979134,3.942184055627249,0.8512134885720885,0.9299751578787201,0.907650871257862,1.0726735245266483,0.9971520725572336,1.256783666714244,2.5778518536151718,2.3759491316895756,2.8409649110244786,1.8070674268227949,2.0721021470402112,1.9183302665376054,4.19609918039328,3.7131603135923616,3.9413622371649386,3.8355192433316105,3.9726679399382125,4.979237210165699,0.3764518317503392,0.5475254053215421,0.3625641025641026,0.5968385345997287,0.6428350528792698,0.8408333333333332,0.12724559023066487,0.1433144571147829,0.26596153846153847,0.170359565807327,0.1304070023013472,0.19384615384615383,0.07648575305291723,0.09595376619346832,0.09153846153846154,10.46580706199118,9.687107284151734,9.889102251101763,10.01675725597863,8.928903886432394,12.823717948717949,51679,1043,0,850,0,1,0,1,0,1,64.58
2020-08-11,1.4114916547747214,1.309000685808405,1.4262430205844094,1.7039225249037697,2.248907714816632,2.755569323189939,1.6530593993077165,1.3809749090805659,2.050390414337228,3.5496936790369515,2.497207157580945,4.048018229325439,0.8793594088285424,0.9113023415727252,1.1139458793588515,1.0954998000520424,1.0112863877045675,1.353536772948473,2.601390484084463,2.342322895107754,2.7367753637008225,1.9181410884270582,2.0576765380473288,2.137721964972888,4.229487342220213,3.717733127594569,4.111596120557141,3.728844739556756,3.9982008560003575,5.090847465282183,0.40814906832298137,0.555517570244296,0.40937853107344635,0.5590807453416149,0.6243895043161422,0.765593220338983,0.12059627329192546,0.1411862665981953,0.14836158192090396,0.13916770186335403,0.123349228474311,0.20096045197740114,0.062000000000000006,0.08195021152764533,0.13045197740112993,10.807577154503106,9.627317022473283,10.98757089733404,9.890372670807453,8.86189109383024,12.270056773040254,46473,900,0,850,0,1,0,0,0,1,64.58
2020-08-12,1.4521827873220365,1.337735649158272,1.4542090931238671,1.7860008174686386,2.21922236110666,2.603211491455731,1.8269510237338664,1.3721144635014217,2.0214188450121,3.4438507574872546,2.429696657935977,3.883392008740519,0.9113797406280114,0.9287123463178071,1.0804091347322164,1.1680601983817391,0.9846729873687418,1.2649367865149137,2.677593282492914,2.3927224613216658,2.9305476536362427,1.9008846310270058,2.073592948668457,1.9133758287140257,4.370126833892692,3.759628371656536,4.301945811115341,3.8309503515108485,3.9337174094579814,4.8370018365414635,0.41141646489104117,0.5572239797118879,0.4238461538461539,0.6131053268765133,0.6168992653402703,0.6417435897435897,0.1329176755447942,0.14628382441371016,0.1244102564102564,0.19827481840193706,0.12346623441135716,0.17256410256410257,0.05742130750605327,0.08176579779863526,0.0558974358974359,10.779843087923728,9.72030396219509,10.596922576121795,10.209140435835351,8.853028837355225,12.28051257011218,43377,795,0,850,0,1,0,0,0,1,64.58
2020-08-13,1.4382493022316791,1.3512274413932954,1.2369861040592403,1.7355487769991869,2.2413886197595008,2.578310933426879,1.7414879293611996,1.3526727111209194,2.2082721368092955,3.4224765525793925,2.4497876905330505,4.02631625706711,0.9240210528596327,0.9484473461493682,1.0718440978937147,1.0971709823179856,0.9937132674210521,1.5163322392570162,2.6651722804435933,2.3822731794683656,2.693955840711061,1.9328566533382563,2.1258895800455226,1.927737706557542,4.3095476056315265,3.744637572312623,3.925216391279104,3.7092956360820426,3.9418415789222667,5.022992217208954,0.40001307189542484,0.5623158111517274,0.3052459016393443,0.6372875816993464,0.614611800442774,0.7924043715846995,0.1243202614379085,0.14350229109818255,0.23158469945355192,0.18926143790849673,0.1172903259022808,0.14486338797814208,0.05438562091503268,0.0822493950471091,0.08863387978142076,10.709542228349672,9.710917790763528,9.741529787824453,9.961437908496732,8.771757388148071,12.459563375170765,58958,1098,0,850,0,1,0,0,0,1,64.58
2020-08-14,1.4608430997815833,1.3847067173264602,1.4813952150266718,1.7810868699197497,2.2655905518441797,2.6818178464285354,1.7985311180436883,1.3854176701412875,2.2048706316599667,3.5752373197702823,2.4540004183732984,4.014493986448388,0.9380864938181299,0.9615885668248697,0.9291444436248367,1.2042021401390164,0.9808033148361072,1.3825433931955688,2.6511342892956717,2.4173541862205328,2.7995626213344993,1.950061881818433,2.1340690819810204,2.1931153973550557,4.168200921426212,3.800339200560608,4.284760710403146,3.823947462489247,3.9599041584340333,4.9861534020792435,0.38999999999999996,0.5702764519761891,0.30894444444444447,0.5622029543994861,0.6265833646162923,0.6395,0.12589595375722545,0.14834450581863035,0.09733333333333333,0.16574181117533718,0.11680913819917413,0.19322222222222224,0.04435452793834297,0.08622620260631737,0.11038888888888887,10.698715729367374,9.693331199388641,9.71277804904514,10.292934880780347,8.84720397382957,12.532222493489583,54392,1326,0,850,0,1,0,0,0,1,64.58
2020-08-15,1.3498963317440809,1.3813732106800392,1.4207315687468514,1.7523191934376925,2.2797710605427923,2.7009095536150816,1.7128758029608209,1.3912343296517145,2.0603881935271438,3.5714291913206475,2.4746620843930116,4.179344171387036,0.8858243859601559,0.960628704056608,1.085617603402408,1.07485774310839,1.0022212106094794,1.4681656553575437,2.6681752574583264,2.3989045470740615,2.7440465272550254,1.88331452526231,2.160143903734206,2.065679553396527,4.193276414986059,3.7666967867174557,4.160050431911292,3.7449965920329675,3.9618623389658074,4.759237804070413,0.4294957983193277,0.5687474727711471,0.5651234567901234,0.7068261150614092,0.6283757255592513,0.7094444444444444,0.14709760827407886,0.14702993543337897,0.16999999999999998,0.21039431157078217,0.11890693275940782,0.15820987654320987,0.07844214608920491,0.08499054327267985,0.12425925925925925,10.525597678975437,9.798307775712516,10.391975308641975,10.389334068964125,8.810810425226636,12.098765432098766,51522,1195,0,850,0,1,0,0,0,1,64.58
2020-08-16,1.4175408747302862,1.3930352620864972,1.5620725338068342,1.8066142787290935,2.3229405602670705,2.705580250349364,1.777383774350805,1.4199566915421145,2.083936586685823,3.5319827158987045,2.519635835546927,4.047824841022676,0.9054755487755259,0.9776814408187148,1.2670863138147623,1.1043801797400188,1.0342738449890638,1.4139937807288079,2.562296232434889,2.405735963957586,2.8148407781847546,1.914315192041097,2.1504778616611255,2.0056682622298134,4.1830289635105595,3.762667355589307,4.263604440423141,3.858455083923932,4.0022661589994675,4.802206918767964,0.4189797395079595,0.5772515297906602,0.3427777777777778,0.5732127351664256,0.6492979066022545,0.9201851851851851,0.12960202604920407,0.15111272141706922,0.310679012345679,0.15338639652677277,0.12426666666666666,0.22555555555555554,0.06384949348769899,0.09400322061191627,0.06685185185185186,10.64218523878437,9.823807367149758,10.310494128568672,10.139435741904848,8.983075684380033,13.798148449556328,56261,1047,0,850,0,1,0,0,0,1,64.58
2020-08-17,1.2940223296241626,1.389164550077844,1.3830692831545768,1.726588835639113,2.196189677080505,2.503287199438499,1.6714190393778887,1.3351741180666292,2.2928041853869767,3.5246647057126625,2.395315757469873,3.797198505229899,0.8281256135477865,0.9585567571806047,1.0192682093718326,1.120311054051496,0.9611939872414633,1.40622438553456,2.46350186479174,2.368293252707023,2.5635777175646535,1.8530287805051304,2.159813640575165,1.9063270973373718,4.110462320822602,3.7623103037550973,4.189975981243109,3.6312709975661464,3.8743457067908253,4.635384752882857,0.39684824902723737,0.5766620394470472,0.3895757575757576,0.5616342412451362,0.621622418879056,0.7736363636363636,0.11180933852140078,0.15125397651686046,0.158,0.14026588845654994,0.12400977500144601,0.16024242424242424,0.057289234760051884,0.0850526346231708,0.0872121212121212,10.356095725924124,9.73367730204176,10.687878787878788,9.968806997811283,8.662878130603273,12.733333333333333,51137,952,0,850,0,1,0,0,0,1,64.58
2020-08-18,1.3798996228943243,1.3566707589762106,1.455400171765605,1.691971109283969,2.1667606558713954,2.3878354661633736,1.7003902564752627,1.3243258563645177,1.9974107339981946,3.4223179420560257,2.3559593263710092,3.610087895016116,0.897369015489811,0.9395518765309199,0.9412151640246131,1.0869547070791252,0.9492451506556332,1.3408123366224773,2.5941436811075214,2.344907919941516,2.800699600751411,1.8617677251865898,2.1189203787323683,1.9489541612457546,4.189241767215221,3.7702801798120964,4.415922930386836,3.67287961599566,3.804360467989138,4.548566948241014,0.38702669149596525,0.5758570082517204,0.44035897435897436,0.6122470515207946,0.6174322588013591,0.7832307692307692,0.11440720049658597,0.14137395425863006,0.2205128205128205,0.17191185599006828,0.11648745110356051,0.15517948717948718,0.06719428926132837,0.08696199640236417,0.11943589743589743,10.47572960311918,9.71738036433201,10.653332832532051,9.697144388190566,8.59568890443423,12.201025390625,41495,889,0,850,0,1,0,0,0,1,64.58
2020-08-19,1.2892365448264922,1.3548329214457644,1.1950906374510153,1.6306739932516898,2.1495965472889944,2.6045134678772666,1.6886673758006363,1.3161205380620846,2.1155758878395186,3.455587380688482,2.341245360542936,3.9717239004895144,0.8546280653972359,0.9278646992935595,0.7928005696460254,1.0527254329315658,0.9637755822447798,1.20516496726309,2.5724113528954318,2.368779921461704,2.6043926291218003,1.8153505641904593,2.093778358735016,1.7593557351259137,4.145179839043242,3.7683045430734996,3.966865972219094,3.564534612772483,3.7905296234087604,4.86548078719654,0.40367156862745096,0.5915045231869684,0.3337062937062937,0.586828431372549,0.6247600156282872,0.6594405594405596,0.11775490196078432,0.14600877588435066,0.11979020979020978,0.1555686274509804,0.115556757731494,0.18713286713286711,0.06516666666666666,0.08448652060229014,0.03993006993006993,10.570735677083333,9.798289904727557,9.652447893902972,9.920833333333333,8.557082694677366,12.468531468531468,41589,637,0,850,0,1,0,0,0,1,64.58
2020-08-20,1.406951826913951,1.3854683538768946,1.47414562651086,1.7061219741973874,2.248043091173981,2.7515906095140514,1.747629940436707,1.3714573885741095,2.0458193241807945,3.6385858200064907,2.453683059000102,4.15481075379651,0.9733726203733747,0.9451883368532419,1.0969205832111457,1.1198657478049807,0.9721656010045325,1.299486818325526,2.6384969765937325,2.3677533963150936,2.5959294500636902,1.9182444258014837,2.1365900271565814,1.9266392758987574,4.252319081412335,3.7912421442629083,3.8953942872748395,3.7169813037829815,3.917378160993952,4.98352711843206,0.3951256830601093,0.6115653217510573,0.46482926829268295,0.5096939890710382,0.6945525202880329,0.6083414634146341,0.09090163934426229,0.1723191221853926,0.12595121951219512,0.14468852459016393,0.12530432049377072,0.10990243902439024,0.05298360655737704,0.10772974054177621,0.0511219512195122,10.363005891393442,9.898857190821808,10.24439072027439,9.908087858606557,8.855109333923878,11.803902677210365,41625,928,0,850,0,1,0,0,0,1,64.58
2020-08-21,1.403982786728178,1.393171190147045,1.1412781050367358,1.7462592708858564,2.183139957648846,2.461175330554856,1.745843541618912,1.3270819600487724,2.0164890765936176,3.499213028869293,2.384791209415843,3.9926659155159587,0.9531257950729985,0.9546530695011539,0.8855669562823834,1.1131795127700155,0.957303491089319,1.3224181483190782,2.7605092414144514,2.3877283804919056,2.7008369940096477,1.850357202754188,2.121900862147312,1.8721430492744542,4.393180244015273,3.7798381545941666,3.8280226291291393,3.702213549114396,3.835839829727529,4.8558960757864,0.45176721511273615,0.6108526213474273,0.43429268292682927,0.5836989640463133,0.6307457019622137,0.768390243902439,0.10442413162705669,0.15201779964765202,0.15629268292682927,0.17110298598415602,0.11938460603851528,0.23321951219512196,0.06255941499085924,0.08753963914707491,0.0853170731707317,10.786350024756246,9.92726463307211,9.832683284108231,10.002254246648386,8.597895214446266,12.939024390243903,46574,1264,0,850,0,1,0,0,0,1,64.58
2020-08-22,1.3513067917826695,1.3616956585539617,1.2322823875662998,1.6627397344962596,2.217493431141807,2.6620231801252023,1.6568962147288437,1.3361647635090736,1.7727092408447902,3.4707429406179573,2.430972804994361,4.101404430857046,0.8886116386067052,0.9241499978474862,0.8665182496247161,1.0712082554558515,0.9917253917658566,1.2198241233010885,2.5891884233615734,2.365194056485517,2.621574833251524,1.825333291842298,2.089501421128352,2.149392089403012,4.156867410244509,3.748947189283016,4.20097853735,3.522199504646867,3.911600043406671,4.547004179371332,0.39626284875183554,0.5679094994032157,0.41904761904761906,0.5533406754772393,0.6356561117742049,0.7036734693877551,0.09900881057268722,0.14964508881555852,0.15727891156462584,0.1559985315712188,0.11414343888225795,0.15081632653061225,0.07367107195301029,0.09005722109106228,0.05285714285714285,10.513509831589575,9.755915186407359,10.46190409757653,9.884288098843612,8.73064674313698,11.11292500398597,46187,1000,0,850,0,1,0,0,0,1,64.58
2020-08-23,1.3610645935691632,1.3639749600536317,1.2498916703738023,1.6666643490527895,2.2213010995170737,2.4337239305212512,1.6677939848300507,1.3485851654068777,2.003123124084531,3.55946020641765,2.4550274477816716,3.9765666812083134,0.8894145394856036,0.9288550645743859,0.934509582318651,1.074886279393182,1.0001780160061307,1.2220719064604246,2.5925608394150763,2.325484382486941,2.624756552461132,1.8053022361674054,2.0790325677296764,1.8994216194119558,4.204555530566665,3.7053625914141817,3.9579529179097226,3.5719341619885703,3.900942655516932,4.65067713456608,0.3949404761904762,0.5937674806929659,0.3769798657718121,0.6231415343915343,0.6393425172197871,0.8159060402684564,0.13151455026455025,0.14977109858762958,0.27758389261744965,0.14618386243386244,0.12136192861615529,0.17986577181208055,0.064510582010582,0.08813713212273012,0.10946308724832214,10.430820364169973,9.855374443400821,10.853690947462248,10.019378177703373,8.792433621199471,11.398657881973573,47181,1007,0,850,0,1,0,0,0,1,64.58
2020-08-24,1.3596787860429218,1.3628324266510643,1.3327031151550826,1.7011243276895665,2.217968020057731,2.584766286713038,1.7152677777886685,1.369227859840532,2.171455881242015,3.5279202768636466,2.447271249675675,3.9591618544066627,0.919875289052947,0.9352721352268829,1.0895465049260191,1.1034696270867965,1.009716304154323,1.2842367939790449,2.7145129482308454,2.379720772438804,2.887264454291728,1.8619125280405229,2.100447771659223,2.033784167930369,4.121283337595972,3.7662404989174663,4.170748530355857,3.7221474396715437,3.9169741641351545,4.81221584236421,0.41689913544668583,0.5753039716641505,0.3188659793814433,0.5666455331412104,0.6263079201021948,0.6001030927835052,0.10767723342939481,0.1433323655789107,0.15948453608247423,0.15842074927953892,0.12293345720589942,0.11159793814432989,0.06970605187319885,0.08609394959934967,0.044278350515463916,10.57123896793948,9.783079963128557,9.872164696762242,10.01510041426513,8.788047265126002,12.36340206185567,42550,1006,0,850,0,1,0,0,0,1,64.58
2020-08-25,1.3902585361244375,1.3325091157851716,1.2559621710098414,1.732051892737061,2.148378425695297,2.560107027938743,1.7191709447126509,1.36603866897325,2.006956184261985,3.568335603936571,2.3668163429241202,4.057754310119285,0.915049809667484,0.9370188199420111,1.145938529616794,1.1106850726319115,0.9812432899448995,1.3394884154164604,2.6393991125459726,2.352420852750708,2.775606812097458,1.8748265559900492,2.061339015601407,1.756764046960917,4.267741555846615,3.729924542939174,4.214525589106298,3.690822169806646,3.858734299973243,4.838132610561569,0.40102153846153843,0.5668873093439953,0.3745744680851064,0.6106153846153846,0.6349441729601658,0.7379787234042554,0.10838769230769231,0.15020731526728862,0.11904255319148938,0.18641230769230765,0.12776899155930696,0.18856382978723404,0.06180307692307692,0.08948319265511623,0.09154255319148936,10.431507211538461,9.785093662076115,9.878723793841424,9.931445913461538,8.70632589219606,12.932447068234707,36210,836,0,850,0,1,0,0,0,1,64.58
2020-08-26,1.321702452976908,1.3572364813331361,1.304041212909248,1.6685401182834088,2.192408385765764,2.6002918401503807,1.7329229006689129,1.368484047662801,2.1323537236473156,3.5651757911043216,2.4230726760739225,4.18742046021733,0.9049023668186913,0.9577942647649305,0.9775749458362231,1.1328129968999947,0.9960385151003881,1.5042811026064111,2.642345909125135,2.3827148017798137,2.8530115034862233,1.8475758541075087,2.0815984635979703,1.89236690303963,4.160714848548318,3.7267853918774745,4.343762626573333,3.7406238220710764,3.8733627921830456,4.860284614373335,0.41041574279379156,0.5705845646670984,0.47739130434782606,0.6300110864745011,0.6448228056749279,0.6354658385093168,0.10140243902439025,0.15050774121386945,0.11136645962732919,0.192450110864745,0.12251368693706952,0.18826086956521737,0.06325942350332595,0.08624212633190086,0.08409937888198757,10.447671623822062,9.724927518102078,10.503105590062113,10.125332377702328,8.814249499617354,12.211180124223603,35716,584,0,850,0,1,0,0,0,1,64.58
2020-08-27,1.3458855305789381,1.350475060814499,1.395582705394235,1.7682350890758545,2.2127911121601764,2.9631941471924104,1.7908283602655495,1.4175057477538273,2.368704015800893,3.7747092131195803,2.458033266642937,4.443323402283524,0.9061428664004669,0.9611861601393387,1.1165840463563603,1.1610666133035967,1.0020131254685447,1.6333648844277169,2.5789921777981153,2.3924735465229943,3.1012364154215604,1.9375858345410428,2.099840108015424,1.95410508361004,4.179824880663231,3.7690985466823355,4.292961099120651,3.876328943774176,3.90734478371525,5.544969567933116,0.4368435155412647,0.5904231290004923,0.3854146341463415,0.657609860664523,0.6295584071885771,0.9711219512195123,0.12696677384780278,0.1469226981782373,0.16239024390243903,0.19103965702036443,0.12385678237321517,0.21834146341463415,0.05627009646302251,0.08459995076317085,0.11365853658536586,10.35648404005895,9.805655888417036,9.966341344321647,10.332850808882636,8.902689946454949,13.258048304115853,40574,880,0,850,0,1,1,0,0,1,64.58
2020-08-28,1.3359306637259019,1.3209224781250961,1.346248217671061,1.613419928358401,2.214325473110565,2.364786841061695,1.727982979753718,1.3984603465530359,2.0002454287210454,3.4734761085138453,2.4207080358000947,3.728618137750721,0.861247300650594,0.9432856120755252,0.9280580526056617,1.1098486883847538,0.9812128466974803,1.0472158608048918,2.5977430667604753,2.3923410287565714,2.728457682875041,1.7913291766082993,2.0616690678712333,1.9494502872352821,4.21183298293627,3.7398776869454737,4.183892436014249,3.7975052141802905,3.8876736895041164,4.484636712036049,0.40191632928475035,0.569616368286445,0.31870588235294117,0.5759919028340081,0.6140797460943518,0.6183529411764707,0.11718623481781378,0.14090530921640526,0.13723529411764704,0.18533738191632929,0.11921055064246758,0.18382352941176472,0.06285425101214574,0.08409854250762641,0.07229411764705883,10.5953446567139,9.864382722706683,9.984706025965073,10.387382311698717,8.963063892398237,12.384705307904412,46430,1062,0,850,0,1,1,0,0,1,64.58
2020-08-29,1.4566475816148061,1.3649852551558292,1.2044928063011782,1.799188018630132,2.2061413052756,2.5342893171414973,1.7739629328122322,1.4002965906693992,1.9507328964364088,3.625502914891949,2.42410744150772,3.8801383877562152,0.9140018256835882,0.9510253677453909,0.854850334091848,1.1283066679830638,1.019406535904982,1.3100850087925042,2.588944308531383,2.372212371527066,2.7724314986481704,1.9186775835984564,2.0944474750480464,1.812821785633457,4.210263349470642,3.7492151720128986,4.063427234554965,3.8020232155283913,3.8936498082768747,4.53313669865278,0.43883384146341464,0.5953003637432487,0.3286923076923077,0.6057469512195122,0.6379707535731345,0.6662307692307692,0.10484756097560975,0.14942903332476026,0.13738461538461538,0.2036280487804878,0.12853804607414485,0.1986153846153846,0.06709603658536585,0.09077451592754529,0.10300000000000001,10.772560677877287,9.843164428482199,10.2015380859375,10.143597858708079,8.898747221405738,12.414615572415865,46920,940,0,850,0,1,0,0,0,1,64.58
2020-08-30,1.4015006944850983,1.3305941112362931,1.2138097194334152,1.7137594769939304,2.284045900940151,2.3306951366244206,1.7675990869535094,1.4483339032450446,1.7813408488943774,3.52735768765227,2.546587718971145,3.8529718787058,0.9244534413036997,0.9994920942769931,0.7327919992217734,1.2060019356892189,1.0788336394247937,1.2175798035339747,2.7066745761634263,2.3607212447595933,2.6545942742519886,1.914058039875805,2.078429735418614,1.8500007238696943,4.296068443627385,3.701872703929546,3.902723056890747,3.8822905958258676,4.01016937093144,4.517217511637354,0.38845727848101264,0.5758259386853185,0.36508875739644975,0.6351740506329114,0.6328291053345861,0.5481656804733728,0.1439003164556962,0.15455823502801266,0.12668639053254438,0.18890822784810127,0.12251452830845251,0.08668639053254439,0.05021360759493671,0.08644465323450604,0.08071005917159764,10.445094627670095,9.772839675331454,10.481065377681213,10.621518678303007,9.309458407279813,11.70414201183432,46546,1035,0,850,0,1,0,0,0,1,64.58
2020-08-31,1.4396777095796076,1.3307455517184925,1.18362749926953,1.7662845666559306,2.277796236842515,2.30573190977042,1.782167491674689,1.4608941690309092,2.0027795296047968,3.5869190726161584,2.535263371622725,3.8649236392759025,0.9298740263146171,0.9800658507999493,0.8831541675499085,1.1706137230414195,1.086530454809439,1.357091176251738,2.728509598542094,2.3265276805728488,2.661117403354147,1.8590144251540421,2.0829840490073184,1.6425347497602691,4.382150997025938,3.694468362420207,4.113389523361488,3.8185050736891757,3.9841773659419433,4.551304259012037,0.4446757164404223,0.5500235591564673,0.3232919254658385,0.587948717948718,0.6240596448888123,0.7609316770186335,0.10409502262443439,0.14867350456817788,0.12583850931677018,0.173815987933635,0.11792076078836983,0.2815527950310559,0.04620663650075414,0.09093173590760215,0.07124223602484471,10.576017952253016,9.678819743722347,9.087578246312113,10.462367729543741,9.313652818479573,12.217391304347826,40908,839,0,850,0,1,0,0,0,1,64.58
2020-09-01,1.346083464117792,1.336671260083868,1.3587365389972201,1.716859524630083,2.2214198320463185,2.3832446677958115,1.7581969973173743,1.402960332285458,1.8678055446799757,3.5396270547337036,2.4457448571821505,3.8091799022704373,0.797885915752873,0.9589824002854159,1.0620501668314708,1.0878461185748136,1.0326569708708857,1.2103135640396232,2.6218340648368588,2.331237359012976,2.791323777752409,1.9105455624117709,2.1158916126164944,2.1243699189506904,4.26647592597535,3.718384997137158,4.101461972236344,3.7586113603779716,3.885293662276207,4.7363467600414415,0.39892811296534014,0.5615666965085049,0.4420765027322405,0.6180295250320924,0.6302256042972247,0.7860109289617486,0.13865853658536587,0.15244046553267682,0.1643169398907104,0.1669640564826701,0.11925872873769025,0.19377049180327868,0.07326059050064185,0.08641301104148015,0.1492896174863388,10.107573561858151,9.740167114294241,9.895628548710723,10.378498199815468,8.939221501044464,11.616393709443306,36635,717,0,1626,0,1,0,0,0,1,64.58
2020-09-02,1.379380951306702,1.2871443318662907,1.4643876978366785,1.6962430075313757,2.24279366838009,2.419027419282082,1.6862933824832216,1.4364823539665623,2.0375588211276066,3.5731026199517517,2.536049606406754,3.912159388453652,0.8743710297068265,0.9296808179581458,1.0214846277131493,1.1008764219741145,1.0581084794985811,1.257280219023824,2.658214528908784,2.321860033672729,2.8233459602520714,1.8920628559243942,2.037933473979409,2.075196762213337,4.204779954319312,3.702286554734054,4.290480687581029,3.6571192981450555,4.008140478658793,4.584279401730482,0.42258795468097793,0.5407495539930738,0.40023121387283234,0.6355992844364938,0.6248835134851506,0.7188439306358382,0.12452593917710197,0.1469603316192675,0.1739306358381503,0.19982707215265355,0.12033188162451464,0.17427745664739883,0.08270125223613596,0.08510205687900095,0.06901734104046242,10.660226129248658,9.603030059555042,10.431791625270954,10.173225998807395,9.370754735544129,11.95086705202312,38696,553,0,1626,0,1,0,0,0,1,64.58
2020-09-03,1.408635516194076,1.3265162410683218,1.1071085896227704,1.7031509187651137,2.1921280668980336,2.2363009688930946,1.748172510389132,1.3982017396807387,2.141650498693207,3.658642022345978,2.4198547422312493,3.9764101348924505,0.8889370745318524,0.940536357415428,0.7582437220257208,1.103872620638468,1.0186340853472897,1.3665710547117056,2.575155714849691,2.347479348431021,2.656585296449181,1.8775217325051767,2.0694089737161554,1.577503970430765,4.246514709212706,3.7330143670794915,4.004630046488593,3.7068856195999893,3.9071931934275583,4.871487287636142,0.45216757741347907,0.5531460483528914,0.28994082840236685,0.6467577413479053,0.6136089353880956,0.5189940828402366,0.12564055859137827,0.1493329563127386,0.12840236686390533,0.1795142683667274,0.11775144917291107,0.101301775147929,0.07392228293867638,0.08647674254206136,0.06254437869822485,10.545354716909532,9.7306296833027,9.866863905325443,10.474985295233758,9.0615951505726,12.0846156735392,39178,860,0,1626,0,1,0,0,0,1,64.58
2020-09-04,1.3384513785117955,1.3479913419458855,1.2784339402275666,1.7761667560836478,2.2061676717505496,2.7630556955164174,1.6876872040277875,1.363627463298976,2.0065550139091166,3.578319000662557,2.4205617581835654,4.286460527290315,0.8738850347997397,0.9426084779068913,1.025088974506856,1.100502099649937,1.0067977162090984,1.336577219466358,2.5994072503758003,2.356288456703633,2.7153327933735723,1.825051692450136,2.0761291796528587,2.004666470058323,4.0906870571179255,3.75046771964598,4.394480826172695,3.7602197891399687,3.879987896550175,4.908991563887187,0.4189571428571428,0.5871610412811843,0.45222222222222225,0.6045785714285714,0.6415832961143367,0.7275308641975309,0.09757857142857145,0.14631755247878517,0.15333333333333332,0.16665714285714286,0.12348433611944107,0.22814814814814816,0.07422142857142856,0.09454029222229311,0.07395061728395062,10.27242885044643,9.785749178523576,9.765432098765432,10.17,8.945811467172845,13.123456790123457,43647,884,0,1626,0,1,0,0,0,1,64.58
2020-09-05,1.4369858556967525,1.3774474013650346,1.5275654945385158,1.6759699414658484,2.1492015675815055,2.4635746146661353,1.7736849286521168,1.349312964440371,1.7156331662229773,3.6047316047512945,2.3712022603708456,3.914606144725195,0.9421216382459455,0.9443328409065459,1.05478293581765,1.0857020920305542,0.9739724518833804,1.0841205577159523,2.657288791336977,2.351028750793141,2.8672023822119113,1.8749579233902651,2.0922647640903933,2.094458960384858,4.153475709814496,3.7543517095378443,4.452029894177957,3.699372029408727,3.793443070394065,4.5632318876430755,0.4606196078431372,0.6073702709106705,0.42358620689655174,0.6149254901960785,0.6426407866677198,0.7208275862068966,0.12986666666666669,0.1533164836900719,0.17268965517241378,0.20180392156862745,0.12494668667561805,0.21710344827586206,0.03813333333333333,0.09746268067293262,0.06737931034482758,10.28768612132353,9.802199544862175,10.05931017645474,10.311764705882354,8.812254413158518,12.717930866109914,45272,948,0,1626,0,1,0,0,0,1,64.58
2020-09-06,1.2319704140576058,1.3608088520519397,1.1256365892600437,1.7229064843320543,2.1608959240069265,2.2667325653677026,1.5938368359847803,1.3382288358648744,1.8224161351832922,3.643973867597061,2.369610132335993,3.966282555796566,0.862670071405696,0.9321155261578056,0.8726484346274496,1.0429503715454869,1.0079369395041562,1.0916349778008136,2.527076682331327,2.3194467419144966,2.604864641584958,1.7885298753697538,2.0972503481098883,1.6994302918733102,4.156149133842445,3.7205377455305317,3.804403634177389,3.767935876066625,3.82807025843636,4.421053887500457,0.3663443895553987,0.580935164918107,0.31704697986577185,0.6021171489061398,0.6354279568269303,0.5567785234899328,0.11023994354269584,0.14701147256396707,0.0789261744966443,0.18127028934368386,0.11567590006792965,0.20060402684563758,0.08311926605504587,0.08934259189372781,0.06959731543624162,10.007762879322513,9.789904544682617,9.378523653785654,10.163513915843332,8.843244655257001,12.315437060874581,50917,904,0,1626,0,1,0,0,0,1,64.58
2020-09-07,1.3208283770477904,1.3884083626184927,1.2963461079932361,1.6811940210845695,2.157157724103508,2.2047202267204074,1.7405456954968417,1.3067474384175632,1.8670520912137318,3.6208753486849314,2.373451854064382,3.616718412709698,0.8541675392725241,0.9306952172781421,0.982711532729343,1.0986613003956516,0.9555731417647632,1.2650185064432453,2.4964567310875942,2.3389985795929347,2.653309334664914,1.7694725541762402,2.1064565492807454,1.9027981754667054,4.071113338305498,3.751135676213295,3.8941895803279176,3.777821126875769,3.799594218418435,4.327401869944432,0.4096993670886076,0.600251497005988,0.4681045751633987,0.6203955696202531,0.6326071493376884,0.5902614379084967,0.12442510548523207,0.15240174197060424,0.1304575163398693,0.19050105485232066,0.11852730901832698,0.19568627450980394,0.0710548523206751,0.09503139176193069,0.052091503267973856,10.447889883306962,9.842155461803666,9.924183166104983,10.14235252670095,8.70194157140265,11.573202295241012,41129,801,0,1626,0,1,0,0,0,1,64.58
2020-09-08,1.2943116436578121,1.338920991281668,1.1208654706146202,1.5666346117701864,2.1210836885416238,2.517255044129558,1.6895136371921458,1.3219552634130056,1.9018566254142721,3.6503878925673074,2.383381749324848,4.264247852415304,0.8615790937824565,0.9235286909693545,0.8713151995417263,1.1267212590783096,0.9619385539647309,1.3489368863979696,2.4722390793169824,2.3326025622084927,2.463019081334461,1.8035445400492132,2.0680953058324794,1.6681049323494104,4.029950503857872,3.7392962658864946,3.7565931241761326,3.653343871060702,3.7782326171533787,4.531646032485652,0.39170192759755523,0.5684215686274511,0.3991044776119403,0.5578561354019745,0.6190139152435168,0.5871144278606966,0.11319699106723084,0.14493991144845034,0.12587064676616916,0.16465444287729195,0.11881846932321316,0.17139303482587065,0.06930418429713212,0.0883472485768501,0.05293532338308458,10.057827926657264,9.733520121758382,9.208955223880597,10.132909834861307,8.646457938013915,12.02835796602923,34237,685,0,1626,0,1,0,0,0,1,64.58
2020-09-09,1.2797176906716765,1.2987436316514023,1.2159951785028202,1.710708928695651,2.135184711681647,2.361380382667033,1.7074639278773591,1.3522568584654173,1.9346372220736834,3.794661403888301,2.4021514295864352,3.906584729697074,0.9038181798219572,0.908261577487823,0.7695775091397907,1.175026506537691,1.0057780259864317,1.3740731936777992,2.462716657129397,2.3174004504825754,2.590602653156394,1.7466408868437018,2.046881242035424,1.849813836144179,3.9161399737786704,3.721145132323143,3.8729349114776586,3.821286353313088,3.8687649655723324,4.66240975294244,0.39248554913294803,0.5636179709293789,0.3045138888888889,0.5832466281310212,0.6216872705916899,0.6772916666666666,0.10909441233140654,0.1549417119365732,0.18020833333333333,0.16697976878612716,0.12333871678167671,0.1684027777777778,0.05746628131021195,0.08008838643371018,0.06965277777777779,10.079238921001927,9.63299625605638,9.234027438693577,10.516377649325626,8.927161943914257,11.88888888888889,24876,417,0,1626,0,1,0,0,0,1,64.58
2020-09-10,1.1936563773137492,1.2958505572263799,1.2525629752067267,1.776545710236709,2.195896393155438,2.524766054186585,1.7844237281165223,1.4125183245565676,2.0401556127842326,4.02175388143719,2.4709766638740396,4.188290195395536,0.9175844845222523,0.9391380228001662,0.9486924404844834,1.1835801002288693,1.03812541024555,1.271558431405833,2.4325337933323254,2.345577313268145,2.516533927319681,1.7947427274465675,2.0336783343203,1.9194465445392148,3.848296475122641,3.699919770679592,4.021276450786273,3.830827391778569,3.9514300357724976,4.836163941863756,0.37481758957654726,0.5576473030194006,0.4298932384341637,0.5746970684039088,0.6600539672875211,0.7090391459074733,0.11587296416938112,0.17393407688262807,0.1695729537366548,0.14538110749185668,0.12301829352669304,0.13402135231316725,0.07440065146579805,0.08971881659424902,0.08804270462633453,9.730912179356677,9.581507036504027,9.651245551601424,10.621498371335505,9.209365400049816,12.537366548042705,28054,553,0,1626,0,1,0,0,0,1,64.58
2020-09-11,1.2192875539035726,1.337700957932071,1.0408362296032492,1.7460086747192995,2.238935707308898,2.7940290734298188,1.8655892320329441,1.4210988904964572,2.1309548360197565,4.085953881057868,2.5020860750763685,4.4776371026339845,0.9347401482814576,0.9448985833381252,0.908190234039545,1.152584356162761,1.0392050964473696,1.634341254356208,2.4968215185730807,2.337386599002131,2.4119957944939023,1.729111530319707,2.0432970876801875,1.7964194285992967,3.939830283970015,3.6966230349450457,3.555459192197945,3.8488104001381753,3.984033872880605,5.255052824153371,0.35757270693512305,0.5684818491455853,0.3099528301886793,0.6280909768829231,0.6742845914238306,1.0536320754716981,0.10092841163310962,0.1551206660650345,0.23386792452830188,0.17964205816554807,0.13346889464644407,0.17905660377358487,0.07913497390007457,0.09793746906931385,0.14688679245283018,9.797800586083147,9.667456915373643,9.381603888745579,10.80085771462528,9.256746528485342,13.583961342865566,34660,826,0,1626,0,1,0,0,0,1,64.58
2020-09-12,1.1601675155560816,1.3510742429382043,1.3855721171847977,1.7145961740300757,2.20089071311211,2.51287871053615,1.7408581604004978,1.3960151429759644,1.989672916656847,4.202439187110141,2.451051835128254,4.300509027960572,0.880125675741373,0.9485729613741924,1.0422113302994516,1.1266528962925093,1.0271628905200259,1.3149122578001873,2.4150415998953307,2.3531562290322,2.5773968744952453,1.7795029027780045,2.0443032447370437,1.8812035449987612,3.8461209797834743,3.699314314001503,3.900267579294859,3.8890108751081036,3.92685680407431,4.710802808752063,0.346418018018018,0.56860625591089,0.44394190871369293,0.5827207207207207,0.6564874426424744,0.7103319502074689,0.11937657657657658,0.15339836771865914,0.13780082987551867,0.15195315315315316,0.12388630074608567,0.19933609958506224,0.07898738738738739,0.09619181057129847,0.06136929460580912,9.51109938063063,9.780356798837087,9.358091488913383,10.753513513513514,9.129349429927492,12.840248962655602,38583,832,0,1626,0,1,0,0,0,1,63.02
2020-09-13,1.2154828576237968,1.3389014232793022,1.3478149752030641,1.637272506392304,2.1929132444775585,2.602640516015973,1.7154461322384842,1.3683076081378154,1.773730739775924,3.904252176162846,2.41912208370923,4.257434078824979,0.8710672830372069,0.9253700867698653,0.9848177387285921,1.1124239293407363,1.0382795756997605,1.296087766887142,2.470237150021647,2.328645412219682,2.551045293402843,1.7272407618543226,2.0367226699425856,2.022048575458653,3.8992016086680645,3.6914938914946456,4.108524518382784,3.712046774290431,3.8969139001101496,5.073410008230595,0.3602627737226277,0.5773912108394866,0.3220091324200913,0.5867992700729927,0.6617402681195784,0.6871689497716895,0.11248175182481751,0.15713384472005162,0.1663470319634703,0.15074087591240876,0.11654383826797621,0.11949771689497718,0.08096350364963503,0.09123521399383469,0.11305936073059361,9.58500014256387,9.838781005806869,9.179908787278825,10.446788036040147,8.888730262922074,11.81141530215468,44082,863,0,1626,0,1,0,0,0,1,63.02
2020-09-14,1.1811557547423257,1.344124618627823,1.2031532505222502,1.640704165248451,2.1717637880690597,2.493300091839893,1.7279573759324862,1.3752602443052935,2.0273674031375633,3.9301221579849197,2.4398897709811957,4.083929802193157,0.8747653245911525,0.9330537648348695,0.9660443670782649,1.0851979710107391,1.0114696868257997,1.2881911063404503,2.5571719719731805,2.3306679938448887,2.4607736836449776,1.7348952164675702,2.0819517475653213,1.8722210026468258,3.933726804023352,3.7091613965998813,3.722265055927708,3.6477055819880397,3.8980275123499943,4.65552637115194,0.3617989417989418,0.5802785812147968,0.4081272084805654,0.5673358232181762,0.6691222408281321,0.7101413427561837,0.12410208527855587,0.1636282539199269,0.15742049469964667,0.15368191721132898,0.1226311462931953,0.20904593639575972,0.06435107376283848,0.09110732227127417,0.12731448763250883,9.751976224517584,9.724947670878368,9.412367318628533,10.254652729147214,8.995777515603592,12.861131432199647,40371,662,0,1626,0,1,0,0,0,1,63.02
2020-09-15,1.1041924481523862,1.3517736405988725,1.2152312838769017,1.5392469452306854,2.147169309716424,2.3749813190180227,1.6182896325329006,1.3573368414928817,2.089304430714173,3.858576770722774,2.3984415622620694,4.1746501298396685,0.8784792943427526,0.9372011132280873,1.0466540959253454,1.0253758843127343,0.9965923771769121,1.3559049942721157,2.5816939830654606,2.3762204852480013,2.603769455583187,1.7316850658509761,2.0803727444511266,1.887536333989278,3.9117638704541653,3.748764050728844,3.8764817250326713,3.572550004422774,3.8350611035957423,4.783590633699044,0.33218174115653465,0.5741702509515115,0.43290488431876606,0.5668332980300783,0.627636228610329,0.6468380462724936,0.10848337216691378,0.15375994058854475,0.1861439588688946,0.18966108875238297,0.11547699353281554,0.15804627249357328,0.05102944291463673,0.08746696784973854,0.060899742930591264,9.509934004977758,9.751709626512362,9.392802182077443,9.976572429040457,8.79690836092459,12.286375070292417,32888,720,0,1626,0,1,1,0,0,1,63.02
2020-09-16,1.1722818060231721,1.3209704534852322,1.2973822345985202,1.6619274917255609,2.160620114330448,2.2110463460043848,1.724383891843502,1.3773299296349346,1.9026973339126907,3.8161423326834987,2.3874199768454125,3.96463671509264,0.880715968528436,0.9305942490957729,0.9933954294129246,1.1011983217554857,1.0116749608898565,1.1859287403398064,2.518409953497352,2.3633474266922416,2.8648185440788754,1.7207004700939519,2.0708477912920813,1.97538592381772,3.8867297258871223,3.7172838741654246,4.243433490499252,3.7380879641078324,3.861365931608876,4.6524718123586855,0.3368165887850467,0.561289503633021,0.4043023255813953,0.6069859813084113,0.6351939070296769,0.6596511627906977,0.10521320093457943,0.14615979456651784,0.17872093023255814,0.18428446261682244,0.119636989699145,0.18520348837209302,0.05654789719626168,0.09070617759491084,0.06755813953488371,9.539953499196846,9.705150792261227,9.893604367278343,10.436127564617406,8.908797856663456,11.772674560546875,34336,359,0,1626,0,1,1,0,0,1,63.02
2020-09-17,1.238602372581497,1.3039367168114109,1.294114188496917,1.6129717253526403,2.1509193686172754,2.4165946517482304,1.6755823440973534,1.3507353952600687,2.0481143573046534,3.6900974725844526,2.351101383029077,3.928273842950617,0.8299203987097755,0.908688096699418,0.9329962815618635,1.0525262464520524,0.9729927803389842,1.3800121313798983,2.61428664595304,2.3600444698221454,2.820379685976025,1.7508421413680253,2.0531468713819754,2.085469498895166,4.035668824420365,3.75521727404881,4.179026541891482,3.735710208374438,3.8263121033453893,4.802545379348988,0.37546345139412207,0.5447393061734858,0.36170818505338076,0.6394762622456669,0.6097234580825264,0.7589679715302491,0.11270911831198191,0.13484108290441713,0.22733096085409252,0.19997739261492087,0.11641891302451365,0.1788967971530249,0.07416729464958553,0.08077059524848061,0.044056939501779364,9.85195915952336,9.657157812091075,9.255160837411031,10.46959336143557,8.73605295297915,12.188968319061388,36815,801,0,1626,0,1,1,0,0,1,61.98
2020-09-18,1.2782362921530184,1.337710090756835,1.2428365230214327,1.6226402686666632,2.181021639835666,2.449217735061414,1.6975294553648055,1.341147864856527,2.171212287524411,3.788477480500431,2.3974400953369797,4.027665639589642,0.9066967252676771,0.9191764799921278,1.007649202403446,1.101972918561208,0.979841150175877,1.2886603844414726,2.5514700033053455,2.365410953674412,2.642477114198027,1.7563034250059617,2.0700969726724576,1.9014491082719676,4.005618777736326,3.731843478160195,4.063989114678169,3.6982317174486536,3.875048087257259,4.754698045897245,0.37535673839184597,0.566931899641577,0.39716535433070865,0.6084371460928653,0.6339043166588748,0.6011417322834646,0.13331823329558326,0.14418949664952468,0.16196850393700787,0.17111740279350698,0.11763347358578775,0.14649606299212597,0.05630804077010192,0.0905803334891694,0.08220472440944881,9.806078060117025,9.750044802867384,9.661023237573819,10.40162340151944,8.820333683964469,12.223622239480807,43910,1099,0,1626,0,1,0,0,0,1,61.98
2020-09-19,1.3451527962271668,1.360179783786721,1.3816177754504992,1.7505472079170292,2.2540167279391365,2.671577287343428,1.8445439614433836,1.4078069989228172,2.125062922671307,3.843154370170715,2.463303695088347,4.002793181504518,0.9339563607448472,0.9581992170755518,0.9181244246227737,1.1639667650282068,1.0315288664834186,1.3935861084551917,2.6816096043127358,2.3609855062203513,2.8937732879127185,1.8964068449500477,2.0898360446870803,2.1019324687702583,4.165147044896648,3.730354252107617,4.067694931672295,3.8054769107164668,3.9486747655098524,5.001910683878822,0.4234673123486683,0.5786665351223362,0.4388235294117647,0.6200581113801453,0.6680899763220206,0.8341628959276017,0.10374334140435836,0.1511503551696922,0.20909502262443438,0.19710411622276028,0.1303453038674033,0.25633484162895925,0.06843099273607749,0.10659234411996843,0.09049773755656108,10.120484639830508,9.827857389502762,9.780090055854073,10.639563786319613,9.088259668508288,12.511765147765837,44530,732,0,1626,0,1,0,0,0,1,61.98
2020-09-20,1.333520203256114,1.3410827561975898,1.3450026983471686,1.7831601952056333,2.1922404765879,2.5195582837534247,1.7959470033917815,1.362347300108432,2.012153020191898,3.777903948048402,2.4068986868511217,3.963050829459689,0.9201305536757314,0.9226066209935033,1.0167616851129808,1.1926889541361085,0.99758474533853,1.29905316709369,2.6143330911550757,2.2987129459742848,2.7983913394663023,1.796089290126334,2.071522000920322,1.9266932582524385,4.141957103664174,3.702772025923101,4.107159768441672,3.9065147727760245,3.871662874704488,4.902546490003339,0.3774823943661972,0.5848550438423257,0.3997727272727273,0.5986795774647887,0.662099691918793,0.8406818181818182,0.10168427230046949,0.16606406509202937,0.25522727272727275,0.15910211267605634,0.11644877162493088,0.2128409090909091,0.06286971830985916,0.09693814677304685,0.09261363636363637,10.205634032056924,9.860139031519077,10.105113636363637,10.645363391285212,8.87121440279643,12.809659090909092,48127,803,0,1626,0,1,0,0,0,1,61.98
2020-09-21,1.2389273797843552,1.3402805220478793,1.3437474371905198,1.7392317662343686,2.1082086361414607,2.546643111740218,1.7394590056053734,1.3128499405440501,1.9470841052321501,3.8210416595895054,2.32243607158936,3.8854315077388786,0.8568227850464324,0.9120786752123149,1.0655210000490374,1.0487484995505991,0.9462781067553918,1.1899260034679815,2.4401942891404387,2.3377954734561186,2.6329415072431104,1.7238756290771236,2.0835147753488066,2.0662934924112064,3.8960828745292972,3.71158423139182,4.130884432360988,3.792441716519582,3.758230177244209,4.847554712167433,0.3125059894585529,0.585677866343793,0.4229255319148936,0.5612218495448011,0.6186190428143814,0.6322340425531915,0.10819357930043125,0.1548864897588538,0.175,0.16549113560134163,0.11659166582585007,0.14005319148936168,0.053521801629132726,0.08889785759930044,0.07638297872340426,9.857450886439866,9.79227415666095,9.800531914893616,10.394393679623862,8.632044992096324,11.782447327958776,42181,674,0,1626,0,1,0,0,0,1,61.98
2020-09-22,1.3225351802700873,1.3090874224002462,1.3778482812624446,1.6490635273804035,2.1412282396011113,2.337815763144303,1.6758445904259933,1.353383716516958,1.9729966219230666,3.6452140610129233,2.382847463754661,3.8689200474934307,0.8607507754481419,0.938014952441055,1.1417874128515986,1.0898066688370178,0.9872670749033495,1.3419616146193087,2.5959785628282255,2.33613898493735,2.6833339274883934,1.8723632364774836,2.082223631319686,1.9938161245189345,4.106064955294012,3.718502910063814,4.19440096151674,3.6634746838616925,3.8244343540612173,4.547128957469799,0.42166666666666663,0.5564527793099221,0.4416877637130802,0.5507194616977226,0.6328188392474107,0.6222362869198312,0.09420289855072464,0.15048048048048046,0.10573839662447257,0.1637888198757764,0.11810657596371882,0.16029535864978903,0.0711335403726708,0.0919004719004719,0.12860759493670887,10.202898550724637,9.637954280811424,10.651476381197257,10.160869969591097,8.740426970337685,10.584388185654008,34450,484,0,1626,0,1,0,0,0,1,61.98
2020-09-23,1.3526173323785091,1.317735281772967,1.2371923490420786,1.7234193684354702,2.1534902233450834,2.621789439230052,1.692973734981929,1.3690176391973052,2.0436078157493323,3.7421699428730237,2.3794177226337068,4.371900403112794,0.8823239310897394,0.936406255558983,0.9893599526919531,1.091682153373689,0.9931681517023875,1.3053912426981114,2.6102727293834644,2.368715078399629,2.690382259850123,1.9177183767699482,2.082697603445026,1.8436210962926776,4.133132002761215,3.718942272687487,4.161735745240925,3.699094783612425,3.8826433041921313,4.916446604511197,0.4079288608734804,0.567465235423274,0.28206572769953053,0.6206078343088698,0.6308993047084653,0.7458215962441315,0.11089149031967584,0.14983044645035373,0.2607042253521127,0.16921206663665017,0.11835783117833618,0.1911267605633803,0.07217019360648358,0.08449255916077093,0.06784037558685446,10.304412250956776,9.656217598804586,9.249765028975938,10.163575317987393,8.846172465845328,12.76478827391432,41398,537,0,1626,0,1,0,0,0,1,61.98
2020-09-24,1.3530950129481047,1.3424244124803537,1.2775340519287455,1.6604913115358715,2.126227464593422,2.5828744648176496,1.7497089748348926,1.3370843554504517,2.078006885804117,3.7180829160881936,2.314771884524142,3.751497616390948,0.8797196670856257,0.9429642757402255,0.9670735733644358,1.114007174520949,0.9652058925882252,1.4124322502103046,2.6273637618216434,2.374065581705948,2.904275952452375,1.9265299510226892,2.09109550584309,1.9190696773583078,4.199171463811388,3.7661200039652787,4.005168921686396,3.7011554676325096,3.814871484921714,4.698339008663479,0.395155737704918,0.5584544126436018,0.4618139534883721,0.6029426229508197,0.6199070323394648,0.5855813953488372,0.12677868852459015,0.1426409456139186,0.12125581395348838,0.1775327868852459,0.11747393585231423,0.1467906976744186,0.06009426229508197,0.08780031874626469,0.05102325581395349,9.929999679815573,9.711684042765123,10.450232785247094,10.33024622182377,8.728727422139585,12.040000454215116,49528,660,0,1626,0,1,0,0,0,1,61.98
2020-09-25,1.3061007362432626,1.353277190852902,1.421094919205568,1.7090254270947447,2.1165107900751496,2.188893669367332,1.7232871041324258,1.3208858383961892,2.068010353739305,3.544603265379127,2.3103751696229557,3.536641485912403,0.8726900730019252,0.9320767688904747,1.0401469531278473,1.1186971017438987,0.9385720938484168,1.1533530236579026,2.6041994663578727,2.3508615668132986,2.854603429197986,1.8620804200237469,2.084304669546371,1.8784495129888799,4.153370608157425,3.747631291984847,4.341198833198823,3.710476236011171,3.7711249721295736,4.53010367089818,0.4441262683201804,0.5900102588653694,0.4400515463917526,0.6413246899661782,0.6284775843791677,0.7113917525773196,0.1397576099210823,0.14652395445063776,0.16716494845360824,0.169086809470124,0.11801730328625654,0.20087628865979382,0.0839120631341601,0.09006805047361763,0.07809278350515464,10.232637665586246,9.741404994357625,10.034535830782861,10.294983529453214,8.576001094278972,11.842783505154639,41641,903,0,1626,0,1,0,0,0,1,61.98
2020-09-26,1.3656379204862188,1.3651951502871011,1.3854332889677117,1.7130822134819474,2.1696022060914677,2.246542552044025,1.774531954122458,1.3573367246977908,1.864372142764307,3.745282574759569,2.4040572041830397,4.022336963888783,0.8823327225861188,0.9340648991607222,0.7922487150628856,1.1706827961553454,0.9958368486619253,1.2118354609958077,2.5614869992248384,2.363522657815933,2.929386424560211,1.8396393861037814,2.082705790589256,1.945682110332473,4.121398248265806,3.7323127495393655,4.394941926514548,3.8024727317246168,3.8812734168547687,4.708860977296582,0.40919637462235653,0.5961746127539731,0.3875974025974026,0.5800906344410875,0.6431357875678938,0.6281168831168831,0.11131722054380666,0.1524196338764836,0.12714285714285714,0.1467915407854985,0.1184614765640716,0.15844155844155847,0.06300906344410877,0.09118366525849929,0.07357142857142857,10.026525915785498,9.884912492456246,9.754545930144074,10.577341389728097,8.786911587205793,12.692208426339286,45961,740,0,1626,0,1,0,0,0,1,61.98
2020-09-27,1.364533035783411,1.3368612018545398,1.3068448309896465,1.7226307178670501,2.1991630392752404,2.283043745368292,1.7761400328874044,1.3794087221418028,1.875647186683752,3.608394302402963,2.403257315974703,4.1077173344071545,0.8671433095168433,0.9336694313148692,0.9069879638596927,1.1015370603330175,1.0140955840400898,1.1095835188381462,2.6009423310986004,2.33691267857323,2.785821644439499,1.8267120523048237,2.0707032900627373,1.9610053901686177,4.196807810873802,3.666228956876851,4.293624821810841,3.82364503970543,3.8794390752326118,4.745772025245201,0.39014571948998183,0.5927223698909819,0.3622115384615385,0.5792956891317547,0.6659270387919412,0.6534134615384615,0.11955069823922283,0.15611425709773105,0.17326923076923076,0.17309653916211293,0.12657421318232598,0.1954326923076923,0.05821493624772313,0.09730266959436035,0.06091346153846154,10.634365987401337,9.811456286836934,9.860095684344952,10.458530187462053,8.94783721445356,12.420191838191105,49615,778,0,1626,0,1,0,0,0,1,61.98
2020-09-28,1.3105616701073943,1.355648257939427,1.2967819010498405,1.7835757172297573,2.127308435440646,2.8587199758156987,1.6801664898663786,1.3206328511598742,2.3326624251488193,3.771911259257973,2.306520893507931,4.788513758610753,0.9227750944096162,0.9389900397974875,1.0797134823035075,1.0951572913058505,0.9592266409314277,1.5534257292523634,2.545876776488063,2.3298884512177147,2.5281952471741906,1.8774223384693614,2.096130002989676,1.8100305973123614,4.1453292172523195,3.737395240188255,3.7551627678428345,3.755213127245464,3.761215421253851,5.502497704256506,0.4022186788154897,0.586590581797235,0.4230434782608696,0.6242460136674259,0.6344585253456222,0.8198814229249012,0.1547107061503417,0.14905457949308756,0.2133201581027668,0.1510387243735763,0.12164818548387098,0.14960474308300395,0.06621867881548975,0.09416654665898617,0.07213438735177866,10.308701416571754,9.867439516129032,9.65296423388093,10.261731207289294,8.576656218497984,12.883794852396244,42035,664,0,1626,0,1,0,0,0,1,61.98
2020-09-29,1.3929283963902932,1.333253016432184,1.1462034467561104,1.6993309897011544,2.1538139641324476,2.567615769888188,1.6726267300227098,1.328728704378345,2.0411524631548934,3.673344994998963,2.3640787668186207,4.08735103735194,0.8512332822960028,0.9293567462742842,0.7487391737214978,1.103345864829815,0.9749102652436406,1.401790900811294,2.6288806483255156,2.330304666311312,2.5034724269116264,1.8283332285271485,2.0867643699797913,1.8681140367976163,4.2672233522698795,3.6895322605887,3.8336016378683944,3.637684525724186,3.843847588705079,4.881496857313173,0.4622542533081285,0.5798518587245624,0.3215837104072399,0.5867249527410208,0.6199118574874745,0.7938009049773755,0.10699905482041588,0.14802529844745468,0.1471945701357466,0.16629962192816636,0.11847003154574133,0.21868778280542986,0.07582703213610585,0.08471732541597081,0.12638009049773755,10.408175434191872,9.834882592626956,10.183257918552036,10.333743464969281,8.687764814127544,12.384615384615385,35551,502,1,1626,0,1,0,0,0,1,61.98
2020-09-30,1.4734200801136224,1.309522924592924,1.5000163528184147,1.616064352778896,2.1695812222368613,2.2668669587922534,1.7476156463992478,1.4121324903531738,1.9663413509781682,3.763383265512516,2.347808212090696,3.7309544862534296,1.0146048547256081,0.9405953704416605,1.137980348401015,1.045869694751629,1.0369530782245928,1.1772278730351273,2.815497118559285,2.3321348005329714,3.154562825946937,1.9903665696899053,2.0592210645136446,2.117666193560156,4.410661091409589,3.707375606690991,4.539551695980685,3.591189048337922,3.886528022941871,4.523817088662129,0.4385363663573781,0.5555307927319505,0.44024096385542166,0.5708470517809039,0.6728406496221258,0.7029518072289157,0.09347500748278958,0.15007718282682103,0.14433734939759035,0.17757856929063154,0.1223891300852227,0.1891265060240964,0.06950912900329242,0.08950828107412767,0.09400602409638555,10.423585518931457,9.749737698986975,10.255421833819653,10.026519473959892,9.071101664254703,12.420180722891565,38402,400,1,1626,0,1,0,0,0,1,61.98
2020-10-01,1.380894843417764,1.337158340819022,1.3344199678467077,1.588500728565183,2.14224838638968,2.2373499650049147,1.7167191157342152,1.351187815245841,1.9679771569914615,3.650733739061072,2.2922008561125398,3.575809513284231,0.8788868515897416,0.9178317506506257,0.9416014824039185,1.0650644830286495,0.9871822226843706,1.1710471689546598,2.702391629020796,2.3482829730298787,2.823452503113716,1.9199084572686402,2.0861802277718824,2.009379208287678,4.255801688354445,3.7460506116899506,4.1070679629660845,3.6425265672135922,3.8032111389344188,4.565137214805204,0.3536643026004728,0.5773564375730804,0.36005025125628143,0.5713002364066193,0.6519192542549045,0.6716582914572864,0.10759338061465722,0.15052942704949981,0.13557788944723617,0.16556973995271868,0.11798070676887099,0.12407035175879398,0.055829787234042555,0.08921625308561777,0.05618090452261306,10.171631205673759,9.862338817071587,10.027638190954773,9.88406656323877,8.663028209042483,12.67688417674309,38881,795,1,1403,0,1,0,0,0,1,61.98
2020-10-02,1.3826365250441028,1.2749688307501719,1.365252094279738,1.697628187224516,2.3016738678180575,2.484453023342989,1.6714133026629032,1.5763808471287053,2.1656162750008128,3.571721795371993,2.4611893956192845,3.923111309204671,0.9047999761609358,1.1428987832193418,1.0334722466835262,1.1796742624817653,1.2875206957986494,1.4541802322803252,2.6737901721878434,2.3791573138934567,2.803577588076666,1.910625917446445,2.040972581531926,2.117499175202471,4.271710964120694,3.6565773629836453,3.973123177417581,3.6807517176679547,4.195056628543481,4.738975897163911,0.3927608825283244,0.606279232626283,0.4284574468085106,0.6155992844364938,0.6998394854689198,0.761063829787234,0.08629099582587954,0.13835726001142584,0.19393617021276596,0.1914251639833035,0.11029283305383042,0.15085106382978722,0.08063804412641623,0.08095313565412897,0.07441489361702126,10.09445345110316,10.205022298803973,10.91436118267952,10.235241502683364,9.859653447100234,11.801064349235372,45920,686,0,1403,0,1,0,0,0,1,61.98
2020-10-03,1.381224813359485,1.2867685431150195,1.1961295925982773,1.6934353209221022,2.269931140165943,2.375706386284656,1.7101795134958349,1.4968434043841536,2.0076218561116366,3.705485421831948,2.471470001091862,4.0748911826180585,0.9138763225982987,1.0672998555099846,0.8326125246867649,1.144720866283167,1.190916708053845,1.4677393801608793,2.6125687118063126,2.4074525065975756,2.2974171065363285,1.841474525132699,2.0301093573358346,1.8020345311921926,4.1606141919941,3.643013656697478,3.542363940035829,3.7315302086478206,4.063850441040713,4.801634121244529,0.38923651452282154,0.5652251915529808,0.45408450704225356,0.5966224066390041,0.6518840270176469,0.8385211267605633,0.09160165975103735,0.13081747069973568,0.17514084507042255,0.168298755186722,0.1165010545425421,0.1585211267605634,0.06185892116182573,0.08078730277384735,0.1497183098591549,10.355352859180497,9.943385915850175,10.360563036421654,10.221576763485476,9.61523880716555,12.659154757647448,46624,733,0,1403,0,1,0,0,0,1,61.98
2020-10-04,1.391511031904283,1.3116096950794491,1.4405447157203504,1.655754451083457,2.2347223653881,2.579530372214563,1.6542504605216786,1.4205390023175541,1.998158346967541,3.61569865076524,2.465182005595002,3.9267617204358958,0.9499517512153047,1.0053294567719777,0.9675230755494068,1.0292548036263007,1.1174221669073219,1.3475222674898573,2.653148122260637,2.4138230924411377,2.9324119377244715,1.8737532927311051,2.048303674227737,1.9817483579571042,4.308549275975158,3.672799095619891,4.223010661237692,3.6629123189730035,3.9748690930428237,4.963028901440643,0.4182056590752243,0.55557934472524,0.358343949044586,0.5698757763975155,0.6497340287583206,0.7778980891719744,0.11172532781228435,0.13530588133590754,0.219171974522293,0.16855072463768114,0.11686943491917126,0.14121019108280253,0.04893029675638372,0.07705011094141717,0.070828025477707,10.930573078416149,9.891542157738524,10.373885039311306,9.988819740985162,9.300200991268767,12.905095385897692,50935,907,0,1403,0,1,0,0,0,1,61.98
2020-10-05,1.3269746254336132,1.25725145930605,1.2313182209303022,1.727748594177297,2.185640633340148,2.4557498278230607,1.7755537867363675,1.390235342267012,1.9838545390797888,3.6266389685332547,2.517987333271802,3.666630992672685,0.8661507537130965,0.9672137123556319,0.9288589764605933,1.0665107864883776,1.0825974985301927,1.2838998110985587,2.636842437668183,2.376295985426076,2.7225506795142866,1.8972705996792436,2.0147363533257248,1.913716030596992,4.220959054299275,3.6163617365265317,4.009123302563521,3.7687940953962196,3.986832962710577,4.623957917848454,0.3593967661691542,0.5361067566929506,0.3754491017964072,0.5639116915422886,0.6901886302469427,0.8492215568862275,0.10769278606965173,0.1931835780726191,0.2239520958083832,0.17799751243781095,0.11610935360498607,0.18778443113772456,0.06638681592039801,0.07798408801170971,0.05269461077844312,10.328358208955224,9.80607190495302,9.766467065868264,10.038681713502799,9.179503429104301,11.75928172950973,47727,565,0,1403,0,1,0,0,0,1,61.98
2020-10-06,1.4105928462189588,1.2663763211708468,1.4241544451626624,1.5835915323762804,2.2840089842289646,2.3316172227678207,1.6533999255512262,1.514567850449953,2.0653734560428405,3.4402330955447225,2.6080267858988,3.6803701669119646,0.9321035267971548,0.9740083656692197,1.0199391375427498,1.1358213227143044,1.149253699205677,1.286409472440749,2.654490846418132,2.362201033576201,2.869234541816521,1.8844120910526907,2.007723981327945,1.9027816801689943,4.23615975736386,3.6398872091348324,4.178441919051002,3.5961505087480057,4.166918390609729,4.704146315225325,0.4234359296482412,0.5115772802221643,0.3864,0.5852072864321608,0.7191610257745379,0.6489499999999999,0.11746859296482412,0.1997871648008331,0.1876,0.17935301507537688,0.12155536752581791,0.16094999999999998,0.052525125628140705,0.0814011108218346,0.0616,10.524308554491206,9.662507864705372,10.069000244140625,10.25,9.712511797058058,11.92449951171875,35774,598,0,1403,0,1,0,0,0,1,61.98
2020-10-07,1.3674267517429717,1.2928632064506604,1.3511387381734419,1.6168274393283546,2.1535008245996012,2.056392640925899,1.6771190915766163,1.4151217674140475,1.7813114472917613,3.403702166645231,2.4045726233929456,3.660149367850608,0.8983976845398312,0.9539358477788231,1.1011207651021986,1.0764762531657774,1.0462609444745166,1.1369390683153504,2.6133657055904593,2.3422868247030237,2.6717461564481453,1.83026265229065,2.0422106348099422,1.8300926761131353,4.116720773951849,3.698859847150103,4.131591366219839,3.6370431355834545,3.932194817775778,4.383951566296056,0.4531837223219629,0.545100119248733,0.43833333333333335,0.6147037701974866,0.650547798867137,0.7374019607843137,0.09199281867145422,0.15398315611646626,0.19784313725490196,0.17820466786355477,0.12524247242373052,0.17848039215686273,0.06559545182525434,0.07930314021663519,0.10377450980392158,10.741890615649313,9.747401526632217,9.98823517444087,10.019209820092758,9.103056214598032,11.731862984451594,41602,508,1,1403,0,1,0,0,0,1,61.98
2020-10-08,1.3567104450087704,1.249946880241273,1.376606013418452,1.6167683173843408,2.1715773360027506,2.229399067955564,1.8181708186010686,1.4150105153421821,1.8642690468314824,3.891521462244411,2.4541376891314655,3.3366259466368953,0.9757391001558524,0.9440620537685774,0.9617811915835284,1.1301417894094588,1.0998644504960244,1.2396553033398352,2.6375318486839454,2.33064505031717,2.7666614742434397,1.9202962615904184,2.0190967178066312,1.84405813444997,4.117245327478941,3.7229579173523386,4.26952588127578,3.6897785750662186,4.018523422089004,4.147434361446903,0.3933957845433255,0.5249547318927571,0.4560431654676259,0.5828454332552693,0.6222591536614646,0.6330215827338129,0.08946916471506636,0.14529336734693876,0.1375539568345324,0.18369633099141297,0.12289515806322529,0.15205035971223022,0.05605386416861826,0.07874749899959983,0.07550359712230215,10.278180803571429,9.572433660964386,10.41546762589928,9.899297423887587,9.188740339885955,11.482014388489208,41654,635,1,1403,0,1,0,0,0,1,61.98
2020-10-09,1.3858338922667826,1.321390829592025,1.324891046005191,1.651008637304412,2.1717286773628945,2.38068809093882,1.7572557928625077,1.373171894681921,2.045089225308671,3.5899917668332875,2.4023951864958724,3.5922235026156875,0.9177164308212722,0.9668933931793459,0.8968096650855967,1.085766821715877,1.0163186275905511,1.3032779435060502,2.631579501970666,2.3724051290370265,2.7320888179709293,1.9043921244384452,2.0763077634316836,1.9219415791421524,4.208074449812991,3.722350680745991,4.342254542731968,3.7521564520775263,3.878006715098624,4.742494912325399,0.402202166064982,0.5605397579197313,0.4087116564417178,0.6045788206979542,0.6444295476921295,0.672760736196319,0.11596871239470519,0.15811113685063996,0.14858895705521472,0.1757882069795427,0.11878149070481264,0.19042944785276072,0.06612515042117931,0.08473214802803036,0.0558282208588957,10.395306859205776,9.830876817049864,11.001840790356596,9.763177130339951,8.853805307812591,11.824539278182515,52594,782,1,1403,0,1,1,0,0,1,61.98
2020-10-10,1.3122437186865974,1.3491909994848263,1.279109794217962,1.629989941140296,2.243320275205305,2.4317786108085055,1.6675403777160325,1.3986287704627578,1.867563209637366,3.5066882094684457,2.4500621320491347,3.737303969234276,0.8713628335638175,0.9662768920524402,0.9346020765473334,1.0974293785547735,1.0627267973124837,1.2988663433160754,2.679624419372843,2.3769486608600654,2.7139290184769402,1.7864630490629918,2.071877598916429,1.8395063393652076,4.132643556323207,3.725919201173534,4.03092971954478,3.6692318140020905,3.9708996886858414,4.539883957974205,0.3723564954682779,0.5689880262649671,0.47105263157894733,0.5867250755287009,0.6579539309666772,0.6446198830409356,0.11013897280966767,0.1500038624951719,0.13742690058479531,0.14833232628398793,0.11986586607675831,0.2121637426900585,0.07007250755287009,0.0871582569612697,0.07555555555555556,10.516556127265861,9.863773526106955,10.333917985882675,9.94845874244713,8.998219631131711,11.98421081186038,56104,735,0,1403,0,1,1,0,0,1,61.98
2020-10-11,1.4006924210678262,1.3316603680596377,1.2331029381760938,1.6603453689046523,2.1598274740844654,2.383766232286468,1.733633611992232,1.351044704018173,1.8947253938294235,3.5682150799856243,2.389117145168653,4.009084364062434,0.9089446131113995,0.9353953780829771,0.8581904423577844,1.1015230759623562,1.0096863205164,1.3617019502957304,2.693550928496185,2.3411007549868366,2.7780972146809724,1.8516226222003154,2.084120121068024,2.10558650701216,4.241977206811624,3.7090758714102057,4.125671913750818,3.714856751986188,3.908834414822051,4.847838588970953,0.41221388367729833,0.5787489211861774,0.34260606060606064,0.6220762976860538,0.6586419028549729,0.772,0.12350218886804253,0.14918044671522768,0.14139393939393938,0.18809255784865542,0.12515931922532536,0.2167272727272727,0.05186991869918699,0.09077018676424897,0.043393939393939394,10.204002623710132,9.931850252010909,9.553939541903409,10.362538598342715,8.895722934718817,12.783030007102273,58794,792,0,1403,0,1,1,0,0,1,61.98
2020-10-12,1.381950464641213,1.3423856233295004,1.3885303223923755,1.6953625450626089,2.1707242563397102,2.6688199627294886,1.6961916751042247,1.3633091024069257,2.1647128776392264,3.5041306708738715,2.380677934663494,4.0790165100183415,0.8519123392169552,0.9426005460626324,1.075846805952353,1.0685595274693518,1.0243823702921613,1.401586542786111,2.6642654377929307,2.3369276591217796,2.7842041469782712,1.9047482929598993,2.078784631365356,2.039694338311102,4.160073151537168,3.6990354872552906,4.2030948256077885,3.699357679368122,3.878549238173987,4.971129357501336,0.42037341772151904,0.5879044264052687,0.38047619047619047,0.584512658227848,0.6552758462245367,0.6542328042328043,0.10227848101265824,0.15636912237708683,0.1673015873015873,0.1729240506329114,0.12038566396079033,0.1688888888888889,0.0759873417721519,0.08920967988972278,0.06052910052910053,10.333544303797469,9.9476738397917,9.980423538773149,10.066898857792722,8.891279292387809,12.622751064401456,54216,681,0,1403,0,1,0,0,0,1,61.98
2020-10-13,1.3967927933614146,1.3382648531945476,1.241132362383118,1.652144361096159,2.169836570041165,2.237836472239026,1.770682403283293,1.347651600007064,1.8424122645080314,3.54932741934989,2.371100181205053,3.7765264172913673,0.8535079612667259,0.9376131596125903,1.0311325643918259,1.1114594829796396,0.9888142753742583,1.2520116790710234,2.6109569795255636,2.328654094744169,2.8383076257301285,1.8764823350250885,2.078944374103908,1.8805577858000573,4.204795163653926,3.71976351314441,4.186091815472686,3.6597330356191042,3.836145297315247,4.784410729677447,0.3706299212598425,0.5767066135363388,0.29765,0.6559617547806524,0.6431545140953967,0.532,0.13376827896512936,0.15488372784584276,0.1444,0.201822272215973,0.12359878672534792,0.14400000000000002,0.05331271091113611,0.0882800047579398,0.0892,10.371878075787402,9.919462575829666,10.160499877929688,10.058717879991564,8.712364881943618,11.68949951171875,44423,573,0,1403,0,1,0,0,0,1,61.98
2020-10-14,1.2748528869595075,1.3429546474579621,1.2201262879021837,1.6219377420663614,2.1686128324512017,2.6750652883539665,1.7375878025683351,1.3597433383899378,2.3614687635707834,3.691502111690905,2.3712916113578624,4.311724111930108,0.8306495498440066,0.9328249777116864,1.0386860970089884,1.1320678199870373,0.9948148274327154,1.4994673617929288,2.7380552069178368,2.3503592742538095,2.875160310469381,1.8134033717324343,2.077939174924176,1.873271945198422,4.278227707420507,3.76326386295555,4.103996201877813,3.6222078741551265,3.8683947295755874,5.100821456590968,0.3712044105173876,0.581183891895124,0.30082872928176796,0.5917599660729431,0.6499494753206374,0.6522099447513812,0.10081849024597116,0.14997249544082036,0.20823204419889502,0.17412213740458016,0.12153816257586175,0.1156353591160221,0.05729431721798134,0.09278124906574188,0.05580110497237569,10.049702806933842,9.974456448623277,9.174585500474793,10.198303481499153,8.770070667284523,12.767955801104973,49144,497,0,1403,0,1,0,0,0,1,61.98
2020-10-15,1.29526379300462,1.3660044167392897,1.2005748376483192,1.605399575917441,2.158846590314326,2.3511005496569677,1.7692424202688088,1.3352670328284066,1.775345688491478,3.6911878118639048,2.364000007058525,3.8529443772255125,0.9086671944093232,0.9377981209316136,0.861952555701654,1.0733372702460575,0.98993908419553,1.1958976494424531,2.6556874040734173,2.318712494753702,2.619922863201862,1.840153895493332,2.084042783015874,1.675947699720578,4.121533176068362,3.742228993330648,4.167544621642508,3.6600321792646326,3.850362376251909,4.680523898424156,0.37800596718050716,0.583826584937696,0.3665853658536586,0.6146792640477374,0.6375990675990676,0.6448292682926829,0.1388712083540527,0.13953149730927508,0.1806341463414634,0.18568871208354054,0.12177731733287289,0.12390243902439024,0.05114868224763799,0.0920938732049843,0.1324878048780488,10.284137439395822,9.883061383061383,9.352682569550305,9.828542624937842,8.729759309620421,11.81804854230183,50497,652,0,1403,0,1,0,0,0,1,61.98
2020-10-16,1.3403914337917744,1.3758527363611661,1.0888385717727813,1.594584906082648,2.150386604895701,2.0927514993722895,1.6679486028448942,1.3368085803261827,1.8025874271387352,3.476906272440166,2.322181432551699,3.325195870950725,0.8463893823241766,0.9453490875273997,0.9256005029644616,1.0506012955713686,0.9773532920213857,1.2897202651142319,2.7370596425094553,2.3659247798888936,2.8023558846592644,1.855917238635148,2.1034682231771766,1.6987404352379412,4.280671497663868,3.787315298591045,3.9407595861779052,3.569374121143968,3.7977115322851,4.279867086620267,0.3397645211930926,0.6056260823021945,0.2568041237113402,0.6063212977498692,0.6272869242152325,0.5542783505154639,0.09825745682888541,0.13898806712634992,0.12489690721649485,0.16798011512297226,0.12086363779477977,0.1420618556701031,0.05982208267922554,0.09055697238751928,0.09644329896907217,10.30910477171638,9.992966019646737,8.978866105227127,9.650968079539508,8.625014758666289,11.834020870248066,57229,821,0,1403,0,1,0,0,0,1,61.98
2020-10-17,1.3875209692690482,1.3834138662661308,1.2431359221600158,1.6435312477159802,2.1897090064695854,2.161038247346531,1.6820110722793107,1.3552630520070772,1.7775187314750933,3.41122953934617,2.367741569496856,3.602699660248502,0.8902003469049101,0.9507385316720368,0.8632646442969941,1.0195120462633034,0.9969365868088775,1.0643601665427953,2.723061423464381,2.361438766419793,2.7133871108655345,1.8772205032645237,2.069441852513242,1.7775222469369851,4.34653011581198,3.7355405748624766,4.331284079715205,3.6449665937167257,3.8670289047732145,4.138803065740348,0.3643732590529248,0.61262457958016,0.357289156626506,0.5869150417827298,0.6578772180770867,0.5873493975903614,0.11596100278551533,0.15871573819925,0.20861445783132532,0.18953342618384403,0.12301503846599916,0.14566265060240963,0.05454735376044568,0.08843352534116829,0.05728915662650602,10.623607242339833,10.050941474658831,9.757229356880648,9.727367688022284,8.765732521165964,11.657831031155874,63046,697,0,1403,0,1,0,0,0,1,61.98
2020-10-18,1.3570689477502016,1.3525413216940059,1.3322069971989738,1.7310872782704207,2.1890191959039758,2.337983515473524,1.7779520350903801,1.3671864654681118,1.6292100471507605,3.5700724560899846,2.416272109444879,3.4921870799971035,0.8996747441134954,0.9303849333356334,0.9843287035327938,1.1119896667094524,1.0257097337742433,1.0550741087571565,2.6608590383175112,2.3291289229129113,2.823254322618764,1.9094573394698229,2.025545629744929,1.922309430108808,4.185089143236372,3.698561193822099,4.234199089583887,3.7031034502411107,3.8966131698817987,4.36740089561208,0.39378360655737704,0.6032093455371276,0.34611111111111115,0.5064196721311476,0.6552088638084096,0.5695833333333334,0.08439344262295082,0.14857614754662446,0.125,0.1386688524590164,0.12625800013763677,0.13583333333333336,0.0511672131147541,0.08874819351730782,0.05715277777777778,10.259869364754099,9.973897400385383,9.938194274902344,10.176328125,8.987980438373134,10.943750169542101,69079,880,0,1403,0,1,0,0,0,1,61.98
2020-10-19,1.4638374187333747,1.3184393287864442,1.328599051094661,1.643816181211427,2.1426423033563857,2.3742933007801486,1.7227260234983834,1.3278971233715573,1.7995177758291996,3.445338711124989,2.351897722016063,3.5971972730124455,1.0023792147869197,0.9354401959670602,1.0015222437734508,1.084055649678905,0.9722173796991915,1.2718663371799874,2.7860546671434734,2.3480677661487768,2.826645351521555,2.0340005436983044,2.0619439601409217,2.0777194833712174,4.3191050830142,3.6828931449997353,4.41983067154392,3.6440044930460465,3.830969696432078,4.286709994780839,0.45983963344788087,0.5842641110775731,0.38727272727272727,0.6019473081328751,0.6570799879263508,0.680334928229665,0.13139175257731958,0.14516208874132208,0.11942583732057417,0.17258877434135164,0.1213507395110172,0.17095693779904306,0.04825315005727377,0.08784515544823422,0.0747846889952153,10.448739977090492,9.880763281014186,10.11339689555921,9.808648562786368,8.819659296709931,10.760765550239235,54548,693,0,1403,0,1,0,0,0,1,61.98
2020-10-20,1.4025664409154084,1.3454840978717384,1.4229604539260847,1.740635274451927,2.1748252269366093,2.1631495632572775,1.7349452945397832,1.3594242688479568,1.8727466914238713,3.515512717185198,2.3893392379931293,3.3603823048033847,0.8932689146222418,0.9432357595237055,0.9656703407770006,1.0884744125437558,0.9967657338779451,1.2492353250460824,2.7315403544145878,2.355207676145202,3.12094414402739,1.9142097543639067,2.07725216644448,1.955342062663552,4.290461143757754,3.7477392392829185,4.483555113787411,3.7499401729402657,3.868469567273493,4.385709941766992,0.4143064876957494,0.5753369788486093,0.30174273858921163,0.6163534675615213,0.6465072447676677,0.7510788381742739,0.12196308724832214,0.13941070338089157,0.22431535269709543,0.17061521252796422,0.12346777327485706,0.14946058091286307,0.06927293064876958,0.09484788763670683,0.08439834024896267,10.73204610598434,9.825984185033033,9.9307055967972,10.270861734479865,8.80327575917393,10.963070944631744,48887,733,0,1403,0,1,0,0,0,1,61.98
2020-10-21,1.4220498056866966,1.367261483057888,1.1504384891249315,1.642803095959379,2.177708864008874,2.381057148298751,1.7462756807523034,1.3327331581930992,2.0127397409839136,3.452770137417179,2.394653918892696,3.598723562077837,0.8551836836881075,0.9366670321555389,0.7459318285999225,1.100788815360046,0.9761676995015036,1.2307023815366183,2.6578982919760032,2.3826196420308694,2.716490147087397,1.80940266124246,2.0829465493720263,1.7990145577665546,4.267545504681091,3.783235881487203,3.906588937482717,3.763052045610968,3.8714016800146225,4.539481378119859,0.38546457607433215,0.5744862793283014,0.40039800995024877,0.6143031358885017,0.635859224153063,0.6936318407960198,0.108205574912892,0.14429465800713825,0.11019900497512437,0.17390243902439023,0.11794775027792405,0.18686567164179105,0.0635191637630662,0.08733953542800305,0.10039800995024875,10.821603241144018,9.841650942016265,10.208457225590797,10.20435562754065,8.672295542975835,10.69801019317475,61362,612,0,1403,0,1,0,0,0,1,61.98
2020-10-22,1.3645420255503162,1.3724561019192678,1.4613177851425314,1.7016582605115678,2.2441295357828976,2.223184218240926,1.7558383170221825,1.3920186154748586,2.006234868716464,3.64580798578394,2.4406682680818452,3.588855851467505,0.9367836964448283,0.9454598166245289,0.9898113679825489,1.1572511776166101,1.015985712680391,1.1618215720065064,2.6706902974330307,2.3654705812251895,3.076351959926411,1.87762205999648,2.1051093593957573,2.0730019805890323,4.150352603080754,3.7650295388775663,4.863948798477022,3.77276506591394,3.9291828830976105,4.554254342475455,0.38049138804457955,0.5954561266718646,0.45659574468085107,0.5760840932117528,0.6446095483716189,0.5925957446808511,0.1038855116514691,0.1479709710310082,0.14778723404255317,0.16330293819655523,0.12110567984166017,0.16872340425531915,0.055511651469098276,0.09214538475379355,0.04978723404255319,10.348885115881458,9.941075203922509,11.326808718417553,10.0177304964539,8.823934092544834,11.211489153922873,58741,791,1,1403,0,1,0,0,0,1,61.98
2020-10-23,1.4169530164287831,1.3627321613688872,1.419483017420156,1.6197248704530203,2.2290323382152284,2.0729446482165392,1.714752897636739,1.3744340419970809,1.7841782328017979,3.6349033059790683,2.3952622014453526,3.457450396788006,0.9334321380152866,0.9573998397154465,0.9612287019123937,1.1276379647553219,1.0079639144770607,1.2240104749060687,2.6007956432470483,2.363631189697571,3.1972668958569437,1.919022856851113,2.0959097134609275,2.0344703261278636,4.292506306660244,3.770011777049515,4.706628325902007,3.6736803084721066,3.8924536237478513,4.2378344333722255,0.44117574257425746,0.5958511057852744,0.48330827067669174,0.5926773927392739,0.6508812911446167,0.6586842105263159,0.1168151815181518,0.14831235021084246,0.10973684210526315,0.186006600660066,0.1223323119861663,0.18898496240601503,0.06129950495049505,0.09303431119740314,0.05364661654135339,10.626567979063532,9.946582152716683,10.83045076069079,10.148597037438119,8.82963948214665,11.335338162300282,68657,1059,1,1403,0,1,0,0,0,1,61.98
2020-10-24,1.3843748060263956,1.3747249469083358,1.573493952542126,1.7157614441070417,2.2264065063583702,2.6002157039148215,1.708258595638601,1.3555676421698284,2.181734542679806,3.6167086900519947,2.446488509774966,4.105653750584788,0.9325651251388767,0.948174727303221,1.1892545209513932,1.1118284825556666,1.0088908312003078,1.4075575412292545,2.663126560325295,2.391536528458739,3.0670462115334054,1.9846256684361407,2.0925338421183133,2.29674967127822,4.270929552392837,3.756856493583099,4.419792583897584,3.73204584708239,3.9231849594721413,4.891424024276464,0.40042473454091193,0.5842840043887355,0.32265193370165746,0.5661836352279825,0.6583046846427502,0.6913812154696133,0.1061524047470331,0.15024636765634872,0.1661878453038674,0.189893816364772,0.1244618811716594,0.11193370165745857,0.062073703935040594,0.09152242577384712,0.045082872928176795,10.328732530449718,10.033480732785849,10.07569033796616,9.983635105988444,8.828429946470726,11.818232583736188,74903,916,1,1403,0,1,0,0,0,1,61.98
2020-10-25,1.3476139522832167,1.3583920325262704,1.4536489956314138,1.6491901995831701,2.301658722005326,2.251774685510042,1.7076062875962015,1.4190407781414727,2.0306441516710514,3.6605705634377523,2.507996207468866,3.710887340703806,0.864736083105162,0.9672942378017833,0.9823585721398083,1.1126692021126567,1.0403067453449426,1.234463674691156,2.564921236529631,2.387767173654079,2.9355200015801874,1.8916743120061674,2.0913623738900586,1.9570848105665317,4.192331090965875,3.7325686453003706,4.290514644981643,3.7446194796522407,4.015095083456103,4.783139546013867,0.4216357504215852,0.5608316133744007,0.3574056603773585,0.5703709949409781,0.6572295430730639,0.555377358490566,0.13649803260258572,0.15173816403645254,0.11764150943396227,0.14264755480607083,0.12404185056996793,0.17632075471698114,0.05304103428892636,0.09128790524878544,0.037594339622641505,10.55598628969927,9.850141301241546,9.971698113207546,10.04182146746768,9.047036246149938,11.476415094339623,82340,919,0,1403,0,1,0,0,0,1,61.98
2020-10-26,1.3396736097168251,1.3062952571978166,1.4049585951153465,1.6545908240032934,2.1111093488306256,2.221465216390631,1.6648396811164614,1.322368190190204,1.9859672377754825,3.4598978775038325,2.2884573565997375,3.688649932791894,0.94722435207277,0.9333854590229539,1.0969355989846057,1.0532711213440111,0.9624454463265855,1.2130896796603894,2.8361035857103154,2.464571499063954,2.951399143227632,1.8944578483491015,2.0914108003458347,2.086303043866993,4.322285600933036,3.763155995754307,4.216874867443394,3.5827344857119465,3.7309384634836524,4.583331076309006,0.49636243386243384,0.5300190143378385,0.3262857142857143,0.5348589065255732,0.6423516110797061,0.6787500000000001,0.09059964726631393,0.14081067886325094,0.11810714285714285,0.14490299823633157,0.1406539390513387,0.15078571428571427,0.07097883597883597,0.08087003443136852,0.08271428571428573,11.111198950066138,10.325371614677014,10.057500348772322,9.741137738370812,8.381993068759957,11.556428745814733,76181,836,0,1403,0,1,0,0,0,1,61.98
2020-10-27,1.3928113699191815,1.3342912738169412,1.4317047927514865,1.6918062993383043,2.2292206059257436,2.611339295828654,1.6531523674522257,1.3966218435053823,2.095419253692116,3.630165361677072,2.4147396778451906,3.9843959757519336,0.9552670568730304,0.9464728188213821,1.09860868637665,0.9794134085336493,0.9972589915893588,1.2459624350354481,2.7406861262667075,2.37818812627473,2.722914071430057,1.9268678192831765,2.0791512259414113,2.139495708503122,4.145394992614538,3.764560185010325,4.116799508325086,3.565511821175845,3.934228571651235,4.8762192211094915,0.41043212392988176,0.5613611052742172,0.4513026819923372,0.5769914390542192,0.6715200147089725,0.5976245210727968,0.10801467590705258,0.1513248581634797,0.13256704980842912,0.15620464737056666,0.12927479512502627,0.14367816091954022,0.0767019975540155,0.093949884429502,0.12272030651340997,10.451243534702405,9.959414070708132,10.639080646851054,9.808764937066856,8.841952419100652,12.040613400981801,65610,601,0,1403,0,1,0,0,0,1,61.98
2020-10-28,1.2716365627492712,1.314772601906217,1.3629870169083829,1.5732888905496125,2.2494156576380293,2.4941554559161343,1.6557961398893757,1.3706230710989227,1.9828217339300587,3.56424244772444,2.423646141649711,3.718574877483409,0.9188208404353787,0.9487553736838236,0.9373120990681479,1.0344884744857767,1.0114147574540506,1.3264758171812263,2.670162329285014,2.363212384465199,2.854146471928558,1.8116705426290698,2.037918591378175,1.9034397200794038,4.101245883680612,3.706125352052803,4.311171305951829,3.709957652028279,3.964069882607653,4.751104202342033,0.400831881533101,0.578727908331715,0.37693798449612403,0.5248824041811847,0.6588264711594485,0.7419767441860465,0.09334059233449478,0.14769955331132262,0.19186046511627908,0.1357404181184669,0.12964531947951058,0.1616279069767442,0.06489547038327526,0.08842760730238881,0.10333333333333333,10.863589190439896,9.889626626529424,10.117829078851743,10.090243562173345,8.96516010390367,11.368604083393896,69584,682,0,1403,0,1,1,0,0,1,61.98
2020-10-29,1.360120078845577,1.3385314574599394,1.3666007137606884,1.7442634233389385,2.2599242559346697,2.5819023216401717,1.7406281968881914,1.3840308326542217,2.0842445509493817,3.577072375330936,2.476324698316575,3.996548806619943,1.0088353362270668,0.9421424885823686,1.0974825621290472,1.135596484611331,1.0147428449497342,1.4073458398236387,2.7912340371989424,2.376510883216752,2.7038434561785145,1.9295813475415318,2.062420081286589,2.0545539029571143,4.312273686256862,3.744298159862244,4.19370501946041,3.710272330936604,3.9464148874091465,4.988327864882787,0.4613800515907137,0.5673565761367104,0.4903508771929825,0.5468486672398968,0.66231131115858,0.7499707602339182,0.10227429062768702,0.15379666361509509,0.18961988304093566,0.1583104041272571,0.13001525785779677,0.1760233918128655,0.049462596732588134,0.08988327738785475,0.06239766081871345,10.869475662349528,9.833549486318788,10.069882755391081,10.161565254191746,8.97505817058285,12.837719298245615,74961,896,0,1403,0,1,1,0,0,1,61.98
2020-10-30,1.250929780218649,1.349429091898027,1.5333422017621356,1.44083953462208,2.2611975312722135,2.6397422430989868,1.5580724669633736,1.3873879467513868,1.9568103247848365,2.9818788274099117,2.460318252493671,3.807409646566706,1.0679498875172921,0.9724474974025754,1.017010367454853,0.923791423918763,1.0255162287468262,1.148263146960056,3.0337114706206245,2.364033114558366,2.80695530675345,1.856280176948803,2.068903470668078,2.2109408124204966,4.5776741191833,3.6842510568308677,4.430802336234333,3.3112595534253035,3.9538906577004105,4.679707068366577,0.6173920265780731,0.5942136800452232,0.3591880341880342,0.5048297342192691,0.6654392312040701,0.6838888888888889,0.09641611295681063,0.15836517806670436,0.18444444444444447,0.14323920265780732,0.1280336348219333,0.167008547008547,0.06707225913621262,0.09128858111927643,0.08064102564102564,12.602284377595515,9.998365955342,9.855555346888355,9.666279231987126,8.890689478518937,11.162393162393162,84410,1063,0,1403,0,1,0,0,0,1,61.98
2020-10-31,1.297489273540362,1.3626587851284817,1.296708269351733,1.6156653310384579,2.3314939875686873,2.4570362217588686,1.8133753586678505,1.4687137107542636,2.100541746512987,3.6531687423278054,2.573284467357198,3.945526466298731,0.9161964961075048,1.012169624895254,1.1262679564385094,1.067313632038895,1.0743379327939988,1.214363914305905,2.6507176360074842,2.4170279688229743,2.85137689540312,1.8260480191293003,2.1037068529509515,1.8148869926104094,4.18080330102674,3.752213288469737,4.031771011382113,3.8338703892875987,4.073005914084694,4.743665869927226,0.4255273775216138,0.5757269903149174,0.3367579908675799,0.5666051873198847,0.69085642931108,0.6464383561643835,0.10112391930835735,0.16938752512639338,0.12968036529680366,0.16816138328530258,0.13030090759578486,0.20607305936073061,0.05906628242074928,0.09706371444234635,0.12744292237442922,10.895850594380404,9.808935668818908,9.920091324200913,10.838559302953891,9.342398504598892,12.327398152111872,91130,1110,0,1403,0,1,0,0,0,1,61.98
2020-11-01,1.310760493234612,1.3587032453744172,1.4556180381251784,1.654144268092943,2.289465516971448,2.5273399619061614,1.7874959145774776,1.3933246745097656,2.0518127717863037,3.6298525584960397,2.5016369067069024,3.9022928111960478,0.8663705629653665,0.9583180636375327,1.0407444467578368,1.1460121961177974,1.0338893122820791,1.3004985594192782,2.615182033631322,2.3368523232465765,2.928784574453996,1.850668927462329,2.076557421604179,2.032418827837289,4.151816458467356,3.667504067614491,4.484976105218864,3.7860187926461975,4.0293652388878645,4.626307178690234,0.3824861495844875,0.6012013374731311,0.44868852459016395,0.5917590027700831,0.7366425841891568,0.8474863387978142,0.09400969529085873,0.1797590757105326,0.2220218579234973,0.1948891966759003,0.1307084427991402,0.20453551912568305,0.0789612188365651,0.11419751612132792,0.05366120218579235,10.22216052956198,10.106152600310486,10.387431827399249,10.912188500908934,9.252263329949844,12.44972704277664,97518,908,0,1517,0,1,0,0,0,1,61.98
2020-11-02,1.3307016130624119,1.357183183047392,1.5311203520595822,1.7928456304529465,2.2999133702163457,2.5462675096450527,1.8636953308923532,1.4097705606676854,2.1224232112116543,3.670991270641433,2.492665831795285,3.8881937590661866,0.9139851591938221,0.9839690083372652,1.1867457196230091,1.1536204475396477,1.0380591370815762,1.2022434360723349,2.6757474007613866,2.3800066770804293,2.7677546253866327,1.8921349781526733,2.1018500946466805,2.236290896153673,4.223662532731982,3.721858534967731,4.319665458958818,3.9010691236164643,3.9963526359707218,4.77572101261149,0.38560909583107744,0.5874204337037436,0.4606227106227106,0.6058040064970223,0.69602761894487,0.8109157509157509,0.12635625338386572,0.17031341029237243,0.18278388278388277,0.19478072550081213,0.127329269608372,0.2647252747252747,0.07201949106659448,0.09275191498543532,0.08827838827838828,10.616242132512182,9.984345499784228,10.750183329040752,10.305143264415268,9.145803552163125,11.939193781478938,92783,942,0,1517,0,1,0,0,0,1,61.98
2020-11-03,1.3487594793771174,1.3899821324260737,1.4781924297707396,1.686965439181216,2.2613284385844548,2.5546392786960923,1.655669669515483,1.4232624127957187,2.1800356076405776,3.3743634359723793,2.4199765255227192,3.9287356253932693,0.9877445902857018,1.0110365799869743,1.1048924815788221,1.0729262665694648,1.014449480306771,1.334312584383071,2.874904349650283,2.437654295177382,2.9820554487605206,1.9266099972568325,2.1194444818035594,2.051457723556145,4.35640662964087,3.748064493411483,4.458915972409237,3.6514269340911967,3.9321161529530606,4.834254538472272,0.514930388862218,0.6031725066613185,0.37613970588235296,0.5809841574651945,0.6817528579205226,0.70125,0.12075852136341814,0.16476893103744664,0.17121323529411764,0.15490158425348055,0.13284158954817638,0.1809926470588235,0.05746519443110897,0.09198235108729909,0.06474264705882353,11.367931056469034,10.136492565109016,10.498896879308363,9.99491137331973,8.970200448385526,11.387867647058824,141582,708,0,1517,0,1,0,0,0,1,61.98
2020-11-04,1.4951596147696784,1.4054236434952334,1.5592626492313386,1.9118193972390598,2.5296870257332214,2.573628810911274,1.9171982024387046,1.5817818719412127,2.4291057027041516,4.021642147403385,2.5293273867881196,3.97496021204042,1.0649585114508557,1.1320625321894708,1.2388472533920352,1.140782216787278,1.0729121089022362,1.5425625593545669,2.81378098056295,2.509173499856971,3.082570929196842,2.0010211978678187,2.217177587724879,2.3160276181681705,4.126318843327941,3.69815286012662,4.366953534506381,3.9464569123655275,4.219462363640948,4.9604904966098164,0.4717411581811115,0.552826823210657,0.49044444444444446,0.6648698017877963,0.7097993339354256,0.7566172839506173,0.15291099883404585,0.17922979227816663,0.19590123456790123,0.16561601243684415,0.13321912395574623,0.16140740740740742,0.08893898173338516,0.10242266877398962,0.09251851851851851,10.949475320637388,9.967820402461053,10.690123456790124,10.92242533642635,9.396395736904493,12.810616801697531,87188,738,0,1517,0,1,0,0,0,1,61.98
2020-11-05,1.4528703677018557,1.3870256337375264,1.5456566049001892,1.6889832505150484,2.2962070832480252,2.461099103827293,1.7978045825533047,1.4700080533044917,2.211938326084134,3.7487666326048172,2.4081715271813984,3.822462909001788,0.9887629567430529,1.0199060527593733,0.950245429245075,1.081670955423157,0.9951647585268728,1.4442513700791477,2.8416036769809394,2.4613651175727753,3.197630922020422,1.8986390847157515,2.1806083568598433,2.131877707587676,4.298403310087174,3.71874818529985,4.51957428069324,3.740256317091155,3.9600972542732964,4.787507883899146,0.4134578207381371,0.5828389458715318,0.46844936708860757,0.5779920913884007,0.6593936643369338,0.7350316455696202,0.12774604569420034,0.16348854800157334,0.1519620253164557,0.17576010544815465,0.12307464221960002,0.2433227848101266,0.04288224956063268,0.09205893921515233,0.060506329113924055,10.902504222045255,9.9656042933648,10.481012658227849,10.04846255766696,8.975159601827478,12.1477846556072,98499,1031,0,1517,0,1,0,0,0,1,61.98
2020-11-06,1.4661196131249237,1.409247585416413,1.5207123628549066,1.7073757275230268,2.2853954111105947,2.330084883725515,1.7752777401089808,1.4439345941495372,2.0122805015863388,3.6628737013438415,2.3840396134202155,3.7106595289803455,0.9512279033154767,1.0209277777431354,1.0871822718017397,1.1307053262641473,1.0037936636387914,1.2941553626107063,2.770272408257461,2.4364151824628846,3.059491849198087,1.9707528531641274,2.185410012571683,2.053461375600586,4.271768057937684,3.725705710480204,4.196919988216819,3.715304780321161,3.939014354923753,4.485198113588811,0.4504712328767123,0.5965128704687684,0.5449402390438247,0.6185260273972603,0.6720982406423427,0.7816733067729084,0.11403287671232876,0.16261010745070256,0.16900398406374503,0.16614794520547946,0.1235721454717204,0.1958565737051793,0.09212602739726027,0.09497461329554847,0.09039840637450199,10.548657962328766,10.098707418231196,10.748605188620518,10.213698630136987,8.968951101074508,11.782071907681773,113875,1298,0,1517,0,1,0,0,0,1,61.98
2020-11-07,1.5273825955066227,1.44279758006684,1.7431750903345342,1.6908609573598383,2.256208160623483,2.233236423468346,1.7325282807050433,1.4486620747077288,2.117339006135787,3.6592906845544384,2.4013850514834245,3.8161464505239353,1.019660910066771,1.0355783951947344,1.1724465350127247,1.0510936891302354,1.0244502383783727,1.133997241814227,2.84819931174737,2.4580344544189012,3.230066907689394,1.9718376786040699,2.1756450123698037,2.3516692993741644,4.334989920010136,3.7678828580268857,4.67745986848456,3.6206252775033123,3.95703338681137,4.2230854383023075,0.5897524497163487,0.6767470298281092,0.62801775147929,0.617787519339866,0.6678251390293225,0.719585798816568,0.12506446621970088,0.15703835945399391,0.1637278106508876,0.17079938112429088,0.12924892568250756,0.21911242603550296,0.07616812790097989,0.09710376643073812,0.0848224852071006,11.303249097472925,10.356809672017189,11.85887588410688,9.808148530170191,9.120418351870576,11.480473083857248,122830,1227,0,1517,0,1,0,0,0,1,61.98
2020-11-08,1.5027981634123515,1.4285455609088378,1.4641190925683545,1.6015486983709895,2.1948728754835116,2.149847530470776,1.773433106636181,1.4182687561068203,2.135734889862441,3.578523561810773,2.3628390921247573,3.509850483815511,0.9549636454807063,1.0046517642526631,0.9779473200914456,1.0571994958496818,1.0062501579980225,1.2772718046744072,2.8657486936389214,2.4243933638968573,3.049884814111182,1.972504978278431,2.1240484182175505,1.9968315405775765,4.421227221781542,3.776141028920319,4.412176360612014,3.6095408660183605,3.948528474328926,4.401034907846899,0.5513791554357591,0.6968829493640509,0.4521782178217822,0.570696316262354,0.6658390328773698,0.6340346534653465,0.12694968553459118,0.15105411567074634,0.1022029702970297,0.16603324348607365,0.1347822174226062,0.20821782178217824,0.06457322551662174,0.09541456683465323,0.07324257425742574,11.287735849056604,10.505591740160787,11.173019560256806,9.86325229531671,9.27492800575954,11.389109394337872,133337,1260,0,1517,0,1,1,0,0,1,61.98
2020-11-09,1.4313202837290435,1.389840328451734,1.4748424325604614,1.5339449689270657,2.045973889122403,2.237461119501084,1.6228314383275089,1.3046397137870698,1.8094158536020604,3.449501446424518,2.2577677643074616,3.5889297880436892,0.8839853070450236,0.9650379548254993,1.0603731050420415,1.0204433087192903,0.9171549397980375,1.2015502693566114,2.7954523293202325,2.3945141639922585,2.829775561502704,1.8917912300801378,2.1480989676978606,1.9209461793441434,4.324958818594412,3.944137494359966,4.205926405695807,3.4310515664760803,3.686579614467141,4.509159100116277,0.4555517410495341,0.6539546139807982,0.4571264367816092,0.5755419323197646,0.6183173318522045,0.618927203065134,0.11401667484060814,0.144769234838266,0.13413793103448274,0.17233447768513976,0.11238038562247084,0.14475095785440614,0.05954879843060324,0.0889846332883705,0.08521072796934867,10.678666395904855,10.313115759475258,10.872797121946839,9.491956650012261,8.43003484620064,11.278927390146073,129810,1095,0,1517,0,1,1,0,0,1,63.54
2020-11-10,1.3633485168109625,1.3576768153571315,1.220065585236594,1.6325572044052632,2.1314453183920667,2.270909736927206,1.7053267099119707,1.3200557018577963,1.9190995811610638,3.544464272350068,2.3296593759161714,3.82886262565793,0.9169512365372677,0.9166382906195478,0.9083971243219915,1.0681011336276585,0.9417163605416359,1.2074613511021384,2.6723592728126158,2.3800179780802395,2.7789848973040296,1.942127315593179,2.1268934435033926,2.0547818620865033,4.262391614819857,3.8579520669372958,4.33331136982892,3.6651865513705495,3.7744701896830013,4.547582237484606,0.40509337860780986,0.6046154691578514,0.4450251256281407,0.6299264289756651,0.6590905344140678,0.6487939698492463,0.09790605546123372,0.151415853826075,0.14160804020100504,0.18421052631578946,0.1198551998900948,0.14793969849246233,0.05758347481607244,0.09199780189586482,0.07673366834170854,10.495302330928126,10.006984132435774,10.487938962390075,9.966327108092813,8.524226370380546,11.639196961369347,111648,882,0,1517,0,1,1,0,0,1,63.54
2020-11-11,1.4258760268865778,1.3686147809172684,1.4047315224992332,1.6232457883721112,2.1420346643239525,2.0697558757242644,1.751017850365734,1.303983037583069,1.8492623785053872,3.7316102584537307,2.3368625106413985,3.289794440808141,0.905807567277162,0.9380746557411611,1.0567968836076032,1.0775497315356144,0.9409627223059188,1.187736913516648,2.7248900571392194,2.3732690640827983,2.8990746133893657,1.8480867261938285,2.095190870086635,1.828199935912728,4.240012063831594,3.8327889690950974,4.2680111466405135,3.794923108295132,3.7715808167677793,4.212809672373707,0.39547284929835264,0.6187321619822271,0.5402673796791444,0.6473520439292252,0.6531287810808464,0.6467379679144385,0.11167785234899329,0.1571737053868643,0.15593582887700536,0.17607687614399023,0.12008394361304889,0.1766844919786096,0.07838926174496644,0.08946536602309896,0.03657754010695187,10.489688596323978,10.082100109995078,11.119785574030749,10.284624771201953,8.569024625872,10.188770314588904,124487,930,0,1517,0,1,1,0,0,1,63.54
2020-11-12,1.3461672663868072,1.324340318693827,1.4008002172222258,1.5072131566467306,2.185975920890299,2.298711170163023,1.6898873028053103,1.3322773396765433,1.9373131397766696,3.7337831085689164,2.373779678663381,3.575014472945295,0.8439302861104926,0.9069825301496021,0.8693851416294256,0.9798519314859282,0.9637118482870108,1.153170484059172,2.6898869022276353,2.334009859016636,3.0502630919039615,1.86927481998937,2.070131365851314,1.9545190013157685,4.3060200111140094,3.754764584161498,4.415611591522978,3.501971962377817,3.8338338575254194,4.593287157362363,0.41928082191780824,0.5848589293493581,0.4138248847926267,0.631546803652968,0.6760569407785152,0.6976958525345622,0.10812785388127853,0.14777874586782153,0.1633179723502304,0.20049086757990867,0.1399267098890398,0.20202764976958526,0.05921232876712328,0.0923942290444097,0.06834101382488479,10.553539258704339,9.89360921764088,10.771889400921658,9.781791791523972,8.788383613509982,11.54700438328053,145951,1674,0,1517,0,1,1,0,0,1,63.54
2020-11-13,1.3504679474406862,1.3509097595288166,1.2456986048410899,1.7047020928666987,2.2396284050912074,2.639222968369226,1.6485925959089078,1.3797073125573327,2.0569569595595008,3.4313570416100765,2.426963666864155,4.086798808398466,0.8729185567164583,0.9341832381948194,0.9674149355862189,1.0644946954748713,1.0237834637555867,1.4966476936799855,2.6812691186429203,2.356567384727256,2.681327497541912,1.901662279773011,2.098445045982346,1.8501912330489123,4.3217019209493746,3.778212285906806,4.1726590167360795,3.670359120550572,3.9507817618776677,4.757171905136621,0.4007120418848167,0.5825451696616559,0.3621459227467811,0.5980104712041885,0.6787634040052881,0.7149785407725322,0.12524607329842932,0.15090314841110514,0.14523605150214594,0.15571204188481674,0.12815551094354402,0.11484978540772531,0.0630261780104712,0.09562723400088137,0.12047210300429184,10.132565035994764,9.930835485726876,10.30901287553648,9.986072480366492,9.065563335455124,11.767381135997853,153660,1518,0,1517,0,1,0,0,0,1,63.54
2020-11-14,1.3401719595638282,1.3450332617576943,1.3586492658214582,1.697637837913106,2.24784632351351,2.299222629983849,1.7356792981768052,1.383745587170316,2.002305859411867,3.5154175549730486,2.4944764634248595,3.9899575043170006,0.895324402695006,0.9294998141974524,0.9661467780234961,1.1077447221160974,1.039890494665063,1.3313202163368816,2.6442225440370013,2.378608092574899,3.054956155112565,1.7946839671033865,2.078810184857564,2.06619659530334,4.2139604923897185,3.7598329353664095,4.406894904356796,3.7303424504680187,3.969897514459545,4.904544835289671,0.41025384101536405,0.6031991045114486,0.3787362637362638,0.5727388109552438,0.6890135456812514,0.7685164835164835,0.08804943219772879,0.15910252777148037,0.15467032967032968,0.16488977955911824,0.12925300385400135,0.21175824175824176,0.06090848363393453,0.09718119474042167,0.09016483516483517,10.441616305527722,10.015237120267512,9.866483248197115,9.915564201319306,9.105528968771253,12.135714017427885,162300,1347,0,1517,0,1,0,0,0,1,63.54
2020-11-15,1.412075827650069,1.326288443519042,1.3813260747869318,1.701941938307129,2.256561409091292,2.3698365588031187,1.7958439802691037,1.3886476708271753,1.937674641650175,3.730151154212236,2.506261141997965,3.8385358129541385,0.860312386053302,0.9151714261416717,0.9007995138412359,1.2308175613386207,1.0771810253736671,1.4391114260567208,2.612808212701369,2.311183339803601,2.75162611683385,1.8333963166470604,2.0257937507227517,1.9104164376207664,4.191623558276653,3.7254553764521874,4.163285946788809,3.704226019517041,4.023393825399897,4.4914406838815735,0.41358501440922185,0.5605465704351491,0.43833962264150944,0.5927435158501442,0.694692866926562,0.7732830188679246,0.10379827089337175,0.162562690970393,0.16154716981132072,0.17996541786743517,0.13037166789590138,0.20433962264150943,0.0580864553314121,0.09646796965546307,0.094,10.92726157240634,9.841357931197978,10.226415094339623,10.0492795389049,9.28808871562533,12.689811505011793,176989,1271,0,1517,0,1,0,0,0,1,63.54
2020-11-16,1.3636649886793681,1.3585211189312785,1.5200703282659185,1.6089338241236417,2.1828011420769764,2.204521135871539,1.6723884870354542,1.3666554628834395,1.9155669011807772,3.558120249299041,2.424770676701425,3.7611648842721412,0.8734770096345235,0.9286792432948275,0.907752488330466,1.0983935960322178,1.022989537698555,1.2276330278711238,2.636696956110734,2.3574555128864896,3.010615777531275,1.8267552733072188,2.0699708764153066,2.0727342505447806,4.256113633985712,3.860358177506788,4.279930332267805,3.578955014782284,3.909302522167518,4.491622262054707,0.396929089893914,0.603715337477406,0.4490612244897959,0.6202791736460078,0.6764025922497025,0.6509795918367347,0.13294807370184256,0.155716395538509,0.14714285714285713,0.18677275265214963,0.12319865097209363,0.12706122448979593,0.056778336125069793,0.09240510514482211,0.07910204081632653,10.495365281267448,10.044842227659482,10.730203683035715,9.884701284198771,8.947169962086145,11.211428770727041,164239,1472,0,1517,0,1,0,0,0,1,67.19
2020-11-17,1.4463327047403114,1.3722817900273188,1.2822407664376778,1.7141768273112314,2.2288697436597644,2.2041146213269114,1.8013990784880225,1.3998865322947152,2.0239307254504464,3.7009832992876723,2.4634142066986033,3.7354144740077837,0.9505113616865698,0.9355486612259489,1.006603565589293,1.1000511325023337,1.0538957815688619,1.400494261074592,2.544596855875856,2.4018454097872644,2.677291325340771,1.8983692229977334,2.0928957641843913,1.945171677091275,4.245235817192983,3.8261399460216223,4.4012535597676115,3.8373926744464995,3.973752350346944,4.479994050967538,0.4561708253358925,0.5830595735326446,0.377063829787234,0.659352207293666,0.6844071224444933,0.6646808510638298,0.12212092130518235,0.16022730270389096,0.17480851063829786,0.19678023032629557,0.13130666080457243,0.1695744680851064,0.06339731285988484,0.09705319850516597,0.08170212765957446,10.638243574556142,9.924545916684986,10.056170004986702,10.229990777951055,9.081982990767202,11.77106362200798,137564,1027,0,1517,0,1,0,0,0,1,67.19
2020-11-18,1.27003934835911,1.3782771557449174,1.1575734917575677,1.6743949695932479,2.209759190823186,2.4906828013706916,1.7129079536457423,1.3713332295762175,2.0450213486434397,3.5280865319953065,2.4197491926732804,4.098677463749445,0.8609113101980901,0.9222033891940943,0.9915838019040122,1.1055185936480902,1.0093471811958359,1.250624099208834,2.5779574333946367,2.3758798373588212,2.4765748541273123,1.797357107870914,2.0712572648241903,1.9500578784090432,4.148775418337398,3.874042153427464,3.8842811014907768,3.700674343410698,3.9377370369521865,4.740650701946311,0.42144540099682826,0.5777013369493824,0.3745426829268293,0.649379247847757,0.7023649808250525,0.80875,0.11672859084730404,0.16731487170794754,0.2545731707317073,0.18748980516538288,0.12346505074475073,0.2035670731707317,0.07570004531037608,0.10269190838400746,0.07981707317073171,10.476483737822836,9.993060999639807,10.360976056354803,10.066697404565021,8.945123630739243,12.511891434832316,153374,1018,0,1517,0,1,0,0,0,1,67.19
2020-11-19,1.3500012507026078,1.3308849818117636,1.1864853125933608,1.6517707786725304,2.2065552003582876,2.3679730169301063,1.7053629674254898,1.3738130868622005,2.0229947395912307,3.5399829638717004,2.4484285232980953,3.899873143969559,0.8414931564463813,0.9138074732006986,1.0091956290929516,1.0543325296068837,1.0224378626897586,1.3723913834769654,2.656872138560674,2.373272826645621,2.604234101857064,1.9329297775335457,2.0367613711897232,1.940931437795756,4.315454761075257,3.7980807840590254,3.8623710244722957,3.71934067458474,3.9592545603436964,4.842886716223665,0.40207847295864263,0.5631608967582804,0.37122529644268776,0.6207953340402969,0.6846694415081043,0.7539130434782609,0.1267815482502651,0.15634778012684988,0.16067193675889327,0.19108695652173913,0.12958047040169132,0.20695652173913043,0.07262990455991516,0.09360046687808316,0.08403162055335969,10.48642650616384,9.85371726898344,10.41541540575593,10.101484830660127,9.01533457760747,11.945059674530633,167352,1591,0,1517,0,1,0,0,0,1,67.19
2020-11-20,1.3524081187049029,1.3254336332233885,1.37031915278088,1.777033655389185,2.204056599890365,2.6005135275065,1.7357847716625814,1.3732921880577815,2.142343301811842,3.4508994108614965,2.432560110149896,4.108996705417263,0.909382184159883,0.9213938200036601,1.0152751068423864,1.1464781239037927,1.0379957856598467,1.5252714522298723,2.6200748566200978,2.35916218779651,2.959475042793507,1.8385847397409205,2.017809462244467,1.906476185337558,4.238586358892215,3.770753929037034,4.2337152876536575,3.7188270964623173,3.9565212972433765,5.261853303687204,0.4273351099267155,0.576748140514383,0.4788625592417062,0.5851165889407062,0.671876512232279,0.7110900473933649,0.10918720852764824,0.1528369477551752,0.124218009478673,0.18383744170552965,0.12012142665113364,0.2025118483412322,0.06079280479680213,0.0980549332377453,0.10815165876777251,10.740773078364423,9.97737672506497,10.229384580494669,10.029247428797468,8.968280927950532,12.777725581309241,170904,1833,0,1517,0,1,0,0,0,1,67.19
2020-11-21,1.3573580134820076,1.3682401604786898,1.3596150598636703,1.7354667362757659,2.251543365753303,1.9512610603884546,1.7607740908726555,1.4062954954059748,1.8582343752982624,3.686426612454617,2.4749127313063277,3.613245708766917,0.8302460130365865,0.916932884243,0.9785619479447171,1.1545630140396639,1.0662744147998622,1.030972091622768,2.5587413647856194,2.373181901939747,2.810240496787176,1.8385413027442326,2.060400448708824,1.8615325161240066,4.239780628288817,3.793707676969687,4.440655444886473,3.6775116670868067,4.004674952166186,4.159090950904092,0.3848047858942066,0.5945792725142461,0.43036199095022626,0.5966939546599496,0.6853810512861479,0.6585067873303168,0.11072418136020151,0.1500708313362092,0.1660633484162896,0.1969773299748111,0.12548010864355327,0.16479638009049774,0.05994962216624685,0.09998775097193376,0.10493212669683258,10.715869509603275,10.057186817649251,10.474208365738122,9.998236898811397,9.062581549235768,11.12760158901301,188681,1920,0,1517,0,1,0,0,0,1,67.19
2020-11-22,1.2131527680757241,1.359490014208179,1.3940063919173138,1.5522458399940515,2.2232769908469456,2.1289967582588143,1.5884018451785662,1.3583830705112705,2.041626528149304,3.562895846928795,2.427971436814471,3.7712658192808353,0.7679202091835768,0.9233101807157377,1.0535658627609505,1.0265574901013883,1.0445286430664675,1.2890604255544056,2.4109167395856232,2.3208695758310265,3.19547915968333,1.7119170051411883,2.051483509308406,2.126669884826145,3.9806402482840086,3.75393663984887,4.463866052532486,3.5240502502297737,3.942913249315219,4.638455021469423,0.3695391061452514,0.6132150960101821,0.43438502673796786,0.5564525139664804,0.6838791433788944,0.6989304812834224,0.09058659217877095,0.15864562005423055,0.17663101604278075,0.15564944134078212,0.12779951303192963,0.1788770053475936,0.05138268156424581,0.09898649770350286,0.08727272727272728,10.294552936234288,10.039796151292126,10.059893439797793,9.877862855708798,9.003629779757622,11.769518194351605,193369,1959,0,1517,0,1,0,0,0,1,67.19
2020-11-23,1.441907188531216,1.3453462040563526,1.4519007614002555,1.5531507120223411,2.196011193788069,2.185412519461727,1.5761536923608368,1.3408825035267373,1.9695949445346133,3.3605598716903873,2.437158166102772,3.5167239910188037,0.8948812337676698,0.9117493352847278,1.0065635916194628,1.0153820030875091,0.9911073778237736,1.210483673491947,2.647996551901323,2.3137822642478674,2.7334087695198797,1.874639220494058,2.063166226118694,2.1955878479242044,4.233547136320622,3.801580164142844,4.281374021773144,3.4265711522536275,3.9062872245468823,4.507961863254415,0.46347229840921556,0.5926246583089829,0.5528,0.6055512890839276,0.6599300122537468,0.66825,0.09214481623697202,0.15023729852012443,0.16865000000000002,0.2132035106966539,0.12579767178810444,0.19005,0.07160724081184859,0.08945140918088415,0.0888,10.946571371023039,10.024835192996512,10.599000244140624,9.335875359983543,8.839511264021114,11.91050048828125,173861,1724,0,1517,0,1,0,0,0,1,67.19
2020-11-24,1.384994700818208,1.3859994969111418,1.1414976046570091,1.6646292230112636,2.203508725124968,2.24722994364826,1.7019521045898445,1.3397415394010814,1.7164289857140544,3.569416061050702,2.4174679612350123,3.879410355807114,0.864026798106208,0.9211262582941157,0.8687803755931279,1.189387781255385,1.0002522707743349,1.138972820696562,2.7340493194885105,2.3465999735124656,2.5801688350263046,1.882456282159142,2.08085515914412,2.0639624684001214,4.279798448205855,3.8147398361486724,4.177185757299234,3.7193532682028008,3.883694435487518,4.616922630442959,0.39873534855027765,0.6080005823546539,0.37129729729729727,0.617760641579272,0.6700305736193342,0.6715135135135134,0.10428747686613203,0.1519181306415607,0.21875675675675674,0.2023072177668106,0.125907745316898,0.15427027027027027,0.06615052436767427,0.09579418615937105,0.05248648648648649,10.652129279765576,10.046168288362614,10.005405405405405,9.823010246375693,8.796809788411142,11.132973500844594,149783,1303,0,1517,0,1,0,0,0,1,67.19
2020-11-25,1.3687516144360974,1.3836960161353378,1.501698003103917,1.6660182181972065,2.2317192689803997,2.392324470520359,1.7544636876035489,1.3317381094408476,1.9845043938424245,3.495591867008838,2.4419871715904806,3.8978046478732757,0.7841025914328128,0.9174068131940639,0.9937569472991796,1.1778318824245437,1.0023922905841989,1.2688361043315906,2.669747995900899,2.353671407298353,3.0023186761028398,1.8592923067286364,2.0526870994193347,2.1208263796193347,4.263242807191973,3.8252727475522543,4.552778628385635,3.7651671789595818,3.9287788970968185,4.701847162759651,0.3892201518288475,0.6067859991781286,0.369009009009009,0.6771773636991029,0.6631588870893664,0.672972972972973,0.10300207039337474,0.14389978002852377,0.14653153153153153,0.2098136645962733,0.1253402306074597,0.16328828828828829,0.07984817115251898,0.09658681621504024,0.11211711711711712,10.557557205400276,10.124960719379246,10.386035816089526,10.023257553700828,8.838260533249535,11.62927905933277,160411,1413,0,1517,0,1,0,0,0,1,67.19
2020-11-26,1.4042652916348648,1.408209429595563,1.26902663344784,1.6795503685906403,2.304455967215482,2.1505637569935763,1.7292518058466029,1.4055624736168713,1.7726864508242512,3.534587004078081,2.5354686189297535,3.4455711464425707,0.8528679038839576,0.9134164824619142,0.826238251886736,1.0911966094742773,1.057238396863284,1.0441623304938152,2.6773024128434604,2.3565457783831367,2.6826085608090007,1.8359628940271144,2.058681074682661,1.8469998880519638,4.208038411981353,3.7954341668233367,4.0750005494301265,3.573890732351823,4.065090051959815,4.345025545467685,0.41199356913183277,0.6433468683651805,0.3674683544303798,0.6115755627009646,0.6744641719745224,0.6293037974683545,0.12027331189710612,0.1458054670912951,0.11613924050632912,0.17962218649517683,0.1330244161358811,0.14310126582278482,0.07168810289389069,0.0954933651804671,0.08259493670886077,10.35908375828979,10.231648089171975,10.519620098645174,9.974517527883842,9.165538747346073,11.449367088607595,175183,1889,0,1517,0,1,0,0,0,1,67.19
2020-11-27,1.391147818083459,1.3810237307846671,1.398452314116201,1.7477777316289,2.2366636364639345,2.3039354955741653,1.5590680081133197,1.3638332717393251,2.0733569866630623,3.7168789950105654,2.4550327287496865,3.650879770610363,0.8271192681347221,0.9222458666803149,1.0000994975995563,1.064873142181477,1.0171258240315915,1.264221483310654,2.5613258533609358,2.3675828311151874,2.857210788082299,1.8617631757770126,2.0547700606482504,1.989726984062082,4.309761394930772,3.808838898776043,4.17798685284973,3.5660867339974676,3.9526149648944995,4.657257926117118,0.4595032525133057,0.6237857734153264,0.34550802139037434,0.6025428740390302,0.6747764900662252,0.6859893048128343,0.14935541099940863,0.14631533822138124,0.10561497326203209,0.149183914843288,0.12915296830652792,0.1618181818181818,0.0763926670609107,0.09796860217596973,0.08106951871657754,9.916676291765228,10.138074111577579,9.895187296331885,10.360141927853341,8.98903422865421,11.40481257311163,194100,2289,0,1517,0,1,0,0,0,1,67.19
2020-11-28,1.3877274925102336,1.3943039041101215,1.4825437121462681,1.7065289796472662,2.2529297067208387,2.269045444569999,1.737989685853189,1.37645997979521,2.015338912021546,3.546708270854506,2.4781212909684927,3.8458216945233854,0.8131465824874443,0.9264675798392256,1.146737675498895,1.1490645896033551,1.0286611844091518,1.169498485287369,2.5782971251753874,2.3434190586648125,2.577735158748814,1.853327536432061,2.079650458163677,2.0721527014763192,4.170009495625849,3.8185121570107436,4.38294930176178,3.7088797596033327,3.9598260073704985,4.401870806712443,0.40716952949962665,0.6038297539779299,0.44632258064516134,0.6225317401045557,0.6678273781612429,0.5772258064516129,0.13194174757281552,0.15113945418737693,0.17683870967741935,0.16995519044062732,0.12291568976835787,0.14019354838709677,0.07780433159073936,0.09454374941386103,0.06148387096774193,10.597161769510828,10.136584060145674,10.073548544606854,10.008961911874533,8.893648011816563,11.512903225806452,145029,1674,0,1517,0,1,0,0,0,1,67.19
2020-11-29,1.3552424822679776,1.3647092286895157,1.3061302689579948,1.6422507784869738,2.2058660557906005,2.306016856299262,1.6310182579596277,1.3685894265977017,1.82487950493514,3.556132480956732,2.431786344721057,3.6855453398934177,0.7938255016199062,0.9224950868376638,0.8873806100846972,1.0711974788608514,1.0201916515506235,1.215645362685499,2.6505881729890586,2.3361182905128564,2.3350519533593554,1.7963300950843544,2.0873945316913867,1.818836679105238,4.372690504185249,3.8080118223030124,3.7487764255500977,3.6919150812144093,3.8999736888396734,4.388270854908677,0.39764915405164736,0.6000540090206555,0.523448275862069,0.5962243989314338,0.6640630296762331,0.622551724137931,0.13148708815672305,0.15279324312677756,0.17862068965517242,0.17353517364203028,0.12494556005630726,0.14055172413793102,0.06687444345503116,0.09510959809244736,0.11379310344827587,10.371059835540962,10.059516755724095,10.505517578125,9.970169189670525,8.87779651095981,12.435172245420258,164034,1658,0,1517,0,1,0,0,0,1,67.19
2020-11-30,1.3501692696327332,1.3758709608501891,1.409135735689064,1.6494968896695699,2.185539440590147,2.405516215507865,1.6578350611143764,1.3330330469781435,2.192864584326791,3.483155536884975,2.3899380224420117,3.791952589302384,0.8315522950679073,0.9147964707766366,1.0624649567721014,1.0875588535438352,0.990679616910103,1.3960408298243936,2.5862349050505653,2.362207281833472,2.93995352399684,1.8926364431653608,2.0836761981119105,1.90858702046143,4.214079148380161,3.8471023855212247,4.383548390763697,3.516433191451248,3.8504345949424206,4.756303056413669,0.41303856382978726,0.5949756706493771,0.3846540880503145,0.6236502659574469,0.6617208875754719,0.7016981132075472,0.10392952127659574,0.14798155554989428,0.20119496855345914,0.1877061170212766,0.12095992662981174,0.15735849056603773,0.07714760638297873,0.0941882149135098,0.06666666666666667,10.266489231840094,10.070521679871602,10.272327351120284,9.524401725606715,8.736812313708507,11.06729529038915,144575,1506,0,1517,0,1,0,0,0,1,67.19
2020-12-01,1.3300463829826001,1.353155678853633,1.283785103454845,1.5407837191785347,2.196497676620063,2.183664903767014,1.6546568732109257,1.3400998879511108,1.714003549132534,3.4158028332946224,2.4199005322377487,3.428787047592001,0.8795798154623649,0.9188130352723141,0.9508442198036137,1.0569007547537845,1.0178059536070128,1.199668083583785,2.481311840056999,2.3415485583373723,2.706514465715368,1.8271654484885778,2.052402910773639,1.8557994739076649,4.194691523589492,3.7794398298365004,4.1609865155013015,3.6472973011091465,3.921515005095259,4.306440128345835,0.41327023498694515,0.5726098135847439,0.3863953488372093,0.564523498694517,0.6738987691355379,0.5925,0.10071148825065274,0.1412032473870914,0.1158139534883721,0.1885574412532637,0.12426493345713402,0.16,0.048107049608355094,0.09295716972597196,0.11075581395348838,10.357114627529374,9.981513225245816,9.668023397756178,9.828981723237598,8.841285146299073,11.364534599836482,141072,1281,0,1118,0,1,0,0,0,1,67.19
2020-12-02,1.5074584913842424,1.3562555259644906,1.3211652416776494,1.6531641957100787,2.1497656460405183,2.261560338204046,1.6987573407827543,1.3337936258967709,1.7848138011606143,3.6369605605194884,2.380289592542853,3.8076575854802917,0.8964613356239246,0.9043529448367992,0.8507369654070114,1.0716765462261972,0.9902607740405727,1.1851783145374173,2.7532150515777953,2.3348441753132594,2.6976222319501804,1.9325293026271702,2.072565796996886,1.859980144839174,4.352868342628443,3.8322479141749035,4.267067429527986,3.6602339828193444,3.8405943883482756,4.363212255444181,0.4883435166327223,0.595136609348629,0.5758192090395481,0.6009368635437882,0.6628877528557102,0.6263841807909605,0.10917175831636117,0.1446293080253406,0.18932203389830507,0.19306856754921928,0.12211530464985446,0.15457627118644068,0.05736591989137814,0.09164077978621922,0.046723163841807906,10.668296259758995,10.081794388865788,11.313559322033898,10.03021045485404,8.64560147249468,11.203955353990112,151905,1546,0,1118,0,1,0,0,0,1,65.1
2020-12-03,1.3563757098432687,1.3353104202170507,1.1650531701699054,1.6191175664331556,2.2362416676719845,2.5931089484079766,1.5427034756484252,1.3662633461853222,1.8259503350082371,3.6070787072000923,2.4521154736169932,4.245889928283639,0.9032777578047644,0.9211515793717436,1.0351461453408868,1.0408432340220437,1.0156509738090285,1.3899365065409803,2.607786977773189,2.3305967879603093,2.246068244761797,1.8279700067298486,2.0717152134196604,1.9029080875942925,4.242366641871385,3.811047305995134,3.6440720284728485,3.6624088948878155,3.9097051824704527,4.883809504899897,0.40976160602258466,0.5617779861841805,0.38897435897435895,0.6442283563362611,0.6827320554462692,0.7158461538461539,0.1208030112923463,0.15866325083489638,0.13184615384615386,0.17909661229611043,0.12371746191500069,0.18564102564102566,0.09879548306148055,0.09416098632142367,0.10902564102564101,10.276223214985885,9.821702445217072,9.801538711939102,9.722961349200126,8.88619318701679,11.969744090544872,192718,2379,0,1118,0,1,0,0,0,1,65.1
2020-12-04,1.3591155398191817,1.3507117378894926,1.4418754064890251,1.596749953681361,2.2504730496271628,2.553222485943839,1.6425978578598066,1.3716559625251865,1.991732410435893,3.47380321079419,2.4615890570167624,3.915427714108467,0.8717004385300936,0.928205329768258,0.9475015196618379,0.9987344813932958,1.0155419889660635,1.2897051521667229,2.5953476313536,2.355097871032743,2.921123463841848,1.7852422893329398,2.086060662352467,1.9075653034594127,4.263484426585628,3.8591579904160915,4.27789411065445,3.6132377357549665,3.9468267175950875,4.742044426742101,0.3857947434292866,0.5901837112559214,0.39692660550458714,0.6084292866082603,0.6634316012215355,0.6641743119266055,0.10771589486858572,0.1442999014114988,0.15068807339449541,0.16558197747183978,0.12433019934114027,0.18935779816513762,0.06511264080100125,0.09727583138961694,0.09697247706422019,10.440488354583854,9.93590244547575,10.336237636181192,9.809512256531603,8.830576562387284,11.745872007597477,210074,2756,0,1118,0,1,0,0,0,1,65.1
2020-12-05,1.4164348036629764,1.3698373613801451,1.3577721482717129,1.5917810690596974,2.2367409708552257,2.2605455981628246,1.6599048643477468,1.3951285236181,2.058113518950016,3.347725775120811,2.4481351705379524,3.4595773373320813,0.9044376604056398,0.9089092475104397,0.7927355354686483,1.1054832378168369,1.04098534371899,1.4224496287098756,2.56925527076108,2.357519141921348,2.559439253988994,1.8999117190911377,2.059621423169842,1.7596069365442337,4.192071178025824,3.8386257829340793,3.9488454437362797,3.6060120245208283,3.987205113692964,4.669774812326541,0.4814406779661017,0.5858195201891303,0.39118055555555553,0.6010323574730354,0.6847067673212799,0.763125,0.10932973805855162,0.15488622625795878,0.18118055555555557,0.16906009244992296,0.12919136018053354,0.15173611111111113,0.051371340523882904,0.09447465276844962,0.07923611111111112,10.696301852609784,10.02310147623781,10.353472391764322,9.804468563414868,8.938779450877146,11.02013905843099,216782,2740,0,1118,0,1,0,0,0,1,65.1
2020-12-06,1.3869795087238155,1.3928027908958214,1.2880210808350576,1.6763992697283068,2.206138253888495,2.1307664375562845,1.6595704270961649,1.3677582383049767,1.914610942358034,3.5663874765048518,2.4148432270709357,3.7392499372375014,0.8492592970218965,0.9210654515310802,0.8085339009749971,1.1333201569134184,1.0352505722732657,1.346859421293796,2.5462824726743536,2.359270999742059,2.602446422889938,1.7929645560346812,2.080571869182683,1.7634902431457156,4.244659984626822,3.8257473317270696,3.934483814097703,3.673257703052085,3.9346089645679125,4.6222654001287085,0.4511435523114355,0.6112215389729101,0.36423841059602646,0.6682887266828873,0.6787050578915295,0.6845695364238411,0.14833738848337386,0.1506946983546618,0.12589403973509936,0.169764801297648,0.1254514985319373,0.1986754966887417,0.06562854825628549,0.09735637914796963,0.066158940397351,10.47129001292579,10.163423252174395,10.017218381363824,9.638848495792782,8.956822856074456,12.033774672754554,223806,2593,0,1118,0,1,0,0,0,1,65.1
2020-12-07,1.3859953226970876,1.3695886605823537,1.171558028142612,1.7287484029446663,2.198843392416968,2.230882647876509,1.7585851365218312,1.3731572297934875,1.7061035108053064,3.625762138195413,2.423047968400421,3.8313847120778393,0.8174777448331417,0.9347397917399711,0.9243734925107555,1.178506296033993,1.032136299503597,1.2471613164505555,2.6514962327498446,2.3638778378629506,2.562470715474499,1.9553173165544895,2.0815616539409088,1.846880016393625,4.227998729815359,3.8232677435728237,4.034218631250454,3.8148909197841756,3.883395827556275,4.44986887727268,0.41573715810540357,0.5913046708366285,0.38702830188679244,0.6045697131420947,0.6663570350133007,0.5421698113207547,0.11241494329553035,0.1521067893689937,0.08278301886792454,0.17206804536357573,0.12328875787859181,0.11943396226415094,0.07378252168112075,0.09279579169362763,0.055613207547169814,10.263041897723483,10.038454567785847,9.633018637603184,10.447231748248832,8.871409698756201,11.104245743661556,205575,2376,0,1118,0,1,0,0,0,1,65.1
2020-12-08,1.4566700685364071,1.3480054425429513,1.2161147405483066,1.6559994654574766,2.196384485767841,2.2885368121380867,1.671471248767452,1.3945701475463912,1.791694079470766,3.5008475254472797,2.4421855515444446,3.7637538055787783,0.910913461100201,0.9248789842002808,0.8536354588631931,1.1297162017700586,1.0286043366747506,1.0599641323823403,2.642893067926997,2.371984762238232,2.690513264244053,1.8882943291235164,2.065846245898798,1.9721373614871172,4.259188947403622,3.8981721841168757,4.01933331704587,3.6918690701207115,3.914293481207656,4.483632377977279,0.4785075608152531,0.5663896597688088,0.45198924731182794,0.5891255752794214,0.6715385792015384,0.7562365591397849,0.13458908612754766,0.14635950440312043,0.1846236559139785,0.13515450361604206,0.1268725826541092,0.1872043010752688,0.06582511505588429,0.09750650088499442,0.07220430107526882,10.562590529462526,9.93106193868409,9.49301049017137,10.052991196170282,8.939936466140768,11.348387359290994,176909,1588,0,1118,0,1,0,0,0,1,65.1
2020-12-09,1.3046461711290813,1.3917924444957746,1.4258293252593575,1.6901198666937503,2.238491532853481,2.6670322321474416,1.66064642453225,1.366908647070585,1.9749955102682348,3.438806260454168,2.446019759732679,3.792973660159616,0.8187938281601957,0.9271126914167486,0.9796334176169138,1.0928446513034737,1.021553887307418,1.4059527216321421,2.4850044914491645,2.351315361738688,2.817832426199907,1.8009722985764949,2.1063763642480904,2.015196601591165,4.087094910332917,3.8710174428373247,4.395751737861471,3.7187363662869966,3.9165576947084553,4.865257949930133,0.3758309248554913,0.6050124137931034,0.49822085889570555,0.5942413294797688,0.6518457294429708,0.792085889570552,0.11126445086705203,0.1496339522546419,0.12907975460122698,0.17413294797687862,0.1178896551724138,0.21067484662576688,0.07411849710982658,0.09699416445623343,0.09122699386503068,10.534392781340317,10.060065649867374,9.947852760736197,10.035259974485188,8.762020557029178,11.941104444258052,183091,1973,0,1118,0,1,0,0,0,1,65.1
2020-12-10,1.4112854568384754,1.3710372563144055,1.0686404818353201,1.622500330989939,2.2584678046247095,2.3419176763305187,1.592173816331263,1.3880041488254682,1.7575095804694296,3.504941627970285,2.4615970320666243,3.656584150532945,0.877388801858093,0.9283226333672732,0.8222072785796354,1.0930751418792686,1.0217456029179997,1.132342915823862,2.504106681920576,2.3298309700763835,2.365024822636971,1.8982150908959254,2.0878631882734107,1.5869431193682588,4.149196319873815,3.8304397313160474,3.9135038560919924,3.528521289177209,3.9248011358932615,4.556106525860757,0.4487382445141066,0.6068764449011046,0.25542483660130716,0.5935501567398119,0.6736737734395067,0.6697385620915033,0.1034090909090909,0.14611867454405342,0.08294117647058823,0.1900626959247649,0.12539429745697406,0.2104575163398693,0.061935736677115986,0.09739275622912921,0.06660130718954249,10.89169263690243,10.06591558566658,10.09411780662786,9.788871167221787,8.857978262265606,11.824182846966911,226982,2561,0,1118,0,1,0,0,0,1,65.1
2020-12-11,1.3246209301491962,1.3679464519533862,1.325020140445758,1.6042596466159644,2.253008507314518,2.408844992160139,1.6137183185186978,1.3838943382175348,2.0141017173001847,3.3460206229931497,2.4574799184714027,3.5189091859067347,0.8963440614834889,0.9274505907480902,1.0929849835152656,1.0427428423702243,1.018813610902876,1.3742216602264004,2.5361483961757445,2.3446908626948333,2.7201022177848553,1.7589781494291366,2.0781914492326297,1.8755640877803785,4.1760710748421594,3.844431161402908,4.005296615525398,3.66636343944159,3.927544109723373,4.672749002428992,0.4401318681318681,0.5914016405593714,0.4114375,0.6006007326007325,0.6553493600830163,0.8941250000000001,0.09155311355311355,0.14460295498344616,0.14631249999999998,0.18744322344322342,0.12658249740574196,0.3045,0.08010256410256411,0.09380095864011465,0.0895,10.536703010531136,10.040282805010625,10.61875,10.155604681776557,8.884489116469833,12.1625,221251,3323,0,1118,0,1,0,0,0,1,65.1
2020-12-12,1.3807428733534208,1.374594460233878,1.7084423402701316,1.6448429636800668,2.2618343337942513,2.2977805168878644,1.620831966399002,1.3791040219668769,1.849054044531605,3.4454099294355203,2.462712268996796,3.8178353502891773,0.8108671284921578,0.9257011438811977,1.1612420763973308,1.0443138640122551,1.035266768535192,1.2006671045043604,2.6835045725573585,2.3375620096826992,3.070441892640505,1.9005574845451438,2.0773550084964354,2.198815522594227,4.237481217407966,3.8306837018264033,4.4452554615548525,3.633970120514276,3.9496755435299984,4.797229191915558,0.4037481804949054,0.603964677404895,0.4908176100628931,0.6320960698689956,0.6738304993574993,0.6213836477987421,0.11012372634643378,0.1497543555568837,0.18132075471698111,0.17256914119359534,0.12017452111287094,0.17433962264150943,0.07815866084425037,0.09308579625257747,0.05911949685534591,10.597597968977437,10.092233399575651,9.789936953370676,9.785225902929403,8.92330895317216,12.07798757493121,208835,2705,0,1118,0,1,0,0,0,1,65.1
2020-12-13,1.346688479041655,1.3868818180801885,1.2256453804006806,1.590470379436339,2.2379928885576237,2.236767371586475,1.5356201070508977,1.3750932539830119,1.8532082555291152,3.500151634230797,2.4667196544460155,3.8236566631722066,0.8712201367939039,0.9212424910274777,0.9563423233295157,1.0778287845226162,1.040569262586187,1.1035714516897217,2.5049127818505807,2.330877138498151,2.849345250664285,1.8485187526947768,2.078290875460405,1.90784476989692,4.1659402961340275,3.839728696874071,4.399859699527477,3.553934892224163,3.948525261611063,4.497774623254033,0.4341536458333333,0.6081717996943693,0.30491329479768786,0.6209830729166667,0.6631156694486893,0.5758959537572254,0.10581380208333334,0.14528270835782298,0.10491329479768785,0.17411458333333332,0.12924767838250853,0.10855491329479769,0.0610546875,0.09648936170212766,0.09312138728323699,10.741015116373697,10.160150280651228,10.135838150289016,9.698437372843424,8.95511049723757,11.481503172416907,245839,3188,0,1118,0,1,0,0,0,1,65.1
2020-12-14,1.3390553709650836,1.3567813351197813,1.2748761677995346,1.6869059586660444,2.220554633673178,2.67999101248604,1.6218033580454396,1.3584309038179703,2.1460989954427867,3.6811210881375893,2.4481772790514977,4.2675165443869245,0.8450201597707931,0.918082568316244,0.9814796174845435,1.0628595524943258,1.02051379634169,1.402739747363546,2.6381920033744,2.326407040775156,2.404229086669081,1.7803001161199359,2.0842382418311223,2.032280427645185,4.1208828009339165,3.8919529571216027,3.971908481838733,3.6873234449409606,3.8934721291615317,4.925838227308856,0.42488322717622073,0.5955949885069084,0.534228187919463,0.6114295824486907,0.6691275354265073,0.7065771812080537,0.13041047416843596,0.15402990729748164,0.1871812080536913,0.1700353857041755,0.12704943292328677,0.1324832214765101,0.06285208775654635,0.09624820025764734,0.029865771812080538,10.336305179582448,9.992510545858698,9.788590604026846,9.992286331165959,8.81822207557655,12.226174168938758,217153,2440,0,1118,0,1,0,0,0,1,66.35
2020-12-15,1.335580665613238,1.3930825174501265,1.2447703037740065,1.5777553022603295,2.1976353599306524,2.310374261826105,1.6194219661815932,1.3439745994942236,2.0426349650937388,3.480674928582466,2.413903095346324,3.76812633276585,0.8418686743863228,0.9119568458059734,0.9031955168464111,1.0262390179347731,0.9927044235870471,1.1267314079670088,2.5976830364635353,2.363748962144457,2.6433761664819757,1.9234055739671423,2.0893184246468635,1.960410877265168,4.150299421102582,3.94252419046822,4.047574111947585,3.5491008503856873,3.879620927236278,4.865682593580908,0.4227689243027888,0.6141485696387554,0.3661870503597122,0.5231872509960159,0.6650240133639591,0.7603597122302158,0.11114209827357237,0.15003393192733347,0.2946043165467626,0.1405577689243028,0.12421669450824806,0.19,0.03879814077025232,0.09773961160993944,0.05805755395683453,10.629615003527556,10.065932344957194,9.579855939467176,9.43824701195219,8.761876174566716,12.340288121065647,181275,2037,0,1118,0,1,0,0,0,1,68.44
2020-12-16,1.421377938885398,1.4209207944912245,1.5127105418735407,1.6489716895330824,2.173291866880043,2.3956244976715455,1.6603152399774659,1.3540250458477472,2.0348402767887324,3.4920713483482606,2.3782604879050178,3.968860609846772,0.8542204057389615,0.9405989727745494,1.0006154308562816,1.0673926819821653,0.9841556934778225,1.3123295113163354,2.7069130973364763,2.3933485759895916,3.199984193250569,1.8529602021573344,2.1174297804765176,2.072407241009388,4.345728087584789,3.955688340467985,4.50240956670751,3.6568417471036105,3.8294089057337106,4.825459497388923,0.43902275769745647,0.6059511786585215,0.36923976608187137,0.5562449799196787,0.6522945045200383,0.606842105263158,0.09811914323962517,0.14097470256422887,0.16777777777777778,0.16783132530120481,0.12917604749119393,0.16140350877192983,0.06760374832663989,0.0942113949306599,0.05187134502923976,10.408233193189425,10.068453333990197,10.088303950794955,9.609639077141901,8.734940389683967,11.529239766081872,198204,1955,0,1118,0,1,0,0,0,1,68.44
2020-12-17,1.4047935381507024,1.3638326604649145,1.4836910396940552,1.6169755164938917,2.2288137870251354,2.21460745712973,1.570428626886538,1.3602168832157755,1.8521825131175356,3.5396215352331915,2.4492466545649316,3.481506749438216,0.8358022051579449,0.9308237367354455,0.954758324211074,1.0928288654942304,1.0025887248691472,1.1203290424552315,2.5356257231884918,2.352830037693667,2.8723923120972183,1.9088484208344416,2.0633607673081875,2.069502406643838,4.208037359583168,3.8903923749083256,4.3427406883283926,3.6397068988957617,3.9309397031374362,4.197003917272219,0.45859649122807017,0.5841075326187127,0.40034285714285717,0.5905912930474334,0.6561742736576611,0.5440571428571429,0.11417153996101365,0.144837027695591,0.13965714285714284,0.17522417153996103,0.1205170490372023,0.08451428571428571,0.06164392462638077,0.09475723917155744,0.05708571428571429,10.842884482618583,9.975988413687734,9.791428571428572,9.867381670321638,8.889670842023573,10.954857003348215,198650,2758,0,1118,0,1,0,0,0,1,68.44
2020-12-18,1.370112820571511,1.370487401875946,1.4347601329083148,1.696522587798067,2.2538335903811593,2.9436142367525586,1.5578091583383118,1.3788819415845384,2.0861606028485227,3.5920089232490837,2.4553254762510712,4.596779839477044,0.8591411346352001,0.9381682052239337,0.9917561253907576,1.0529104644069087,1.010240079052174,1.475723743712647,2.5009410486074835,2.341058587621511,2.8416352027019345,1.8664922148765448,2.088641126365876,2.089305264994943,4.276475327801294,3.9078918035697616,4.603066254724154,3.575781738191556,3.9313569909479655,5.439368863985712,0.4702579484103179,0.5894357319726871,0.36696774193548387,0.6433653269346131,0.6652827593106725,0.8331612903225808,0.13328134373125375,0.14625947324979363,0.17070967741935483,0.1918236352729454,0.12566193942122508,0.20393548387096774,0.0710257948410318,0.09217828468522549,0.05,10.313437312537493,9.969402653760536,10.14516129032258,9.835332933413317,8.944211000225106,12.029032258064516,240266,3389,0,1118,0,1,0,0,0,1,68.44
2020-12-19,1.3592044077830252,1.3695658336222925,1.2491393135395215,1.6132896220892465,2.2683207795579183,2.3182856585412055,1.6510894847172906,1.3755651266982227,1.8028527559114547,3.570838190220571,2.509661225327916,3.289001826836873,0.7654936720209561,0.9360775294159924,0.908321114407331,1.0970046788359724,1.0406162576269031,1.2652441086297932,2.572798297339081,2.344911858176118,2.7367164748049664,1.7946163978805918,2.0671723360689103,1.9045556757066773,4.233070298145068,3.877323922803371,4.368170940426176,3.7368552923362337,3.9480989997454183,4.414889658059772,0.4698064516129032,0.5922064906582272,0.5045864661654136,0.5235241935483871,0.6537392076844063,0.586015037593985,0.08367741935483872,0.140407262430249,0.14917293233082707,0.16229032258064516,0.12472252297271037,0.16819548872180448,0.06796774193548387,0.09373893006857112,0.05105263157894737,10.721532415574597,9.987995717775743,9.946616724917764,10.14499984248992,8.935657324893812,11.950376123414003,246505,3338,0,1118,0,1,0,0,0,1,68.44
2020-12-20,1.3876808091791903,1.3562822348588996,1.4460931313526737,1.6908107443860323,2.2579142151291767,2.4839883485925633,1.7391228704356212,1.3764404456545376,1.899973669313959,3.5787243713467713,2.5036776521705417,3.6582590593778717,0.8063226303969941,0.9380295925611536,0.9479652142939864,1.0934097902900863,1.052442998074732,1.4789616847060434,2.5276414008338732,2.343204253721587,2.6201930253166092,1.8054467962406986,2.0555303229073143,1.6735030785502152,4.115906226165555,3.835694749614691,3.869449582440302,3.7051967681851274,3.9843187412498806,4.7798960935943375,0.4041944194419442,0.585802762359623,0.4079047619047619,0.6680378037803781,0.6638117981153995,0.8205714285714285,0.09794779477947795,0.1494568219956112,0.22914285714285718,0.2263906390639064,0.12291622563572996,0.21590476190476193,0.07872187218721871,0.09159287466115916,0.08657142857142858,10.353825030940595,9.923152510649283,9.572381301153273,10.415031151552656,9.028436814250679,11.62095191592262,235875,2949,0,1118,0,1,0,0,0,1,68.44
2020-12-21,1.4470259451283567,1.371351220593958,1.347888778124082,1.6667161307172247,2.2962141003068406,2.4680976268853505,1.7297096421824605,1.37570033107318,2.1409413943781077,3.434906059559466,2.50782033680203,4.097990487784639,0.8869336104176746,0.9275930452015362,0.8567973191960089,1.140324768244782,1.048525234057021,1.4870383934204603,2.6191037821184975,2.341216727650892,2.6182986589504336,1.833126132538052,2.066359299342844,1.776825139147991,4.259828801897266,3.862146806606194,4.210062883369026,3.724743998901532,4.043433698553208,4.817085661171234,0.43952691680261013,0.5749336916773141,0.36451428571428574,0.6584991843393148,0.6801143322906111,0.7893142857142856,0.0999021207177814,0.15291117768868132,0.10314285714285715,0.21043230016313214,0.1307139710093845,0.27622857142857143,0.07252854812398041,0.08922677005771687,0.05057142857142857,10.70758564437194,9.906873705776094,10.808571428571428,9.819494449683932,9.101518097105345,12.290856584821428,202289,2727,0,1118,0,1,0,0,0,1,68.44
2020-12-22,1.450527463243061,1.4079163557677754,1.334610100237034,1.5542122045587274,2.217795247854756,2.3015674226533998,1.6067078832276669,1.3600237707944893,1.9196284729000226,3.325837610777661,2.4320773782658933,3.6581342274039144,0.842969929266706,0.930487915008438,1.0117703036445804,1.0262989826535749,1.015553597940573,1.2022471817962594,2.568379759100788,2.3696678393185717,2.6937400363457664,1.8165042811098258,2.071872707447507,2.104396136436674,4.12362087608734,3.9391798786016956,4.412214933428035,3.509061616162284,3.945549490465855,4.749041401643746,0.4556884343036978,0.5863705751959597,0.4918120805369128,0.5769158143194335,0.6564816380630271,0.7376510067114094,0.11830841856805666,0.14397655339473023,0.1995302013422819,0.15494099134539732,0.1288274412120935,0.23409395973154365,0.0691266719118804,0.08696610982883521,0.10523489932885906,10.450668611083792,10.068568751571105,10.651006711409396,9.484342729642014,8.728702952535478,11.959060566537332,186429,2090,0,1118,0,1,0,0,0,1,68.44
2020-12-23,1.398298024490823,1.4099433698838792,1.5443820615809367,1.6898707871131045,2.135821725563059,2.1559144448912098,1.554791656191029,1.3612481436301473,1.9807018074284475,3.4563170819587574,2.33936609458331,3.681928141907757,0.8055246038065506,0.9598265325643174,1.0218084269126722,1.0173354042832612,0.9960100097767018,1.1842171523905212,2.541175297299664,2.3657477333031904,2.826121493704296,1.7953415061434526,2.06143902301733,2.0727757642723095,4.320661470078639,4.017811474548274,4.526196149164228,3.5890524427139847,3.8469981454135254,4.424273177547082,0.43189446366782,0.5889588778939507,0.3758064516129032,0.5643771626297578,0.6401295276325616,0.6867741935483871,0.10474913494809689,0.13551951082897684,0.24112903225806454,0.1739878892733564,0.12583714525765496,0.12225806451612903,0.06019031141868513,0.08453183345780434,0.02129032258064516,10.898270234104672,10.290809956123972,10.405645555065524,9.869723521301903,8.570297184232636,10.833871164629537,183553,2129,0,1118,0,1,0,0,0,1,68.44
2020-12-24,1.4006461378208959,1.45279347223854,1.38300431163584,1.5828016471547712,2.189817505191746,2.218391317111949,1.5576411451010457,1.3667282194287238,1.7016699918268174,3.446218247090264,2.3876974313966732,3.7080554600157427,0.783694072134488,0.9504995105680962,0.9755260396270342,1.0587017774194654,1.027946655615009,1.1932207002308401,2.5683631093229327,2.335844420589871,2.6724391786096824,1.7907084745177428,2.09107113521067,1.760356539608578,4.1285775219824075,3.922842590382676,4.3451966182046435,3.4965266021106114,3.8915594822920454,4.488401149720871,0.36775224775224774,0.6498672053712011,0.3765178571428572,0.5805994005994005,0.6864320727251122,0.70875,0.11817182817182817,0.14419238881791985,0.16348214285714285,0.15777222777222777,0.13399631621163957,0.15205357142857143,0.06772227772227774,0.10230741808027094,0.15580357142857143,10.780419775536963,10.426110706752622,10.836606706891741,9.925274920392107,8.771610691898637,11.540178571428571,197759,2891,0,1118,0,1,0,0,0,1,68.44
2020-12-25,1.3361701831747697,1.51038848261933,1.249307946464235,1.531118835259053,2.2517089928868934,2.2798761329753865,1.6122936860421417,1.37562977715746,1.6595019134191988,3.5562456522631507,2.3896608320326465,3.699155022695235,0.8195481248983641,0.9538420960878908,0.9895747473401513,1.1429921209339922,1.061169270525894,1.043143400897599,2.4562026252412426,2.344616991283574,2.441785148968958,1.8212473349733742,2.0852916660108014,2.0994094424399106,4.033442251374848,3.894947946814743,3.9539405196550024,3.561354268701636,3.8918014126574643,4.300221196675628,0.42097345132743363,0.730238578680203,0.451875,0.6677765486725663,0.7263770848440899,0.6763541666666666,0.09793141592920354,0.14634300217548948,0.08552083333333334,0.22998893805309734,0.13397824510514866,0.1571875,0.10529867256637168,0.12273676577229876,0.15562499999999999,10.605531405558628,10.56790813089195,10.529166539510092,9.639933628318584,9.04941250453227,11.36562474568685,226200,3238,0,1118,0,1,0,0,0,1,68.44
2020-12-26,1.3523525099983666,1.4073800448737903,1.2191638089081098,1.595453527799668,2.2470534180256876,2.3607704770930376,1.6161846496734313,1.3629065127554412,1.965617680453408,3.4357316634803676,2.4217957201853895,3.8553926345154603,0.7611623130184703,0.9375509652734877,0.9525115205163504,1.1263901462239312,1.0564013926085654,1.4041388080922967,2.448465963241525,2.3080479425212004,2.4497956233884426,1.7710236344256258,2.0740712281625027,1.9654051211866408,4.1721309178899935,3.8486256296347916,4.086045644651798,3.6571735670572383,3.9151344622058377,4.585787723966156,0.3628373015873016,0.642375338165058,0.39282352941176474,0.5290972222222221,0.6954684212284158,0.7,0.126875,0.15499883103436757,0.1004705882352941,0.12699404761904762,0.12488160048094586,0.27341176470588235,0.06256944444444444,0.10910490631575431,0.04211764705882353,10.12876964750744,10.31210756153769,9.564705882352941,9.877877371651786,8.934891745432685,12.156471162683824,202550,3021,0,1118,0,1,0,0,0,1,68.44
2020-12-27,1.338393382260435,1.3804975784772402,1.5158011924780246,1.644883279322841,2.228833880980799,2.4797957443619847,1.6210637053410109,1.3568108182486727,2.05031250307081,3.5247777046703317,2.4343934537863716,4.031827467427139,0.795147784343491,0.9092842180626234,1.0164309387946824,1.1036202154195003,1.0295420533386908,1.5142097467574358,2.4783462317838203,2.302018352347399,2.9183210083990265,1.8489629823314038,2.0356507928257463,2.0501172325287045,4.163895389455649,3.8201441340557047,4.412636247052841,3.649552035315125,3.8876820489862456,5.026290999363755,0.39819018404907974,0.6209663360804583,0.4848,0.5905061349693251,0.6844534152814639,0.72296,0.11775306748466259,0.1467950831121665,0.13128,0.15631134969325156,0.12660455370861853,0.21287999999999999,0.05175613496932515,0.09903534013130325,0.14264,10.543174696846242,10.171183126134935,9.577599609375,9.789723776600843,8.889462564603996,12.609599609375,161342,2237,0,1118,0,1,0,0,0,1,68.44
2020-12-28,1.4023678701255993,1.3837330772174974,1.2608597965837327,1.6038480477292423,2.234013838054002,2.1936482857452804,1.574413537083408,1.3621782318918623,1.8048369205367822,3.3652487553368533,2.4376476028449017,3.683194467993212,0.8129751731638987,0.9362014598140861,0.9214512599007642,1.042320978851926,1.0410595712420152,1.1907629748121789,2.655875548896666,2.3440544743681118,2.5737945484536615,1.7873991935442035,2.0882763772639628,2.0111547869395796,4.326716110608051,3.858892746202001,4.014828466486558,3.480513211025488,3.9233449176578397,4.509053629784937,0.3950158931977114,0.5919400800985829,0.40574712643678157,0.57907819453274,0.6586645101663586,0.6944252873563218,0.12688493324856961,0.14045902649414663,0.12045977011494251,0.1662682771773681,0.11992734647771616,0.15775862068965515,0.060019071837253656,0.09872021975765045,0.09350574712643678,10.663000884059123,10.111765762990347,10.172413793103448,9.78099173553719,8.749691928527419,12.6712646484375,147119,1650,0,1118,0,1,0,0,0,1,68.44
2020-12-29,1.4907014041323094,1.391153968919752,1.4502217099408299,1.657273187948351,2.22637077514999,2.420295949484658,1.6568416137459698,1.3530455565124275,2.0311798146127185,3.464135124814377,2.4297372010754055,3.554928354510092,0.8621150155525129,0.9268943018341815,0.9230029160150445,1.1987989863062634,1.0198330213095466,1.2530800756927412,2.5603087070243467,2.3623405010054634,2.7728848317234127,1.8629472840244226,2.087085497626439,1.982630256031255,4.314216717832293,3.888430094837056,4.680122144543433,3.6872993366510647,3.90492330775593,4.456165271371858,0.4355780113177041,0.5914443084455324,0.47510204081632657,0.606192400970089,0.6648067507767631,0.694625850340136,0.1421503637833468,0.14594812164579607,0.1948299319727891,0.15859337105901375,0.12120563035495717,0.18326530612244896,0.07044462409054163,0.09048700687317579,0.07938775510204081,10.823605339278496,10.070351485265041,10.659183839551446,9.96782554188561,8.76075699086715,11.365305790284864,154342,1903,0,1118,0,1,0,0,0,1,68.44
2020-12-30,1.4416458827779413,1.3780922380863423,1.292780076660595,1.6700884281473751,2.214376349916617,2.211751840618554,1.5809867775802209,1.3785439813383253,1.8351522748318796,3.4181731374587927,2.461050115352668,3.9822562360752953,0.892525574177911,0.9475351323405065,0.8843516541602972,1.1211058075651037,1.0464472122960204,1.2770192094054837,2.690708053909603,2.3574478141006434,2.706272890548255,1.8424691639760713,2.072906354725785,1.8343639121926,4.244523209304902,3.8649754436255686,3.973933103082051,3.57082084087595,3.9286968457338975,4.740420032483688,0.48810553633217996,0.6058462315308788,0.3999447513812155,0.5336159169550173,0.6795573997233748,0.6966298342541437,0.0951643598615917,0.1483788886693451,0.17292817679558012,0.15246539792387542,0.1276256339326879,0.21254143646408838,0.04422145328719723,0.09369865419657951,0.07342541436464088,10.48719740078936,10.0251309029836,10.251933566773136,9.654238585369809,8.973461272475795,11.265745721469267,176774,2180,0,1118,0,1,0,0,0,1,68.44
2020-12-31,1.4383145014209238,1.3780498071351117,1.2042147652714557,1.6204101603876124,2.251566743194586,2.3626843265355073,1.6168238554683723,1.36569971187203,1.734814447903763,3.3545986518222755,2.4919789461402044,3.7904164206415616,0.8564995366719304,0.9327736914424157,0.8716653466997405,1.0865345683169545,1.04467995378836,1.210080646480673,2.591693312668001,2.322878657340549,2.711431242130854,1.915727963141387,2.0721622022797086,1.8774627232471288,4.113054674517611,3.8067178396819776,4.063366514789368,3.543123201127053,3.9718048721145256,4.687421333681006,0.4618557536466775,0.6339746766384033,0.47221621621621623,0.6208508914100486,0.668597213066309,0.7661621621621623,0.1020421393841167,0.1438612443454343,0.20724324324324325,0.1464910858995138,0.12810370303016524,0.154,0.09816045380875203,0.0914332477097588,0.06302702702702703,10.35850923065235,10.199190601486668,10.51567580764358,9.858913625658428,9.044545333136323,11.464325116131757,208904,3351,0,1118,0,0,0,0,0,0,68.44
2021-01-01,1.4060827228571495,1.3985135869384797,1.4174409278079125,1.6290877869916354,2.317151542409681,2.503993767625159,1.6108458037397149,1.3689117644738422,1.87994655702357,3.462494709554877,2.5000063623094864,4.10882263473038,0.7671533349859444,0.9291643487770785,1.1128780177358213,1.090024140459231,1.0636431848624255,1.3413714698880497,2.607911026529527,2.3232805730293657,2.7188740471565627,1.913792154049426,2.0417018730967524,2.0870637062967115,4.2404730269030395,3.791988568721069,4.065669754768997,3.547373286690972,4.036140764258769,4.722231337882053,0.4164218258132214,0.6727188223992767,0.4683453237410072,0.5983735571878279,0.6799259761541504,0.6556834532374101,0.1386778593913956,0.14482765440470136,0.1523021582733813,0.1532528856243442,0.12415635418432504,0.1312230215827338,0.05262329485834208,0.09926738995309939,0.04,10.94816328370934,10.298760029948578,10.174820495166367,9.737355923727701,9.07077735633158,12.094963677495503,235818,3763,0,1389,0,0,0,0,0,1,68.44
2021-01-02,1.346679865862992,1.3420942726302212,1.3324245803618309,1.7225612532394414,2.2698727530486646,2.143525528676246,1.665915533248205,1.3602100812819922,1.6174707044274395,3.526222168125744,2.5075311786731587,3.495259325655553,0.7650533807816636,0.8915236854761527,0.8790212347926063,1.1352087054604743,1.0458736334556171,1.053074685698799,2.4891781020774757,2.3254572641119715,2.649636302436008,1.739015711536041,2.0045474698528487,1.7711690472686323,4.259951788405829,3.767710570349943,4.027781941566086,3.832605151700709,3.9834750262822305,4.480271711113483,0.37540350877192985,0.5916842513764583,0.5567105263157895,0.5646140350877192,0.6751272162798031,0.6438815789473684,0.07714035087719298,0.14678915326590505,0.20151315789473687,0.13135087719298247,0.12918722258604382,0.12526315789473683,0.07692105263157895,0.09370564408547381,0.09861842105263158,10.8853515625,9.992320332775474,10.122368260433799,9.811754728618421,9.076482876130878,11.238157573499178,229492,3754,0,1389,0,0,0,0,0,1,68.44
2021-01-03,1.433821862707967,1.3811857581497105,1.3611715561259645,1.5161349220334384,2.2394550842392653,2.4810464454591323,1.53164394213975,1.3600691163969225,1.8563942553382167,3.3336014114687123,2.468055598018441,3.9356659022727225,0.8429639194392807,0.9325811394702228,0.9904549228253567,1.022478769793931,1.0299079628977483,1.4049442685820441,2.586621391772777,2.322324160212565,2.6593375815050835,1.867360769209021,2.051676334874245,2.1498187913262914,4.351696956140613,3.778652220999479,4.072872771322035,3.4728464480388244,3.9142350839368354,4.9106401009575915,0.4594728682170543,0.6073813784764208,0.41378787878787876,0.6544186046511629,0.6747006045949214,0.7534090909090909,0.10463565891472867,0.15177412333736395,0.20583333333333334,0.22353488372093025,0.12657412333736398,0.16325757575757577,0.05686046511627907,0.09402370012091898,0.07492424242424243,10.949535186531008,10.115782194679564,10.128030487985322,9.786821705426357,8.928863361547762,12.019696784741951,228546,3049,0,1389,0,0,0,0,0,1,68.44
2021-01-04,1.3948195068661686,1.3338795873560902,1.4529700651981339,1.6808518872094989,2.24895946582171,2.356163179781136,1.7203358578316592,1.346316230850948,1.8098883419696095,3.4627652141575993,2.4582792750853963,3.5761695195542456,0.8515387068870475,0.9325134245087794,0.9455954394761183,1.1803729224575692,1.0600762781137596,1.2043804032745362,2.6003686854429624,2.319281389561786,2.7990045180476826,1.9776933801170793,2.0758295537323534,1.9176715666699196,4.287266847578332,3.7721705312331735,4.321578307412604,3.61907192354153,3.9219885814567275,4.445214182053727,0.4693686502177068,0.5862777814416673,0.4380722891566265,0.7160232220609579,0.6686434082965113,0.7372891566265061,0.11701741654571843,0.158273208907648,0.12391566265060242,0.21543541364296082,0.12051353074369628,0.22819277108433733,0.08119738751814222,0.09341115434500649,0.062048192771084344,10.681930475553338,9.978231687880587,10.654216720397214,9.86480349691582,8.955743421486513,11.183133412556476,225318,2384,0,1389,0,0,0,0,0,1,68.44
2021-01-05,1.4234960676578385,1.3225920030285203,1.3185241054302574,1.6453061230684662,2.165722471944156,2.2767617531731887,1.6901847882418832,1.3091304750674246,1.8155229951705836,3.442210396442531,2.407913406049945,3.8625974692149825,0.8617433273796138,0.9182294595703505,0.905257683585321,1.119117405525734,1.0042470733409028,1.1032545867484662,2.541046825926495,2.294860925829883,2.7388094240670107,1.9016832180476297,2.050538113921533,1.7782269267936939,4.192562583616922,3.761455808713842,4.146415558258826,3.643149299777176,3.837696717562222,4.63455973498896,0.4904555473916238,0.577164824398867,0.3646590909090909,0.5607421013960323,0.6506728004600345,0.5877272727272728,0.09423952975753122,0.14812535940195515,0.14107954545454546,0.18252020573108008,0.12301216109726748,0.12017045454545454,0.06307861866274797,0.09384618661214406,0.056363636363636366,10.83034504729978,9.861563691350925,9.908522865988992,9.812490672070169,8.782145842651161,11.407954822887074,205458,2044,0,1389,0,0,0,0,0,1,68.44
2021-01-06,1.3865573701035105,1.3641932918734867,1.4860444289278092,1.6946949394171116,2.2565155361335587,2.2550045664576097,1.6857498660552386,1.3674880433594678,1.9473477887907877,3.482526009852185,2.4621233472644932,3.9032048645533,0.8718795947806306,0.9449527002974231,1.0366698283751037,1.0356309724932529,1.0035330252381005,1.1235874665785912,2.683568621229498,2.3496239102954144,2.8911390168440456,1.9063054408122868,2.0673566345435317,2.2158188778146624,4.3309808742348235,3.8213575423195865,4.773950883899447,3.679048651023387,3.9275446687937845,4.414554486854988,0.46371911573472047,0.6077190402838071,0.3838679245283019,0.5416579973992197,0.6717483545721888,0.5733018867924529,0.09439531859557868,0.1516788031554871,0.11811320754716981,0.17664499349804938,0.13026816972412825,0.17528301886792452,0.04612483745123537,0.09641016664332726,0.0635377358490566,10.859362300877763,10.026242239648976,11.15990519973467,9.569570871261378,8.877535242496382,10.371698343528891,174314,2029,0,1389,0,0,0,0,0,1,68.44
2021-01-07,1.565807419970431,1.3728792327685986,1.4837689577712505,1.7035856643121992,2.207460945307295,2.6279901323181005,1.7652386703542307,1.4118717544241546,2.164562744452722,3.5721701981580707,2.4377711451282575,3.8652837812412444,0.9324020726808591,0.9648511761546695,1.0172899087133438,1.1073167377619835,0.9883657352206009,1.4052999414409206,2.7547306176178465,2.349774153260132,2.8192026898757394,2.0438330143072356,2.0768350568072207,2.045265976482713,4.190458695062293,3.778823141651833,4.441704182341897,3.7265858212260476,3.882759388790873,4.9624418607450975,0.43523999999999996,0.6190089460034385,0.4792696629213483,0.671632,0.6610079552408428,0.7796067415730338,0.128344,0.15138327942419208,0.2011797752808989,0.183616,0.1327257627414984,0.21235955056179773,0.082008,0.09522452428825363,0.06123595505617978,10.88696015625,10.005181469825452,10.684831597831812,10.3567203125,8.918463334498936,12.388763770628511,242441,3496,0,1389,0,0,0,0,0,1,68.44
2021-01-08,1.4313551116637353,1.336734567761302,1.1724452210646825,1.6590228904505366,2.1989287256629253,2.594413636552073,1.7501323768147699,1.3760859658992053,2.243608982444803,3.5646909880944455,2.4312845171489226,3.854111098288151,0.8790003825724462,0.9459635019801687,1.0222310208750944,1.1123138305381366,0.9937513490845409,1.367733191434871,2.689741404671256,2.3057445977865467,2.737258301346181,1.846928036466828,2.0565973953470573,1.6108397109690873,4.2751545472771895,3.7600899599008293,4.112460131430898,3.6112934500579996,3.8597779559941183,4.910652928801741,0.39103125,0.6106153476834439,0.3198809523809524,0.6175937499999999,0.6727374569896775,0.7967261904761904,0.11321874999999999,0.15248059534288227,0.1574404761904762,0.1813828125,0.12732202395241526,0.2049404761904762,0.08978906249999999,0.09302445920354219,0.07232142857142858,10.65320281982422,9.95972616761356,10.416666666666666,9.96570281982422,8.800763016457283,12.373809814453125,257750,3855,0,1389,0,0,0,0,0,1,68.44
2021-01-09,1.4049880559795067,1.3911115789751622,1.2087454296507658,1.5382028621807586,2.20090459257605,2.198186703222439,1.5840727536855133,1.3501623331829917,2.060338100340521,3.2668006052515484,2.4063141750280646,3.7781090418988343,0.839322460388745,0.9305504200324384,0.8787765464919893,0.9495583222075316,0.9889821614179017,1.3003427334214628,2.537017174371577,2.3301841643868153,2.54379893741239,1.8772779633503656,2.0757347573517952,1.9377495535510236,4.146633730124904,3.8079100109947275,4.168819278860786,3.4248946014517405,3.814221253939161,4.475164744306425,0.3893782771535581,0.6259059893858984,0.34840579710144925,0.5850037453183521,0.7061228203184231,0.6719565217391303,0.11997003745318352,0.1540051554207733,0.13065217391304348,0.14764044943820226,0.12321243366186505,0.22289855072463766,0.058471910112359554,0.11696861258529188,0.09043478260869565,10.474457221441947,10.0695953373768,9.61666648975317,9.815505032771535,8.841925701288854,12.041303993999094,269765,3978,0,1389,0,0,0,0,0,1,68.44
2021-01-10,1.3689551997462965,1.4105040465389962,1.2721167280052306,1.6353901302675855,2.1464250316517384,2.3639892916795326,1.614000653195281,1.3209602302042527,2.236545076943037,3.508052013882021,2.3695275541920875,3.8630277926613537,0.799413046085756,0.9310516080956271,0.9178610806565977,1.0402808184694468,0.9567138972700603,1.3434869933746543,2.530653363858778,2.361873280415673,2.5288124012783513,1.8417974351529585,2.0702574695588805,1.750440607848499,4.070664644861495,3.8319330552039967,4.0497662747749015,3.644778453982328,3.7823607746532035,4.641764733446341,0.4664271457085828,0.6324893101695422,0.36187845303867405,0.6585096473719229,0.6559809227641061,0.7778453038674032,0.13993346640053225,0.1559575994976527,0.13558011049723756,0.18103127079174983,0.12192955177466136,0.2220441988950276,0.06693280106453758,0.09145232186107706,0.08104972375690608,10.511976047904191,10.1860479024011,9.84640857001036,9.946041510728543,8.624791623060132,12.82596685082873,292105,3711,0,1389,0,0,0,0,0,1,68.44
2021-01-11,1.4061622498709838,1.3817369152468675,1.3985801997618856,1.6625430607588338,2.1116104850410946,2.2026133894021065,1.6309657339172603,1.3162978161713244,2.149474850760894,3.4117209363130483,2.307908084923587,3.8052257774691807,0.8632885787332327,0.928306656446949,0.9385881514752514,1.1014704997406621,0.9489534014872718,1.2280275967867615,2.6377545718842046,2.3128412480226688,2.7307530233614528,1.977663273187367,2.117235628198366,1.8632736521940447,4.237187935149219,3.7806609373244795,4.543577661336557,3.5763309891837767,3.7329396309491214,4.739158559927992,0.4086854838709677,0.6341704143912624,0.32535714285714284,0.5632419354838709,0.6525141878145412,0.8186428571428571,0.11544354838709678,0.14259128386336867,0.2586428571428572,0.167,0.12352660884463004,0.24557142857142858,0.05403225806451613,0.09229735517721382,0.09257142857142858,10.824596774193548,10.062407979976443,10.6721435546875,9.776451455393145,8.422395331405932,11.72357177734375,256294,3411,0,1389,0,0,0,0,0,1,68.44
2021-01-12,1.3112680300313313,1.3386597587859068,1.244798475943584,1.6575482570423132,2.1407418069051793,2.4219520856236576,1.7716895807774191,1.3248908144590084,2.1401761435388473,3.546584953631897,2.346708499650421,3.6008901120156622,0.8298676163072565,0.9155477983754577,0.9990557675045381,1.1294600369200125,0.9755415489088881,1.246982479366463,2.660756138516866,2.320500851835424,2.5872250533412333,1.7862587063983324,2.0575332010412786,2.1319598193954876,4.186414266204966,3.8149605198679475,4.059644440525917,3.716852767502755,3.7847145067049834,4.700068050808233,0.3925385089340727,0.6124815435821718,0.4618421052631579,0.6034996919285275,0.6605423058635101,0.7598684210526315,0.13762784966112138,0.1532911234014865,0.20855263157894735,0.15008009858287125,0.12778222678245202,0.16855263157894734,0.06121996303142329,0.0934230085837984,0.10144736842105263,10.390141231515711,10.036754861232764,10.236842105263158,10.0661120176756,8.553262406466628,11.283552470960116,224484,2555,0,1389,0,0,0,0,0,1,68.44
2021-01-13,1.3654734491671627,1.3651385480485112,1.349786446262849,1.6514970166238094,2.1404305068594973,2.467915132277095,1.715677166582092,1.3279992351148924,1.9121452020259344,3.5216124485852243,2.345317061918348,4.051396834708752,0.8470765833212671,0.938307212684794,0.8579189315622661,1.0840061014713258,0.9616428737892618,1.2650966994605655,2.5831153080044276,2.339975046003993,2.871743162967504,1.816038537312103,2.090574971204507,2.071496287606248,4.139077058322209,3.829319463019805,4.442286216064473,3.654655867507635,3.794399575144727,4.911755913241425,0.4645069532237674,0.6030052242929622,0.41792899408284023,0.6030847029077118,0.6595669864871653,0.5553846153846154,0.1315992414664981,0.1541884764153313,0.09106508875739645,0.175897597977244,0.12146883005977796,0.14946745562130176,0.057262958280657396,0.09363188828050435,0.08017751479289942,10.191213653603034,10.003177274325614,9.960946890024038,9.90986118244311,8.56767248957653,12.383432241586538,204122,2534,0,1389,0,0,0,0,0,1,68.44
2021-01-14,1.4596560939025167,1.364649150564325,1.554217846437242,1.597987236185592,2.147996700929309,2.387867294171343,1.7030500197291816,1.2863988214191733,2.0157520680953795,3.5470809094017413,2.3494571500212365,4.055354804862647,0.8332876848224802,0.9183751088690146,1.1067350296797076,1.1474007460634157,0.9583174903644809,1.2681949002738395,2.6405221779107597,2.313348064950085,2.9221491892497586,1.927770798332901,2.0792570801664425,2.0604795704591057,4.327874852398253,3.8264373159703493,4.425285705894454,3.702515324597122,3.772963985045628,4.744919750583827,0.4687777031564809,0.6065583331124248,0.405688622754491,0.6775218267293486,0.6481650451978899,0.709880239520958,0.14167897918065814,0.14449460541314316,0.23179640718562874,0.19346541302887843,0.12505049969514623,0.1347305389221557,0.07382135661517797,0.08987461230549003,0.09886227544910178,10.815714982790464,9.98384274845585,9.604790419161677,10.074546675621223,8.41109700978183,11.701796114801647,217776,3600,0,1389,0,0,0,0,0,1,68.44
2021-01-15,1.3933882874804107,1.378447523214199,1.412722454717333,1.6846052071433841,2.181590082045775,2.243740468338541,1.7261082274053487,1.327018665506703,1.9406749097436184,3.5017769038656414,2.372390507567148,3.6818840967220807,0.8670031710533085,0.9067935189833035,0.8825008987558387,1.1201054189094923,0.9707853270729038,1.2654056458073533,2.6414346258519306,2.3097473445069694,2.8422678236902033,1.9730077546108284,2.0843204999196443,2.1372581655012413,4.16867415868493,3.846626544604673,4.575392298033501,3.645170946914211,3.7901970724826306,4.554882577808963,0.40321762349799734,0.6097831502948953,0.43473988439306355,0.6271562082777036,0.6575671140939597,0.5572832369942197,0.13968624833110815,0.14986424649176328,0.10248554913294798,0.1766154873164219,0.12048657718120806,0.1798843930635838,0.07764352469959947,0.09423225544030912,0.08121387283236993,10.333644729430908,10.078627879042099,9.59479782898302,9.879906281291722,8.46451326393126,11.442196531791907,226378,4066,0,1389,0,0,0,0,0,1,68.44
2021-01-16,1.3524980727754674,1.394992156550836,1.1885350390170695,1.6085182687626614,2.1538805942009636,2.0957867079783963,1.6185971770744072,1.3007783985884445,1.880591167807537,3.3693727989785187,2.357673716840957,3.4710058867030025,0.7915721498739396,0.9141058493782982,0.9516431540117125,1.0034604052169798,0.9774912425017475,1.0655960814238408,2.695526397316594,2.295625131099359,2.61547743014081,1.7658398345104267,2.085814272589308,1.7912797650992478,4.29219450899093,3.8272463014726092,3.894508059842286,3.4272042838600614,3.7935212169923678,4.12609710441166,0.42324646314221887,0.6302237955979683,0.2652083333333333,0.5421816827997021,0.6646913960289365,0.6397222222222223,0.10781831720029784,0.1498005233184547,0.2076388888888889,0.1343410275502606,0.12253593966446052,0.19118055555555558,0.06795979151154133,0.09908973372325688,0.03652777777777778,10.589278027271035,10.075767661997846,9.313195122612846,9.464035886308638,8.536742919809143,10.509027269151476,223583,3762,0,1389,0,0,0,0,0,1,68.44
2021-01-17,1.348225726447624,1.367024477153269,1.4389421596092544,1.6202667205919088,2.1612688986257442,2.3241208190201563,1.646492927678865,1.3068390960651548,1.8152013548331247,3.4513922039390876,2.3501782502671835,3.6901135744089673,0.8286264360136477,0.8954850972140332,0.9139829287750914,1.0573104916738256,0.9807544147272232,1.1796780482745939,2.623822573840096,2.3012565047627294,2.6692816586080212,1.8987681669789491,2.0743243399899614,1.8658282124820993,4.262810144522801,3.821858469264694,4.468195753275273,3.624068923180478,3.797392040847104,4.546975392894188,0.37962987886944816,0.6256393033347203,0.38318840579710145,0.6207133243606998,0.6704300659810973,0.6428260869565218,0.12726110363391657,0.14858527016584439,0.14333333333333334,0.18971736204576045,0.1186655174463532,0.13471014492753622,0.07967025572005383,0.09353028591808833,0.05855072463768116,10.51736191432537,10.109715865184569,9.873912866564764,9.899192594422948,8.563184516733044,11.959420466768568,237318,3384,0,1389,0,0,0,0,0,1,68.44
2021-01-18,1.384773605526109,1.3710841719725533,1.3191745830785933,1.5725172265783862,2.1658511929830664,2.413422313721015,1.5620178758286316,1.3107246865711526,2.082704536839277,3.4461180229217843,2.3786611662761032,3.8394857267401488,0.8302079739091973,0.9072380518003165,0.9433033620391967,1.0146651516088856,0.983886310891473,1.2582592632883083,2.6203800195591196,2.289180649159227,2.6386209102408835,1.8112633294818699,2.085085151763012,1.9471662888846233,4.273553779715056,3.8103834809738912,4.238635555011163,3.495650474530454,3.7890260953936554,4.71369289353711,0.4026026531901453,0.6166485145691964,0.364764705882353,0.5698041692987997,0.6765470148828192,0.8261764705882352,0.08868603916614023,0.15915863602668642,0.24394117647058822,0.15813013265950726,0.12037976848947939,0.18011764705882355,0.08615287428932407,0.09426640816559276,0.08282352941176471,10.646431321067594,10.03261408023037,9.611764705882353,9.494314592545798,8.52940033928266,12.059412339154411,209511,3549,0,1389,0,0,0,0,0,1,68.44
2021-01-19,1.3515719065004148,1.391185185923479,1.392965129780558,1.609247201434506,2.160531623190857,2.463772043498612,1.6832709636973626,1.3257356530333173,1.860449160679641,3.3848185711521954,2.351929107803221,3.9058126559943047,0.8210399124649105,0.9069960094435651,0.9552806649060873,1.0968020676829717,0.9775515649140228,1.2548422309506637,2.5832428624981447,2.320623984651721,2.7675294869001075,1.7764030833425009,2.0958013593468032,1.976465641682652,4.189534358356158,3.853327933412736,4.32146357233128,3.665815173980985,3.7591316263313272,4.567243031929854,0.40474207582349286,0.6416253121513202,0.415,0.6098259788688627,0.6686137824770203,0.7322,0.1299192044748291,0.14372004675628286,0.16966666666666666,0.17110006215040394,0.1271351150310823,0.12560000000000002,0.0705158483530143,0.09539317783327135,0.14759999999999998,10.346923069453076,10.141627038945858,9.987999674479166,9.970727402501554,8.527137240316668,12.043333333333333,186583,2600,0,1389,0,0,0,0,0,1,68.44
2021-01-20,1.4203101668513483,1.3725061945129908,1.662683729828404,1.5793338297373012,2.2855856095280505,2.331976794729818,1.6985061277636584,1.3717158396630529,1.775799943033263,3.618815236966136,2.4322787362258294,3.9129365061087364,0.9141600654156,0.9335961587274861,0.9731116004569361,1.0512941860602458,0.9862680346047566,1.172983124440909,2.800127204349019,2.3660282044797927,3.1056727581426427,1.8849016899798587,2.0734197229774516,2.1245759424239727,4.431236066821055,3.86527492342388,4.644032191536316,3.7036919113372453,3.954781299091463,4.534765530069492,0.514795918367347,0.609907685702018,0.5805263157894737,0.6038095238095238,0.6493414555603264,0.6204135338345864,0.13732426303854875,0.13854712322885357,0.15105263157894736,0.1626984126984127,0.12858657148990982,0.14657894736842106,0.06710884353741496,0.09292292829540574,0.036879699248120304,10.80351496067177,10.121600271039073,11.016917293233083,9.967516563917233,8.805973929261485,11.426315422344924,154205,2250,0,1389,0,0,0,0,0,1,68.44
2021-01-21,1.3683650285409483,1.365078371181925,1.3968653664948385,1.5045827817467528,2.1766057212712124,2.015983311680937,1.6661383513936836,1.314396745575051,1.7111694747392618,3.405658892929579,2.3615354293299653,3.5704936997529826,0.8252477593867539,0.9217718180971609,0.8949896350108096,1.0101869652118474,0.9452163904979065,1.0567134285709456,2.716903283510032,2.38346847885112,2.8976303196455144,1.7564836923251703,2.104856777815075,2.0481837647746537,4.288352064610477,3.8634318191423582,4.345390074010909,3.435569479919322,3.8196459620269487,4.492832466611944,0.4450882699097685,0.6047060645960808,0.520984251968504,0.5667595135347195,0.6309317636124234,0.576496062992126,0.07619066300510004,0.13308264270776857,0.10653543307086613,0.1690780698313064,0.12017917538016677,0.18598425196850393,0.057759905845429574,0.09120026850489248,0.045944881889763776,11.039740615192231,10.076991034776547,10.709842711921752,9.658493526873283,8.51590859215656,11.584252545214074,150233,2738,0,1389,0,0,0,0,0,1,68.44
2021-01-22,1.3873810306797367,1.361240191052757,1.5418633828777473,1.5952748473767406,2.1568077707362154,2.417145979831825,1.6637995360622702,1.313396117794875,2.1131706356036193,3.3947221830588594,2.3376906006087106,3.8589810306592915,0.8830055648389334,0.9293517874880045,1.1300018374006546,1.0693199370569872,0.9648777379177681,1.352672159039976,2.6830413628463448,2.3175608736612823,2.6739218603152444,1.8701256214661353,2.087932839589291,2.180404872332328,4.2939164791991855,3.8220383280404095,4.199767373125017,3.5368780469730607,3.7888762174509854,4.894269948790741,0.4541471904525112,0.5869455370650529,0.47331460674157305,0.5722774738935852,0.638404185577408,0.7652247191011237,0.09286424664346096,0.13720322743318203,0.1700561797752809,0.1778418697165589,0.12200050428643469,0.15398876404494383,0.05791645947289906,0.08761623802319718,0.08606741573033708,10.771009448035803,9.969427634896622,10.409550698955407,9.697364689520139,8.565423285426123,11.268539600158006,188266,3826,0,1389,0,0,0,0,0,1,68.44
2021-01-23,1.402192543680865,1.3683131730030842,1.3569936481278055,1.5251486457642938,2.194958478372396,2.3335994504985083,1.5294278255743678,1.33459261797293,2.0327631830340565,3.2904407410270013,2.406533594121781,3.9129978173541065,0.8406517406798723,0.9418447076695662,0.9145053119349319,1.0285840207597519,0.9930104181028337,1.2266717331177357,2.704356063973619,2.3355222449293866,2.7468722284962923,1.8836296568160071,2.0984904393921733,2.153082563202655,4.338608146268518,3.85092976707882,4.458965339778067,3.373174581446704,3.8636501120545588,4.957856286977592,0.4592946362968406,0.6108209591578699,0.4085915492957746,0.49617927994121963,0.64189361639566,0.6716901408450704,0.07776634827332844,0.14009438677997002,0.21676056338028168,0.14665686994856722,0.12149578052868358,0.17387323943661973,0.05362968405584129,0.09367285130406657,0.07514084507042254,10.54592211609111,9.9888586477109,9.93802782515405,9.31418046243571,8.717895446793495,11.626760563380282,187644,3853,0,1389,0,0,0,0,0,1,68.44
2021-01-24,1.3864135293922102,1.3758327632442524,1.3789877212110522,1.6355638224774278,2.172407135775712,2.173101403350494,1.7884513002896743,1.3325820608522043,2.026619781122843,3.4900645252437577,2.3597151507066663,3.7805094706433526,0.90442467720862,0.9274546763031349,1.007795196191338,1.1232359615969214,0.9830229453615282,1.0373146732928211,2.5607184534309817,2.3217581393173083,2.948957352674404,1.8494001912892484,2.0866164972884027,2.0868130430936125,4.190715725505292,3.8327685395558113,4.43041849198137,3.8062821219501237,3.8262186223049532,4.617729247599691,0.4540487474610697,0.6078213249659582,0.38716867469879523,0.6530737982396749,0.6530430406725475,0.5131927710843374,0.11705484089370344,0.13629062814516607,0.12295180722891566,0.1833649289099526,0.12614232431472383,0.1377710843373494,0.07137440758293839,0.09681161565330648,0.061746987951807226,10.439200554333107,10.04841335622521,11.08433734939759,10.227961556364251,8.688431524184477,11.247590214373117,189419,3679,0,1389,0,0,0,0,1,1,68.44
2021-01-25,1.3803793843777623,1.345058150350281,1.549337426265995,1.576635500714247,2.151529310697293,2.248831017104627,1.6448075738682857,1.3014745508119747,2.1210441391336174,3.3784207173152576,2.357449166361858,3.6308187897970283,0.8530103226104605,0.904507616258637,0.9362638569451004,1.0612797676761243,0.956766419046546,1.176186502137626,2.636620378612825,2.282722682551503,2.87696287579026,1.8966128611996946,2.0642526477940826,2.1543939839306243,4.239851568238471,3.7960652090623825,4.4310448200046935,3.6305584881092394,3.7853964349378604,4.604270621227744,0.4118025182239894,0.5973105128333919,0.4220111731843576,0.5446189529489729,0.6503819880456075,0.5958659217877095,0.10119946984758119,0.14520468129991462,0.0894972067039106,0.1736315440689198,0.12580390778040082,0.19625698324022348,0.04958913187541418,0.08999849314380431,0.08486033519553073,10.505168856651757,9.9894794753629,11.15586605817912,9.66613664367959,8.520621170073836,11.20167584126222,165512,3073,0,1389,0,0,0,0,1,1,68.44
2021-01-26,1.4142830427444995,1.3858252045767718,1.302624495519278,1.6784481540062621,2.1474841311551662,2.310780331227583,1.6725736823022723,1.309852382379096,1.8237460307648885,3.631823730285721,2.329106879420038,3.7552993819400347,0.9938299617018009,0.9158717217927835,1.0279019827124318,1.038061143284226,0.9469989588310302,1.1989331910619132,2.5964005842041193,2.323969614965777,2.904040604455097,1.911436203078717,2.1037463575166897,1.9717194463395868,4.213629886049907,3.8939934679556156,4.226164601626136,3.7706521372029687,3.7697945139592375,4.629753259929008,0.43896153846153846,0.6104593402625539,0.31372222222222224,0.620978021978022,0.6340270291182009,0.6365,0.10584065934065934,0.14130013153483093,0.1248888888888889,0.1965934065934066,0.12410956077682922,0.16305555555555556,0.06754945054945055,0.09234493075078018,0.09983333333333333,10.395329670329671,10.065313652541716,10.280000135633681,10.006429215315935,8.38382943672143,9.85,141554,2477,0,1389,0,0,0,0,1,1,68.44
2021-01-27,1.3548646589657172,1.3794457690672486,1.3794504220590278,1.5902583690548149,2.164992662755276,2.0914132248057746,1.6942261988343037,1.3117627825108436,1.9248572990712223,3.5524578524929304,2.357364647117751,3.622375551736625,0.8436127245371625,0.9257347137233095,1.0118168635769689,1.0020387280220413,0.9460658288982753,1.2809378851638866,2.5533238550385295,2.3523601490226667,2.732629254752929,1.88472124554262,2.0951187087045997,2.1156963776293702,4.227126691382282,3.849091683061951,4.112804254986613,3.6022633802523902,3.785542598045833,4.606952754011338,0.4503832116788321,0.6207642883050934,0.4840828402366864,0.5310644768856448,0.6512327063578424,0.7791124260355029,0.09664233576642335,0.1404233379967874,0.20562130177514792,0.15643552311435524,0.11874863982589771,0.21745562130177515,0.06477493917274939,0.09459868386963055,0.10857988165680474,10.60510996426399,10.074021808124773,9.677514792899409,9.601155598958334,8.469389605679051,11.540828546828772,135591,2037,0,1389,0,0,0,0,1,1,68.44
2021-01-28,1.3337945123006723,1.4061651655963683,1.2703982775639802,1.5745589789046175,2.200952973184215,2.1797269760684115,1.649156628826523,1.3208334909287227,1.8274913796304713,3.6024875004342545,2.3674380333173493,3.7917500509947133,0.886888337869399,0.9337428956013132,0.7802855907803745,1.0388342594306028,0.9590163167198781,1.1602990187861557,2.597739224567378,2.346928358103014,2.7348383686207773,1.7895048567579315,2.1166738762515385,1.7597442644663164,4.337189965647534,3.8392002010833988,4.047337372745756,3.6477102315742145,3.806436638639965,4.3543186924433845,0.3798951659871869,0.6353214962937425,0.4160479041916168,0.5520500873616774,0.6601922082399587,0.822934131736527,0.10797320908561443,0.1444535424926737,0.24574850299401196,0.1567559697146185,0.12563552261104408,0.2167065868263473,0.0678683750728014,0.09400132161121645,0.043592814371257484,10.073966220151426,10.22794381715796,9.470059880239521,9.764414676761794,8.417824872148481,11.1437125748503,145943,3576,0,1389,0,0,0,0,1,1,68.44
2021-01-29,1.4558500036715296,1.420598657199389,1.2433849676937794,1.5896150781276126,2.192344925331604,2.4042865973748517,1.7224558040405769,1.3326147134523278,1.9578542820205502,3.5577162980172305,2.391118075014018,3.7567000189858284,0.857711390707234,0.9377681450555759,0.9773991977149346,1.0874049548242124,0.9486281426113296,1.3457903811229897,2.6042701278812563,2.3336974450109778,2.462121289016423,1.853046322285731,2.1203470930114316,1.960654752835353,4.238818234831822,3.879586083397592,3.929152694213328,3.615313146019902,3.779948230915038,4.490152751940312,0.4262982998454405,0.6491145772252844,0.3573529411764706,0.6314451313755797,0.6601832414682772,0.5469117647058823,0.125919629057187,0.14277266330479654,0.1688235294117647,0.2010896445131376,0.12372463938079042,0.14514705882352943,0.057998454404945915,0.09849360853758649,0.07110294117647059,10.333848531684698,10.268869290195848,9.33382370892693,9.779521016470246,8.367635525389938,11.454412123736214,158965,3950,0,1389,0,0,0,0,1,1,68.44
2021-01-30,1.3971319585652617,1.4405179073386956,1.4422762387012742,1.5865290336384181,2.194377845949489,2.349195118083836,1.601990138586238,1.301269521129567,2.2012899002012425,3.3768978843535873,2.3621875315028187,3.639523564186978,0.8280742647655851,0.9248063020935188,0.9587852628766266,1.0089664312191402,0.9382720666758323,1.3581576379031568,2.625420631365676,2.316286316909953,2.8255730224270597,1.7795064620506384,2.126019809799409,2.111391527563064,4.156266561254709,3.8595310126511206,4.360082335335935,3.597658444846876,3.7744575676469134,4.854208220792496,0.38893655049151027,0.6569583531274742,0.40214876033057856,0.5539767649687221,0.6369510688836104,0.7846280991735537,0.10842716711349419,0.1384110847189232,0.17991735537190082,0.15970509383378018,0.11747680126682501,0.17760330578512398,0.06928507596067918,0.09746603325415676,0.16363636363636364,10.671939580540661,10.343971694378464,10.583470872611054,9.323682033344504,8.285529493269992,12.480991331998966,156822,3870,0,1389,0,0,0,0,0,1,68.44
2021-01-31,1.434936521050832,1.4243624341075534,1.6989566689473745,1.5165444342174645,2.217667452532642,2.4174960843078646,1.5306169561694096,1.3042540551635584,2.036190184888867,3.3801702527765753,2.404282506555297,4.009250732199803,0.9111685999012206,0.925882846742624,1.1209374092127142,0.9848538004939972,0.9587289701985936,1.2438072468830095,2.6215757179968397,2.3155852858776473,2.7784851916124635,1.9369775573082126,2.104565780376547,2.261626839213695,4.2541321060163035,3.8311107309273726,4.375849863977631,3.45469366809915,3.832747231083901,4.6758800316096,0.478272884283247,0.6298447833308168,0.451981981981982,0.5814594127806564,0.661197040616035,0.8670270270270269,0.11397236614853194,0.14323690170617545,0.22765765765765766,0.1618566493955095,0.1183922693643364,0.22063063063063065,0.07632124352331605,0.10459006492526046,0.0854954954954955,10.402331943544905,10.249454552317681,11.466667106559685,9.501899995952073,8.472054771251699,10.588288728181306,164238,3266,0,1389,0,0,0,0,0,1,68.44
2021-02-01,1.3329209194996487,1.409618542594252,1.2587478172691322,1.4921237433444179,2.152607459364644,2.1935535865672353,1.5667341957733276,1.2832423386252978,1.8665837837164556,3.425246309425674,2.3341961424237487,3.3788222395680676,0.8480960271552074,0.9299892325221547,0.8466153621827618,1.0307782216219528,0.9328162220689757,1.296760739709464,2.5775122453697463,2.3094199905134154,2.6749235534482545,1.8196155832418355,2.115267380559303,1.7770651449411372,4.127393339180725,3.839665458599872,4.25615080343008,3.5289943078684907,3.75977700040763,4.3530640538332035,0.4045550161812298,0.6260957049233602,0.3777304964539007,0.5490695792880259,0.6322393435519688,0.5619148936170212,0.08185275080906149,0.13670909386340246,0.12333333333333334,0.1800485436893204,0.1222842983263825,0.1777304964539007,0.057888349514563106,0.08506364079510371,0.06290780141843973,10.480744494589402,10.266272409684234,9.629787580341311,9.489806141282363,8.283266702323566,10.406383325022164,138823,2827,0,1367,0,0,0,0,0,1,68.44
2021-02-02,1.4175224912084678,1.448572464136437,1.1772070556735563,1.4638069180593054,2.14596338175005,2.1121089251720995,1.671852861697024,1.2930265742558975,1.6945338578316573,3.3376005638136497,2.327570676851366,3.475281219330599,0.857019491451776,0.9325461560339369,0.8838998438392113,1.006380628757364,0.9095320961185883,1.1967632775430763,2.7012179445589632,2.3179156050137144,2.480640928976191,1.8622915101470772,2.1650979694915455,1.7472584576815775,4.320083258092222,3.8581284708943233,3.926465169646177,3.3922743157029704,3.7197308139655596,4.305281614652663,0.3845176960444136,0.6463325783829509,0.26125984251968504,0.501207494795281,0.6361213741916119,0.6769291338582677,0.09298403886190146,0.14188119082053102,0.20417322834645668,0.14643997224149896,0.11845771823068736,0.11692913385826771,0.05470506592643997,0.0977889049581139,0.09464566929133858,10.792297151500694,10.255455767184216,9.840157095841535,9.095280919283484,8.190654248642455,10.67716535433071,111938,2291,0,1367,0,0,0,0,0,1,68.44
2021-02-03,1.413217711276201,1.418681127809016,1.5423639239399605,1.6693885178225625,2.1473351221146415,2.163678516741364,1.629511979691089,1.2573049424588123,1.724891486536449,3.4588198269575443,2.3115349704229526,3.4913571260126686,0.8159676518957031,0.9288848721239225,1.0953157502286497,1.104080914193638,0.8938804744867985,1.1103257283552563,2.493708262989421,2.3315345583660774,2.6752015953405355,1.7999017021587516,2.1183197439883545,2.0367989688373638,4.260694789086452,3.890699843665455,4.4777418904633635,3.6030992310501855,3.711059090393141,4.285831071749039,0.41327792553191484,0.6346292413793103,0.6620408163265306,0.6183178191489361,0.6268612413793104,0.6655782312925169,0.0998869680851064,0.13283144827586205,0.21414965986394557,0.17544547872340427,0.1140590344827586,0.17829931972789118,0.06736037234042554,0.09565489655172413,0.036326530612244896,10.470212895819481,10.30516724137931,9.997278745482568,9.587034834192155,8.093696551724138,10.253741828762756,129043,2229,0,1367,0,0,0,0,0,1,66.35
2021-02-04,1.3985964793301242,1.4201060091832216,1.2500306411642121,1.6446509881803926,2.181362268968036,2.2625284831238517,1.7369581845632585,1.2742327069886772,1.8920498182675516,3.5454253491075427,2.3493903874763045,3.9214264887282777,0.836294695105137,0.921825459515044,0.9983502421655222,1.1024529262013503,0.9051765112958792,1.1696764334229817,2.583203885345153,2.3293428353737475,2.456003637345207,1.8246820097506864,2.1349592476229677,2.106159002537216,4.170546359328812,3.854848480980651,4.117600731208362,3.697463689355113,3.7747483205514003,4.719234424095301,0.40197547683923707,0.6298581733376722,0.4245,0.6510013623978201,0.6281934049246122,0.5209285714285715,0.12196185286103542,0.13909805835773945,0.12728571428571428,0.23161444141689372,0.11574167480203927,0.09042857142857143,0.04315395095367847,0.09045015728387026,0.0962857142857143,10.508719213002385,10.194815055862891,9.821428571428571,10.069890742081062,8.154631399826446,11.465713936941965,121330,2947,0,1367,0,0,0,0,0,1,66.35
2021-02-05,1.370423718573514,1.38457538490761,1.3957113048816137,1.607844197031606,2.1960270314755834,2.185431422429903,1.635002194126455,1.328960780617945,1.702494105575547,3.466177177100338,2.3756978116261367,3.5439351284311917,0.8279367044889022,0.9188648630137042,0.9274713785894789,1.1271712544079997,0.9332601199231741,1.0124714442388114,2.604416842600553,2.3410341252404883,2.6637602738883,1.6968748424788553,2.0911462033259687,2.138584808391036,4.173270551314498,3.8418473089008804,4.477416157476653,3.6638841117408485,3.8647831929930847,4.597400068580132,0.42784922394678493,0.6242048593350383,0.4662142857142857,0.5939763488543977,0.6380097186700767,0.5402142857142856,0.09823355506282336,0.1364693094629156,0.23871428571428574,0.1797191426459719,0.12015191815856777,0.13185714285714287,0.06712490761271249,0.08911202046035806,0.032214285714285716,10.694161267784553,10.14425351662404,9.917143031529017,10.051884845020325,8.355135869565217,10.447142682756697,108669,3280,0,1367,0,0,0,0,0,1,66.35
2021-02-06,1.360522084265004,1.4145962372895584,1.2515502084133416,1.6535227473557657,2.190238424637601,2.3048938145162277,1.6932140673594598,1.2963601162249607,1.69261670415295,3.4239773047083535,2.367601421744687,3.824877886118277,0.9154079526938084,0.9045086783771799,0.8222364420788454,1.1669010741091126,0.9356317045177723,1.2109694205364532,2.6078689715870516,2.310685248516357,2.59187592524545,1.8269306886294263,2.110033103388404,1.7286750577498313,4.226663266996318,3.8817577963312035,4.275248792893227,3.8078218636939383,3.8480985651823763,4.522763469077263,0.41169701986754964,0.6200116535819431,0.43980582524271844,0.5816887417218544,0.6519927625122669,0.6770873786407768,0.1093046357615894,0.13629998773307164,0.0892233009708738,0.1707201986754967,0.12175478410206084,0.20029126213592235,0.06081953642384106,0.0940505397448479,0.05980582524271845,10.752565901800496,10.220590039254171,10.150485436893204,10.067715070105546,8.379922105004907,10.526213118173544,122620,3127,0,1367,0,0,0,0,0,1,66.35
2021-02-07,1.3279125007840367,1.4127065195822361,1.3692555310097543,1.588981221345881,2.193114708694989,2.115612617743343,1.5991209717736645,1.3157230535049385,1.907333546752494,3.6292187098685167,2.3605791689708338,3.809348813885792,0.8235841813692587,0.9227422615386572,0.9924395142358237,1.0932241144030594,0.9450176891664938,1.1846939319755903,2.5632933173932333,2.3171476743873436,2.901777916602813,1.8455948887172844,2.11800436395626,2.068074164734351,4.035294210577815,3.8851741476925965,4.419000737214514,3.661465861798566,3.7901213165756378,4.55562776056481,0.38812907904278465,0.644796863403143,0.34826771653543304,0.5447063089195069,0.6569711833231147,0.6113385826771653,0.09965192168237852,0.14037142211752557,0.15440944881889762,0.16,0.12234760721546355,0.10929133858267716,0.05998549673676577,0.1012146245441931,0.0331496062992126,10.180565627266136,10.292703660976475,9.659054733636811,9.787962008248732,8.398399432056536,12.086614173228346,124827,3399,0,1367,0,0,0,0,0,1,66.35
2021-02-08,1.3189035033744534,1.3837192456751495,1.2696459009171581,1.5792640999044079,2.193862381967174,2.2449268785363112,1.549573041605716,1.321345721107786,1.7162736128942573,3.358306602856926,2.3617191748260526,3.5233206189124338,0.8607124591490194,0.9271865206680321,0.9341632315576698,0.9547222731221127,0.9642736264338695,0.9321911202862211,2.545693272287391,2.311401814534698,2.3714718547635627,1.8007044973921777,2.092040867149787,1.5608180487813181,4.1301551537017716,3.8459513419970324,4.098368827993029,3.5041389866145067,3.8052892955770057,4.29633748580853,0.3359350180505415,0.6204403299014724,0.3643220338983051,0.5551335740072202,0.6519536698771172,0.6160169491525423,0.12436101083032491,0.14229159747592163,0.1471186440677966,0.1667653429602888,0.12247675190966456,0.12271186440677967,0.05984115523465704,0.09192627034207905,0.1306779661016949,10.206931125902527,10.22749916971106,9.542372881355933,9.588736744133573,8.462955275102402,12.213558908236228,110180,2803,0,1367,0,0,0,0,0,1,66.35
2021-02-09,1.3614472382266025,1.3916495855617128,1.3533044863782253,1.602813511482188,2.1858150151325195,2.2206277333628575,1.6033265347781398,1.3124933293608503,2.1112076545020466,3.312467480597508,2.342937716842389,3.8035558216466394,0.8560162117050657,0.917771353809839,0.9322175597517625,1.0396669232474365,0.9321555512055618,1.3711901036225311,2.523646999465319,2.315824925176185,2.6211534821989537,1.7974453095667124,2.1037290845833376,1.851008527927964,4.178272381019364,3.8296323227093687,4.018874881906665,3.5852615959374083,3.790236014847851,4.836076133940301,0.42327052489905787,0.6248055331231928,0.4319871794871795,0.5792530282637954,0.6434813869278662,0.7863461538461538,0.10769179004037685,0.13955844426498554,0.08865384615384615,0.16160834454912518,0.12308255398963189,0.26019230769230767,0.05306191117092866,0.09763722093417042,0.07173076923076924,10.460766634421265,10.122992484434835,10.214101938100962,9.599798641487213,8.394922923125016,12.449359600360577,92931,1771,0,1367,0,0,0,0,0,1,66.35
2021-02-10,1.428123833557965,1.3973086185656785,1.3635621226405992,1.6465879428108368,2.126654309559763,2.2900917179367273,1.6116391359454376,1.29610575313507,1.8702188180850658,3.34807779696295,2.3169672012385853,3.748335648541692,0.8635969011655852,0.9151857367084958,0.8973620525430477,1.0754096216565432,0.9359224582930771,1.1030665951428023,2.6576180949982358,2.3139761632075464,2.8462503200685187,1.9597601800190878,2.0929468064492363,1.9071728744344185,4.23216005180576,3.850121038243548,4.464258085552631,3.623012012023263,3.7463558537699413,4.35643142879577,0.4221032649962035,0.6401242688012538,0.4568493150684932,0.670220197418375,0.6542895127207591,0.6202054794520547,0.1244874715261959,0.14630944051050968,0.16883561643835615,0.20763097949886103,0.12318760670603711,0.11821917808219179,0.07656036446469248,0.0950720703070335,0.08095890410958904,10.631586791714122,10.134857188838199,10.332191780821917,10.059757171839408,8.236777197794508,11.48972602739726,80726,1668,0,1367,1,0,0,0,0,1,66.35
2021-02-11,1.4510428958986725,1.3875694426386764,1.2513069328869897,1.5613983751875913,2.1826661171299517,2.2629099106858117,1.597025827298112,1.3389710058538895,1.858666790339242,3.2686822678282423,2.3717426591697337,3.4687418697836616,0.9510208018756342,0.9248880395885796,0.892167565918145,1.0450846796704167,0.9591697423735644,1.2307294353393257,2.5243601182939126,2.29677404258148,2.7417954136321936,1.8950279633485814,2.090734354053063,1.902318845380916,4.282544128408464,3.843220147803057,4.02378660043642,3.498025658068405,3.81956852103395,4.4807301888238955,0.4424058162590879,0.6223615699009014,0.3586986301369863,0.5394382022471911,0.6449479312468507,0.9204109589041095,0.10233972240581626,0.14713145960472537,0.349041095890411,0.1329477858559154,0.12130815743799339,0.2150684931506849,0.045988103106411105,0.09236688875202956,0.08787671232876712,10.55082643134501,10.114679854151504,9.189040928670805,9.421810455221415,8.457656521191423,11.963013531410532,91417,2470,0,1367,1,0,0,0,0,1,66.35
2021-02-12,1.2683940610255857,1.3974065517742238,1.4277454401364398,1.5848479418054002,2.1906578575398514,2.1993511664634537,1.5813430250155533,1.3429254916289715,1.8039530885035213,3.3900491356742313,2.3834896333189475,3.5852701847949637,0.8556638261211071,0.9362687539060536,0.9002508607670073,0.9555231924036929,0.9500643038151605,1.0958086975821444,2.4340355305329076,2.3206948037850004,3.061795616284984,1.8194105544165051,2.1185563588212815,1.9876925074562248,4.050656997645527,3.8155125115490067,4.567235373115869,3.601681953145176,3.819277304600512,4.415375184911481,0.4121257062146893,0.6262724584944279,0.5239130434782608,0.5405084745762712,0.6385166022287924,0.6516666666666667,0.11758474576271187,0.1369996588583125,0.08978260869565217,0.16980932203389829,0.12450250170570844,0.13528985507246377,0.037146892655367234,0.0932311803502388,0.07065217391304347,10.444350420418433,10.12504264271094,9.914492399796195,9.546751550361934,8.445630543552422,11.244927890058877,98339,2813,0,1367,1,0,0,0,0,1,66.35
2021-02-13,1.272180634615303,1.392470996664022,1.3140579270183466,1.543396351538577,2.227199081159057,2.4763852375983935,1.5735676716036775,1.3838029507339238,2.061545475620418,3.326617155740435,2.39869671795859,3.8777325653157515,0.7708518958882044,0.9346070033214856,0.9224603138627598,1.0309319427025874,1.0096980348610785,1.2003025445448945,2.486492951976834,2.364227561705798,3.016043564637536,1.760599968066103,2.0977763486857524,2.1393415610877797,4.124410427621621,3.8441423606877105,4.329378901124713,3.541214368496247,3.935934828617908,5.069115206777552,0.4052456418383518,0.6097948845448612,0.2735897435897436,0.6327258320126783,0.6729468253721602,0.8325641025641025,0.10596671949286846,0.14161419647574355,0.1593162393162393,0.1853407290015848,0.12836684588370575,0.22923076923076924,0.0771473851030111,0.09222425956428505,0.10794871794871795,10.482804916551109,10.125620590794666,9.287179278512287,9.798177341273771,8.782776711626317,11.847008338341347,99548,3252,0,1367,1,0,0,0,0,1,66.35
2021-02-14,1.404120470089768,1.3727586727131007,1.3086778406172421,1.6273781156224136,2.203234874156174,2.4193227378783178,1.631669814103629,1.3530309101135638,1.9951982441131686,3.476091238775575,2.414511677024161,3.7209111719394725,0.813702868956147,0.9257919980016248,0.8636152420160774,1.0646231737965555,0.9820391162239678,1.0940413697011506,2.6016204026347474,2.29317387069693,2.6380700860587885,1.8647583942200765,2.0571970144263894,1.9077023794717192,4.19614931074458,3.7829865458912746,4.483261020875216,3.7848872855382414,3.896964602223895,4.690390645637459,0.37837228041901694,0.6062370109775562,0.4888617886178862,0.5601369863013699,0.6555816150363204,0.7238211382113822,0.09647058823529411,0.13426593700120526,0.15276422764227643,0.1608058017727639,0.12936512589986646,0.21658536585365853,0.05946011281224818,0.0908088211342389,0.11715447154471545,10.65463367495971,10.019775684875729,9.947967281186484,10.073650596796938,8.583054415453272,11.807317470147357,97431,5061,0,1367,1,0,0,0,0,1,66.35
2021-02-15,1.2682053558202595,1.3888743223202922,1.484391398576958,1.4491857008430589,2.138192780630601,2.378866521605239,1.5324593482769302,1.3014939246897408,2.061188069908982,3.3623251788418393,2.326480496628022,3.7888685023823534,0.7886163439428919,0.9139024856113809,0.881406271372227,1.023032869795644,0.9364810425492458,1.2679065292225455,2.3742241354421014,2.3104129908317517,2.8920608269199195,1.769135132366331,2.0869781979883633,2.0883696855505463,3.9076929253136474,3.842239845755547,4.716020937051661,3.58653490126622,3.7467997043729198,4.632478477966489,0.3933064921992954,0.6241807614244419,0.4330215827338129,0.5312632108706592,0.6519278553416569,0.7510791366906475,0.0942174131857071,0.13565963466387848,0.1927338129496403,0.16931555108203322,0.12846792545667016,0.15366906474820144,0.060030196275792654,0.09526938926133217,0.06553956834532373,10.168545742639658,10.110385017528753,10.373381470604766,9.558479727604428,8.296691447813519,11.719424460431656,85221,3316,0,1367,1,0,0,0,0,1,66.35
2021-02-16,1.0881039383677105,1.3943516586516378,1.2597380506448368,1.4314100476805414,2.151666391868517,2.201206397429378,1.5253165574860608,1.2887608962535964,1.833525325808176,3.442634157031027,2.3249716697683236,3.7025597963631682,0.8159992018034755,0.9289286792118883,0.8859901312656223,1.0010354263147203,0.9186242629824738,1.2632623587668932,2.2843653519379297,2.30319303689386,2.5713216761864777,1.7000614304114707,2.098433635674135,1.9550025032739735,3.5612517242995385,3.8502434369378222,4.233593851821426,3.5756966774250007,3.7632638733814496,4.708236576925423,0.3797240990990991,0.6352636949360077,0.51475,0.5420833333333334,0.6401428529780473,0.529125,0.0899436936936937,0.14137168012594384,0.1529375,0.1503547297297297,0.12842803416810006,0.10162500000000001,0.04850788288288289,0.09144543890848664,0.05425,10.01365427927928,10.11370477537098,10.11312484741211,9.22007297825169,8.300306477945249,10.920625305175781,67413,1572,0,1367,1,0,0,0,0,1,66.35
2021-02-17,1.1221106171239748,1.3771310498979958,1.2851372608849343,1.4956131280634932,2.1747560823439573,2.428430124928622,1.6150944127187679,1.2919538698880102,2.0210688714461233,3.543102466052255,2.323477975527165,3.7180359837932273,0.8651097173730316,0.902662531289293,0.9479222559603622,1.1182036390721433,0.9350273938731949,1.378036355395846,2.3382124243713744,2.303566360817794,2.690578574560291,1.8348177515774458,2.087521910430171,2.064064277680612,3.6006910998243393,3.846611007597144,4.304891847046985,3.728214553520916,3.7872916570965947,4.805484656800732,0.39856773890584646,0.6217768342687644,0.40396624472573844,0.5537919699459967,0.6416186349492541,0.719324894514768,0.08082413712139,0.14041410998342396,0.22021097046413501,0.16374735853486735,0.11526187221915259,0.1439662447257384,0.059410659779290914,0.0885863843894495,0.09042194092827004,10.04970632043907,10.134969247099194,9.908860347441983,9.691124677154262,8.314159420711315,12.670886075949367,58066,1387,0,1367,1,0,0,0,0,1,66.35
2021-02-18,1.1285133888809296,1.4141827717456208,1.473390609633676,1.488212096764878,2.2371449083294688,2.518736809629684,1.5962504825106831,1.3507185502927186,2.116183932974924,3.495785670948424,2.4109492598644566,3.8855429802149297,0.8498187259671195,0.9405520698556914,1.0368047873581872,1.0602888997044002,0.9769018711597879,1.3751948443955833,2.3380152493615443,2.3198540042854887,2.5249468007307896,1.855621001634213,2.142964529557974,1.9263359626645726,3.6420855456451515,3.8457523571549896,4.25090114394461,3.687064991772999,3.8789032907218477,5.073914616168455,0.4001049233252623,0.6392228278109409,0.43608040201005027,0.5506914178100619,0.6835279868500735,0.6745226130653266,0.08483992467043315,0.15356893618248407,0.15472361809045226,0.15752219531880549,0.12636502580961445,0.188643216080402,0.052706483723432875,0.1100738241485711,0.08195979899497487,9.96577906409739,10.109441236266113,9.5442213508951,9.790825934893732,8.490489012890388,13.319598480684673,56871,1407,0,1367,1,0,0,0,0,1,66.35
2021-02-19,1.2348926111556104,1.3752052951638005,1.360142171329002,1.4442884437482055,2.169238812965285,2.3726199684791287,1.6125953484867506,1.3194281561027206,1.965948912637289,3.48928670921402,2.338719630813142,3.7391674851685526,0.8584594591623932,0.9104802511205881,0.9724679027656842,1.0252483758483242,0.9550104345949676,1.247486692863411,2.4596547776312163,2.2920648253338274,2.717455208255949,1.8086027781291685,2.0752128258803584,2.091615135058952,3.7652061148488256,3.8448914744870075,4.305482228215356,3.6308713969043187,3.8108669148850627,4.542176483698716,0.3672617199627445,0.620342365924031,0.40790393013100434,0.5128686743247438,0.6478196852970046,0.652532751091703,0.08722756907792611,0.13743805586126895,0.19074235807860263,0.14201800683017696,0.12880335524554568,0.16004366812227078,0.04041601986960571,0.09224277938070734,0.048340611353711795,10.04448953158957,10.0582055534073,9.546288636053493,9.816454153407326,8.426532429578511,11.794322717658297,63770,2181,0,1367,1,0,0,0,0,1,66.35
2021-02-20,1.2765383524431246,1.4091662566704353,1.2782135017541416,1.5131054148780205,2.191811765774874,2.661364927421424,1.6071866538291748,1.2997332190486253,2.193385015584953,3.590318713222915,2.4009571683046027,4.500950364705878,0.8686181333973267,0.9053695009423453,0.9239593367917132,1.0271981838149167,0.945906882215068,1.277609555325472,2.488663952461862,2.302143266858466,2.5994814792088268,1.8869700237466722,2.087470584277698,1.6836334127127786,3.9465640988212622,3.8685283018774945,4.055761449904445,3.610528283664332,3.8241329485419837,4.959762375826056,0.40389934354485774,0.6308395179410362,0.3709580838323353,0.5103238512035011,0.6466606522775243,0.8612574850299402,0.08307221006564551,0.14105501463879622,0.15706586826347305,0.15514660831509847,0.12216245659426704,0.1465269461077844,0.05069584245076587,0.09058589228569483,0.14089820359281438,9.89711176832604,10.161415069449173,9.674850007017216,9.848928131838074,8.325733429223122,12.811976632672156,68568,2247,0,1367,0,0,0,0,0,1,66.35
2021-02-21,1.318382947613788,1.3896525989567496,1.1725531738589903,1.59487382346946,2.1680345102803917,2.169240107847351,1.679109400734537,1.3365465076465488,1.8675414328178686,3.5128103754249125,2.3745285760093506,3.6668385491169424,0.860434124374928,0.9135491781518865,0.8428514605805968,1.1431013132703576,0.9739315607054027,1.1858367484892138,2.4771138824191943,2.2738339924683033,2.624185065511539,1.8569689489979802,2.083220666966667,1.8319235903937874,3.919632968946582,3.8569990481075016,4.065035993382273,3.66894341299699,3.804232152548354,4.41481321464166,0.3658554488989271,0.6306419076881972,0.42928571428571427,0.5734048560135516,0.6499295304254893,0.7174675324675325,0.10542631281761718,0.13599291964464633,0.21746753246753248,0.1810163749294184,0.13027319484336383,0.16681818181818184,0.0686335403726708,0.0920803553536838,0.09084415584415585,9.938000688170526,10.116452224300314,9.372078239143669,9.739017945369847,8.459013989546456,11.51558457411729,73576,2322,0,1367,0,0,0,0,0,1,66.35
2021-02-22,1.262061960421752,1.3572799915450695,1.3611421597081876,1.5064221330622738,2.173669418459893,2.3142652895540117,1.5901953354203042,1.2993163163416808,1.9762944094137125,3.3944613835468087,2.359560529545808,3.771538517248888,0.8697650485476842,0.9286111316754249,0.9334298698562091,1.0589487173713397,0.9510643158023583,1.3340205080834309,2.51356630951199,2.2758154863453366,2.564903373522617,1.822729847573032,2.1084419951138957,2.023322301671982,4.02148693481264,3.7963933206232254,4.374806347094222,3.5953862322821135,3.7943192907605914,4.826137266409456,0.3688635184224183,0.6114146241351003,0.36933333333333335,0.5850908147379347,0.6513765099096985,0.6187272727272728,0.11909704203425013,0.14573267268675968,0.12303030303030303,0.16117799688635187,0.11872815761698136,0.16545454545454547,0.06275557861961599,0.0939113990852586,0.10303030303030303,10.06102730118059,10.036824205464994,9.360000147964016,9.73035827224961,8.349847359856925,11.670302882339016,65510,1839,0,1367,0,0,0,0,0,1,66.35
2021-02-23,1.2616051243339295,1.3994262223179668,1.3843336772087853,1.5532825496199762,2.1600421824088745,2.155759017209541,1.607069087232261,1.2701307390757106,1.7502432375072379,3.4671847110633065,2.3482151061615752,3.442123523387308,0.8561630448633615,0.918258283995468,0.9228840474089062,1.0418550075280448,0.9308828149313053,1.0066410061266657,2.473815425199959,2.3043095621164955,2.7499186027487053,1.7374854708963752,2.141419947868526,1.9991207037434908,3.931912615045054,3.83128616281944,4.25364323499236,3.565390228145776,3.79849844455082,4.359420714802924,0.36419886899151743,0.6302769213829553,0.422046783625731,0.5750942507068803,0.6477045254349263,0.8570175438596492,0.11567860508953817,0.15503798722748294,0.3832748538011696,0.1760933081998115,0.11787822065624311,0.19526315789473683,0.05759660697455231,0.09222197753798722,0.07789473684210527,10.157445621760132,10.03970766351024,10.232748823556287,9.62794533459001,8.204208874697203,11.267836542854532,56628,1525,0,1367,0,0,0,0,0,1,66.35
2021-02-24,1.3435445406727704,1.367490588258842,1.3912377161509935,1.6332318793228557,2.0907801205935335,2.324785368201111,1.6124920851545548,1.2733024208160428,1.8234091248469926,3.5950935022737167,2.299646700362271,3.7719861312958827,0.7839822920256408,0.9081919826685071,0.792577546383443,1.1172478076541703,0.9069868947190468,1.1400757815961224,2.5795980684121598,2.298176426212908,2.701868555779713,1.8008170229306717,2.1063095539790218,1.849069064224492,4.162828466839316,3.851754949645489,4.440121180692009,3.6389960737979465,3.7220662998245593,4.485204653562041,0.4054170957775489,0.6112577736781029,0.5211515151515151,0.6664057672502575,0.6232689618234296,0.6704242424242425,0.15352729145211122,0.13441396137709405,0.12533333333333332,0.17949536560247167,0.11986520665337579,0.17775757575757575,0.06267250257466529,0.09125628589281995,0.06345454545454546,10.524510612448507,9.97291672865772,9.967272579308712,10.137642008882596,8.274538228642843,10.805454693418561,55821,1487,0,1367,0,0,0,0,0,1,66.35
2021-02-25,1.3391340010367638,1.3936883076711895,1.1200812324698477,1.686756712544806,2.11814055571746,2.1755090157781014,1.6683466511345886,1.2879446708930566,1.7750783651539288,3.6433995644058523,2.300276724058637,3.9451160834335326,0.8666616798705081,0.9125339369767752,1.011208896448154,1.1478796826636148,0.9124834918444169,1.2657901899943709,2.544783766301323,2.3279472576526663,2.423208630324887,1.8035875471592684,2.0958806187276613,1.7898006519944487,4.125978376678321,3.8664339271712223,3.7399281595526075,3.6523199529149664,3.73448277895855,4.621997903961143,0.40558823529411764,0.6361739104243849,0.36328571428571427,0.6248390677025527,0.6483714345953435,0.6396428571428571,0.12552719200887902,0.1401957772356254,0.191,0.16431187569367367,0.12087166049215385,0.16664285714285712,0.06879023307436183,0.09659166892563475,0.06921428571428573,10.372364039955604,10.208195912773713,10.005714634486607,9.765648845033297,8.25939918978344,11.193571254185267,70162,1718,0,1367,0,0,0,0,0,1,66.35
2021-02-26,1.4455832361697092,1.3825447850006776,1.1398751820053028,1.5880078455247795,2.108384607744577,2.327156164794259,1.5391253394094315,1.3011333943049763,1.9006488350063901,3.4299243672830135,2.2972149909567143,3.847068249128808,0.8654883904422588,0.9293976278658274,0.9297652171370522,1.0861367913163653,0.9138863133265012,1.310108156507792,2.6129227027778352,2.296590116869369,2.8080435131198396,1.870461636945529,2.108929086356731,1.7108236314249465,4.260153663723071,3.89503027736502,4.160884192889675,3.5726434500356703,3.748213407074488,4.833843939686997,0.4993045429052159,0.6279101257114267,0.3297241379310345,0.5505664610207516,0.6349215085371193,0.8397241379310345,0.11471676948962423,0.13776690224529364,0.17510344827586208,0.16752664049355018,0.12600131340296453,0.35758620689655174,0.06595625350532809,0.09396460066295578,0.07041379310344828,10.61749859786876,10.137588732878854,10.486896383351294,9.544531907249018,8.189348927387579,12.311724643049569,72358,1975,0,1367,0,0,0,0,0,1,66.35
2021-02-27,1.3894344933647564,1.3863785348656184,1.249514233962483,1.5803096150771165,2.167321778919683,2.361272107670911,1.5931033652640365,1.327532339715728,1.8061922026421076,3.4600741070224688,2.3254473724396236,4.113184358828035,0.8641850158288177,0.9265513184897612,0.986574546912169,1.1070113569827233,0.9505814486576804,1.220267775213854,2.4862319810799094,2.3040113233975115,2.6144436769497426,1.8486054102533704,2.0766607020540815,1.6540364893633643,4.129489180240431,3.85868757982053,4.234627261262784,3.6478295288944715,3.7834645306113974,4.576612094441237,0.39509967845659166,0.6133260086455331,0.40656,0.5908810289389068,0.6531563400576369,0.79216,0.11191639871382637,0.13897730547550433,0.162,0.192508038585209,0.12481412103746398,0.16808,0.056726688102893885,0.09190670028818443,0.038880000000000005,10.453183405345658,10.1585734870317,9.5552001953125,9.676656074155948,8.393591273414986,12.2496005859375,71998,2850,0,1367,0,0,0,0,0,1,67.6
2021-02-28,1.3524534566361823,1.404454553026833,1.2781010904189334,1.7693139847615393,2.144734752114472,2.690277183123658,1.6484693055606559,1.3176831066343389,2.113133951194818,3.544460165479222,2.321817850286581,4.0698060238569465,0.8144622130474805,0.9272634332391542,0.929535237274644,1.080892136117607,0.9578064790298833,1.326507849853802,2.400218170130167,2.3262265648919263,2.368137145502014,1.7908572037722157,2.0860981798475464,1.9185420234499093,4.0973464819445535,3.9095752166849476,4.0042857584591305,3.7789375148702193,3.778065203155537,5.04796069999692,0.41750714285714285,0.6335890996708182,0.396038961038961,0.6161357142857142,0.6454790104184343,0.6458441558441559,0.10815000000000002,0.14068856687141548,0.18103896103896103,0.17279285714285714,0.1216106152645332,0.13831168831168833,0.06389285714285714,0.0904286150609156,0.03461038961038961,9.9994287109375,10.252000118776937,9.614934747869318,10.351000279017857,8.40483263056979,11.96688327541599,73274,1966,0,1367,0,0,0,0,0,1,67.6
2021-03-01,1.4466116766896422,1.3841515650961045,1.176039079766001,1.698068518825178,2.095727727692764,2.005441028514036,1.6830509162319405,1.267063618980625,1.710175461586786,3.5158676173202177,2.2785798799176993,3.260459919867073,0.8466950427493067,0.9145307709260914,0.6432184909335696,1.2184325500547724,0.917668419101049,1.2047283916913678,2.610322455264493,2.3028908085395927,2.2985373538044716,1.8403756075547972,2.0964480590971326,1.7770489403379564,4.226552312249085,3.9082101423917774,3.9515285180101642,3.7907685419029913,3.721127781528288,4.080088271802506,0.4204635761589404,0.613151395631068,0.4048175182481752,0.6666225165562915,0.6221526092233011,0.765109489051095,0.1297792494481236,0.13698574029126215,0.11649635036496352,0.20239514348785873,0.11521875000000001,0.23007299270072992,0.06673289183222958,0.0856498786407767,0.17452554744525547,10.12919404490894,10.088859602548544,10.244525547445255,10.367383674806844,8.126492339199029,11.635036496350365,68298,1634,0,1440,0,0,0,0,0,1,67.6
2021-03-02,1.412205102550485,1.374685086070793,1.5621796029978212,1.6935139040991816,2.129627279509997,2.257858084914855,1.636012532637979,1.3076968653943528,1.9048437559591576,3.5939128190190046,2.3172287309390276,3.838537458478609,0.7946361146576854,0.9238783071252117,0.7857110778453986,1.1653715642857638,0.9411779118070144,1.1874902790593684,2.5657839897155577,2.31955481304443,2.6769551082273124,1.8902865116944354,2.0799586784726345,2.2022976104752527,4.182981296071993,3.912474263041915,4.3703299063895615,3.7450911012926347,3.7669714066857245,4.5755180308025905,0.40444380733944957,0.6083511246664125,0.36865384615384617,0.6088188073394495,0.6263212787974511,0.7727564102564103,0.12040711009174312,0.13626627090027776,0.19525641025641027,0.15414564220183485,0.1162368607374326,0.15692307692307692,0.06350344036697247,0.0875513316268177,0.07602564102564102,10.105103658973624,10.08248461412777,9.407692151191908,10.114621783615252,8.340297539622025,11.437179174178686,52570,1026,0,1440,0,0,0,0,0,1,67.6
2021-03-03,1.3901950131368204,1.3175673458990012,1.1574272511680035,1.6912023618315284,2.148556617262602,2.2938292005299545,1.6761706881817569,1.334265876358742,1.9189215087845748,3.5223938881240136,2.3578159356082176,3.893490249668996,0.8855034344935739,0.9132559607659544,0.8343678821084104,1.0833929798874251,0.9615523571292071,1.2846499308504098,2.515576080420551,2.3208199788540154,2.4610491826156258,1.8977090066534632,2.0389810306952336,1.8856465847170598,4.252673123806655,3.8348739904925355,4.022042648494528,3.5938799097072267,3.8447312140645584,4.8330489188494745,0.4710396634615384,0.5745099559735841,0.4334810126582278,0.5537680288461538,0.6374116970182109,0.8308860759493671,0.11721754807692307,0.14148038823293976,0.2087341772151899,0.15874999999999997,0.12401741044626774,0.20202531645569619,0.057950721153846155,0.08729787872723634,0.056835443037974685,10.454326923076923,9.830420127076247,10.027848255785205,9.73046875,8.57594322218331,13.074050323872626,51114,1323,0,1440,0,0,0,0,0,1,67.6
2021-03-04,1.3730832801103048,1.3647295477940953,1.2613316550861882,1.6450751662766077,2.17223046465518,2.2378632702427175,1.651317726422893,1.3340075422645448,2.285051392218316,3.4720378888111694,2.346440163427886,3.7849351267693057,0.7946992075653186,0.9238918962073377,0.8681910730244536,1.0406782734877214,0.9699623968803636,1.0971627111099431,2.5481064414658032,2.3284467775424416,2.6917116307923825,1.8608068520604824,2.067930083764498,1.6846212984315176,4.209494292604259,3.8549449608219852,4.199474624957777,3.671599222811223,3.858804762856344,4.754583059134832,0.41531645569620257,0.5948662486652246,0.305,0.6407215189873418,0.6427010377022698,0.6583928571428571,0.13427215189873418,0.14897078553240423,0.18678571428571428,0.16922784810126582,0.12732688990499136,0.16333333333333333,0.0806012658227848,0.08790269145469977,0.06714285714285714,10.115379623219937,10.050579429400651,9.698809669131325,9.941202284414556,8.474415950223147,11.997618902297248,53761,1128,0,1440,0,0,0,0,0,1,65.52
2021-03-05,1.3936690160578211,1.3683962586925067,1.2569426872008351,1.686291065803745,2.130771021287565,2.300412134969392,1.7596600294082847,1.334257201761052,1.908681461324334,3.5007454437139405,2.31177446136369,3.974742033952483,0.8995044848922741,0.9430693078057971,0.8041224093903936,1.1400708377335436,0.9432590643674624,1.113039381554081,2.5263655028357674,2.301950949738647,2.5193401715796377,1.9244946520951636,2.084662293509389,1.7804519776604288,4.176172760848924,3.8921947447304617,4.16861587462491,3.706684836558024,3.785139446264943,4.61954444280831,0.4159827833572453,0.610194607801358,0.41835820895522385,0.6172955523672884,0.6339413051507145,0.5990298507462686,0.1449426111908178,0.14064888207051335,0.18305970149253734,0.17553084648493544,0.11940083525100145,0.14246268656716418,0.06837876614060258,0.08474672575925453,0.0653731343283582,10.224533715925395,10.115415210659394,10.527611575909514,9.964419218525824,8.355668840023863,10.996268656716419,66043,1896,0,1440,0,0,0,0,0,1,65.52
2021-03-06,1.3968323810759247,1.409740037811123,1.3846903716002907,1.7590617680869634,2.1439921410098464,2.535487339875592,1.6593065263877391,1.3437540157380496,2.1651775965656075,3.58570133532259,2.329945347886636,4.179436336494243,0.8081156299002454,0.9389275777562468,0.9720513952669482,1.1010539861607083,0.9613928182971848,1.5894630823361051,2.48910344277306,2.344477253648006,2.4256299242522377,1.8247286835716159,2.0998186738868725,1.8892945782021582,4.105954110105317,3.938522560701798,4.2519438802876355,3.6698530143390746,3.8505689607853775,5.384391010123015,0.38764897959183675,0.6132167292375706,0.2821259842519685,0.6378612244897959,0.6451457843584435,0.831496062992126,0.13522448979591836,0.13827725342970423,0.2937795275590551,0.17922448979591837,0.12811059261078558,0.12307086614173228,0.06585306122448979,0.0888831970808042,0.06874015748031496,10.134530452806123,10.151053910389109,10.140157864788385,10.039183673469388,8.420346544858075,12.749605914739174,64859,1515,0,1440,0,0,0,0,0,1,65.52
2021-03-07,1.4307656690328658,1.3841367655404264,1.1031572530924645,1.661153530991543,2.155997440412556,2.2407730051313997,1.6903059058683811,1.3445358024220193,2.0086068598225544,3.465167481488913,2.3531382596266246,4.00882613990492,0.837353117346923,0.920231999112673,0.7253497055273579,1.0738859221359678,0.9676817290857921,1.158206891103304,2.5582391482203084,2.30405984040489,2.491919718549831,1.8526123343479726,2.0640989927751967,1.7417328906567868,4.298678783331332,3.9066803860037393,3.922067748779348,3.5944447795354884,3.8497969167495634,4.934645179354667,0.39746856663872593,0.596295809311891,0.39440677966101695,0.567745180217938,0.6536145106368633,0.5804237288135593,0.12378038558256495,0.13927581672903813,0.1147457627118644,0.16723386420787928,0.12666026094872054,0.15228813559322033,0.06237217099748533,0.08452513401436229,0.06245762711864407,10.280049965947192,10.176592368767068,9.97796630859375,9.617183407114418,8.492532281447017,12.013559115135063,64094,1924,0,1440,0,0,0,0,0,1,65.52
2021-03-08,1.3550191244706078,1.4002968077745428,1.4832794392809396,1.5654867556613918,2.1381685524181866,2.3960856076290002,1.5883948331970443,1.3075962753140316,2.0559307637106237,3.4315716220881494,2.3530733123058725,3.7171209000312193,0.7947291093148823,0.9277427867775717,1.0989343683671573,1.0464525520804384,0.9430493945630323,1.3260747363034757,2.4211789635055605,2.3280867886582137,2.7250619823089743,1.7766411225467753,2.1013772751570454,2.0056489371100734,4.096277531455219,3.9197348649336883,4.159824093182112,3.5540349723311926,3.8062943236886957,4.8384846241380055,0.41815083393763597,0.6103335238037952,0.47333333333333333,0.5827846265409717,0.6201446573035397,0.7500793650793651,0.12736040609137056,0.1377302938257496,0.2638095238095238,0.14796954314720814,0.11992992691949114,0.10880952380952381,0.061007976794778825,0.08382244143033292,0.12293650793650794,10.417621748096447,10.120278337493609,10.503968253968255,9.87643262214467,8.238880033683197,11.158730158730158,57710,1277,0,1440,0,0,0,0,0,1,65.52
2021-03-09,1.3546166477294932,1.3638323390873714,1.2954963365829333,1.5939988933179734,2.118912773632826,2.3688246081300828,1.6611544694597322,1.284621795144522,1.8374824791207385,3.6680853355461407,2.300205486421225,4.243837844383698,0.8188739461986624,0.9138999010897679,0.9357196446969296,1.054709025296553,0.9413410476709824,1.0145666361111325,2.517589910726061,2.3026544986979163,2.37485447745245,1.8250469213894422,2.0876421940442866,1.9527831397412725,4.155745346780497,3.8916780428695343,4.19378826606273,3.5118274315277147,3.7339354606713653,4.511564412060929,0.4026814609338881,0.6123364162577073,0.33836538461538457,0.5994036061026352,0.6318849880458035,0.5410096153846153,0.0984697179842811,0.14682741915188122,0.12927884615384616,0.19872399445214978,0.11896029948408203,0.12187499999999998,0.050610263522884884,0.08694412986032465,0.05091346153846154,9.852611751618124,9.966779916949793,8.758172842172476,10.223300970873787,8.137451141153894,11.1625002347506,43758,895,0,1440,0,0,0,0,0,1,65.52
2021-03-10,1.2491580335944823,1.3860055542314542,1.1672564678931616,1.6677943874966417,2.122983531629399,2.0948858380362765,1.6480638761137625,1.297545145482436,1.7974304366004548,3.53211266023134,2.30268820118409,3.554530726180784,0.7223850046569614,0.9189952110322618,0.8501789090314162,1.113683852344636,0.9322840490519572,1.1504422171203461,2.45224040434503,2.314355865998442,2.448422603009128,1.7144571781574756,2.0923350847382367,1.8078019912559553,4.0544037960758565,3.896537660354111,4.0375295990617746,3.6579825635630674,3.758119613427097,4.55156232799829,0.31774153074027606,0.6159767157247309,0.3281428571428571,0.5934316185696361,0.6284419619041642,0.6722857142857143,0.11869510664993725,0.14125992405937177,0.11078571428571428,0.16993099121706398,0.11955941883453101,0.20942857142857144,0.052233375156838145,0.09084319201681991,0.0872142857142857,10.17452960810069,10.120067389462454,9.670714460100447,10.034065122137704,8.079546435183733,11.119285365513393,42703,802,0,1440,0,0,0,0,0,1,64.48
2021-03-11,1.3608954183562931,1.4057823113550254,1.3917950543707909,1.6893905681973689,2.1362793803639755,2.2658273298060676,1.7085467731997115,1.3050816019465554,1.7278580249824171,3.427739860913763,2.286938736968728,3.396197895273915,0.7995104415023313,0.9396517727020295,0.9182942236451995,1.1087620750253144,0.929662568863851,1.130025223852479,2.5338844702650065,2.3348871944162095,2.4598848049684476,1.8649516050741597,2.1086348970325104,2.0668318549876634,4.243998934100391,3.9540031105828635,4.468447940217525,3.6443457025867554,3.7315376227791863,4.46633485973171,0.45462006079027356,0.6135425981689326,0.4818487394957984,0.6713601823708206,0.6336469264227271,0.6667226890756303,0.12165653495440729,0.14235514189250845,0.1977310924369748,0.16200607902735564,0.11860936216808103,0.17100840336134454,0.08373100303951368,0.08928916871977371,0.0811764705882353,10.604331158577128,10.12303434011619,11.15714244682248,9.8338144412519,8.180019466496335,10.679832137933298,54088,1201,0,1440,0,0,0,0,0,1,64.48
2021-03-12,1.3431539657789584,1.3837197260729217,1.2982547982989354,1.5730167564219562,2.17837925413924,2.0062167818660543,1.572580686329209,1.324906145348019,1.762409377502102,3.3749834169721584,2.338062177879486,3.6640471567533144,0.8202251910904385,0.941593208733137,0.8873621369019108,1.0067328177506385,0.9702298419373533,0.9269098542769706,2.4964638521841684,2.3392398673152632,2.83869173046351,1.8714668337392721,2.0973656254444615,1.989846535251871,4.23499490170936,3.9123969804236123,4.362890595749864,3.54908883047609,3.832392179628456,4.3645708655932465,0.4298957609451008,0.6193308655231852,0.37924137931034485,0.6521820708825573,0.6571248127949363,0.6944827586206896,0.14033356497567756,0.15010596513040778,0.2116551724137931,0.16933981931897152,0.11357596993416033,0.1436551724137931,0.06674774148714385,0.08891632993303003,0.03351724137931035,10.694718690279709,10.152264828053916,9.815862405711206,9.902154409529187,8.319030984204131,10.33172396955819,61755,1576,0,1440,0,0,0,0,0,1,64.48
2021-03-13,1.3856136431004313,1.358600562289326,1.42989970280545,1.6051760525618928,2.1943631807099875,2.173619452295172,1.7488828524284674,1.3425027258285263,1.6708938635836834,3.518363435037655,2.3913653785838735,3.2910938908179497,0.8482460628224543,0.9186792437153438,0.9548389399811686,1.0282481559156373,0.9795944929142398,1.1450954636316133,2.556527533533075,2.3164178318056377,2.59363909328637,1.8100927510136557,2.0518967921848756,2.003344200917537,4.189070611093538,3.9073114216988585,4.18060349824217,3.8140328482157355,3.847368452476659,4.379721866780095,0.4085996409335727,0.5957226588968695,0.4816923076923077,0.5907989228007181,0.6479899037810001,0.7384615384615385,0.130475763016158,0.14447723268735602,0.13415384615384615,0.17842908438061042,0.12238989022902833,0.21176923076923077,0.05483842010771992,0.08544687627049737,0.08692307692307691,10.687073959268401,10.003495985228351,11.160769418569712,10.124416166404847,8.490395039978317,11.156923264723558,59764,1317,0,1440,0,0,0,0,0,1,64.48
2021-03-14,1.4436009446126616,1.3475971857276645,1.563204414261156,1.6942430471054766,2.152379531541335,2.1204923860919407,1.6511096601433313,1.3354008209222892,1.973679094786473,3.5330271192791853,2.404075377117741,3.5885489457858317,0.8797931736336875,0.9195722330230304,0.8775823550795931,1.1055929953583465,0.9511019875734125,1.1758064746103596,2.6245560035566142,2.352855002559343,2.924882475892682,1.942401654609674,2.0567682943647188,2.062741217728606,4.320243475755244,3.896024955997574,4.487883299621475,3.84288564718439,3.8066624411615053,4.419198298847495,0.4425991189427313,0.5891231884057971,0.5403539823008849,0.6096916299559472,0.6480886818495515,0.6874336283185841,0.12561233480176212,0.13842201518288474,0.09982300884955751,0.1843964757709251,0.128444099378882,0.2238938053097345,0.04755947136563876,0.09008557625948932,0.12460176991150443,10.434537617015419,9.991818711180125,11.032742930724558,10.156123520099118,8.539334239130435,10.93008827952157,64222,1491,0,1440,0,0,0,0,0,1,64.48
2021-03-15,1.384108942148128,1.3497720063492162,1.2938446169311768,1.6382313801080806,2.1399898910735047,2.0411598067916485,1.7056012710938901,1.3007354799895463,1.8454178318368482,3.417257973080289,2.3698959113384914,3.6062254614185125,0.8065371018148855,0.9140018092454124,0.9244644398288546,1.0987195797724443,0.9373376352775811,1.3469246538694577,2.4559131643511916,2.3350898287889175,2.6447411849481415,1.801512644653771,2.08068929721017,2.05693274426129,4.265405692897461,3.901555843150024,4.141376451630187,3.701731749997278,3.753727953684002,4.39774791954376,0.4336710526315789,0.600196528920488,0.4741592920353982,0.6277565789473684,0.6357769567512187,0.6451327433628319,0.11259868421052632,0.14392809463193518,0.19362831858407079,0.1864473684210526,0.11640938868018255,0.11477876106194691,0.1020921052631579,0.0890682728429942,0.09,10.497171181126644,10.000382268931045,10.601769911504425,10.167368678042763,8.377906796237077,11.845132743362832,52274,958,0,1440,0,0,0,0,0,1,64.48
2021-03-16,1.4435798604894552,1.3392153920346779,1.370135266747798,1.621398562814934,2.1784271537037836,2.562359895083581,1.6405842091841132,1.3309602681290411,1.7949611538877475,3.4133664327572726,2.3762779450266867,4.044623112637359,0.8744574889124889,0.9221895105504327,0.9096845288428552,1.0076534333146265,0.9452490185672735,1.110426577619899,2.6364976896649575,2.2874076028978054,2.804871238879241,1.8919731367081074,2.0825693755749835,2.039541393302275,4.279881487373026,3.881643970083297,4.405973854124434,3.556821178482008,3.806019047541738,4.572067713520349,0.43194426441996114,0.6012841302015024,0.4410236220472441,0.6022294232015554,0.6358438655061405,0.7963779527559055,0.10856124432922877,0.14574222010253962,0.3274803149606299,0.19351263771872973,0.11942291641826637,0.13440944881889763,0.06939079714841218,0.08905836413497079,0.05062992125984252,10.432858321856772,9.93346846309765,9.6779525636688,9.72203474360013,8.44221712173602,10.942519300565944,47230,651,0,1440,0,0,0,0,0,1,64.48
2021-03-17,1.339540083592306,1.3599638806857157,1.361761456989311,1.6895509242813205,2.1140330232438758,2.2620046850177764,1.6634478375632147,1.3149908284263672,1.8304754776860646,3.5582888691451924,2.312060739586852,3.448029217009411,0.7980933154961575,0.9124603519803016,0.8798685240248261,1.057553285609099,0.9194783855499242,1.1343659054848623,2.5293151519891643,2.2884729352146103,2.497276195973287,1.8177007383733306,2.088103879536149,1.7530948403533342,4.075850016388183,3.881675531707255,4.033546043042034,3.693988758097832,3.713616504406749,4.674036397567621,0.36823922282938676,0.6058017251927078,0.370495867768595,0.6324590163934425,0.6587431175822832,0.57,0.12131147540983607,0.14536339165545084,0.1990082644628099,0.18861566484517303,0.13962284350911539,0.09355371900826447,0.05656344869459624,0.08938486479872752,0.07454545454545454,10.375652227534912,9.960699483053958,9.917355371900827,10.033454529068003,8.286978656857947,11.283471477918388,43532,693,0,1440,0,0,0,0,0,1,64.48
2021-03-18,1.4144405153783308,1.320576153594,1.4011822058403476,1.6014338840110367,2.144395124809934,2.130266309909889,1.6617590229436716,1.3738331603613163,1.6231400317848172,3.4883866587252865,2.376199518243257,3.453796090338429,0.8031522065537954,0.9063631951787358,0.8605650127263014,1.0761704589760706,0.9696866851269206,1.0880838216330095,2.5434917532234,2.270122135889551,2.4371822460932475,1.8321041299511318,2.035054348192474,2.01099961881316,4.264315139066036,3.8350281868409,4.028488531194916,3.550204509333144,3.8002122837433068,4.333221606744271,0.3797127222982216,0.5913732309181081,0.3483157894736842,0.5865663474692202,0.6460442119269384,0.6464210526315789,0.10182626538987688,0.1433285956211443,0.1563157894736842,0.20049247606019152,0.139036530785049,0.1916842105263158,0.06465800273597812,0.08352062416838031,0.050105263157894736,10.588372226615936,9.888490194447805,9.660000128495065,9.774965800273598,8.567421676545301,10.68421052631579,51806,853,0,1440,0,0,0,0,0,1,64.48
2021-03-19,1.4205110472709368,1.3650748701744304,1.283850123926381,1.5582554129268158,2.150351162348601,2.2236945465986735,1.5472380681009157,1.3597918995071776,1.685387539109651,3.7004724303884937,2.3732959404140543,3.93724217439547,0.8653670261950289,0.9376046582722926,0.9592343921957778,0.9774109380055134,0.9587703464156442,0.9825697133985525,2.6120603334091124,2.290091984798792,2.6353934976568993,1.8758424007190537,2.0682695234421837,2.018364667429312,4.374981484132941,3.85568946634443,4.294356010220073,3.409393018877715,3.7891223289571956,4.188695065630398,0.4466944830783495,0.6214046419630992,0.47455621301775147,0.513291608715809,0.658618536947183,0.5688165680473373,0.11537320352341214,0.14500818988163303,0.1460355029585799,0.1375150672229949,0.13317705596934204,0.12005917159763313,0.054242002781641166,0.08742837716722811,0.06479289940828402,10.615994074524803,9.994946997558488,9.847929283006657,9.257625970676866,8.378088589795098,9.81360946745562,59588,1075,0,1440,0,0,0,0,0,1,64.48
2021-03-20,1.444441509499217,1.320707819099397,1.4985388909946498,1.5926200652985856,2.256120186205748,2.3575242342075895,1.6665786246786907,1.3349941476206384,2.0454344596042664,3.753566531343708,2.4479516961042056,3.9772893246352337,0.9101506249658851,0.9076041282142372,1.135745408359593,0.9711218018250307,1.0383999489226776,1.403233653445112,2.887398343686568,2.3287226095286413,3.0154548845931406,1.9677108747133742,2.0296205712820576,2.0832411961451682,4.493055339373137,3.7832799770681103,4.544769937250396,3.6063486718210567,4.01599260062359,4.559141442598713,0.40462264150943394,0.59602632186562,0.4458730158730158,0.5221052631578947,0.6861566118019593,0.7349206349206349,0.11189672293942404,0.14491242537190355,0.14015873015873015,0.1445382323733863,0.12873305406207738,0.2011904761904762,0.047358490566037734,0.07921496190256291,0.06571428571428571,10.748411510054618,9.968700522808986,10.701587495349703,9.533168213133068,8.571876958472144,11.46031746031746,63099,956,0,1440,0,0,0,0,0,1,64.48
2021-03-21,1.3162448922267673,1.3638615499070579,1.553561377229513,1.6575767276266393,2.1856752901682555,2.4134524326418845,1.6515955545905676,1.359188955436739,1.8580763134401466,3.5782289228810122,2.40987665507422,3.7122534960149585,0.8588392934163834,0.9362017153635434,0.9384529277584598,0.981336853465868,0.9818437133189621,1.1071591455418464,2.748679134298307,2.3062026063875307,2.9052124284544547,1.786446227856321,2.0410741034629454,2.078461320778557,4.233389849780767,3.854140839488128,4.5068003741496145,3.7386204162379273,3.8650449669704936,4.567053132181675,0.38813753581661886,0.605394641564084,0.5144881889763779,0.5398280802292263,0.6715606358401435,0.5662992125984252,0.09268767908309457,0.14462294403641254,0.14409448818897638,0.16744985673352436,0.13555739457260096,0.14503937007874018,0.04891690544412607,0.08705872211303059,0.059133858267716534,10.468022474928366,10.019247181131686,11.196063184362696,9.597248835959885,8.632022925933589,11.020472248708169,62022,1078,0,1440,0,0,0,0,0,1,64.48
2021-03-22,1.341841266796728,1.3244607822538972,1.2442674536687983,1.687707744306257,2.177992119111903,2.459378678592138,1.6613766546509436,1.3250877954547586,2.0991227926453004,3.640048205625628,2.391334785034064,4.113708084379389,0.7818885583598194,0.9202517906176068,0.9671402371000888,1.1579458366144333,0.9767377620232842,1.1294773188892364,2.619980469639072,2.2697551528914404,2.5753314178560602,1.798333386844383,2.0404163892668574,2.06272797433338,4.196745245158528,3.8335827954566115,4.367750003898294,3.7423088058591643,3.8271615550191096,5.303389224116636,0.37558232931726904,0.5838343952684362,0.36375,0.6386300758589916,0.64687476785051,0.6315625,0.10023650156180276,0.14722249207120205,0.15953125,0.20748772869254797,0.13157547358495958,0.18890625,0.059709950914770195,0.08608245949884283,0.06125,10.259303707887105,9.91605742306923,9.7734375,9.902633101851851,8.518757678790823,12.155468940734863,58456,718,0,1440,0,0,0,0,0,1,64.48
2021-03-23,1.4774957873161607,1.3480502828104632,1.2427140426540728,1.6744940857943371,2.1707688464517876,2.1137894023967045,1.676599647337837,1.3624958894543069,2.098939890370455,3.651538208246271,2.3938804366480317,3.6286613471798352,0.8764835365759187,0.93317039956612,0.7392654531138432,1.0561647824932374,0.9648852658452949,1.2575613631388367,2.700993222999788,2.2651567716838685,2.379025038531682,1.94479216709094,2.092269314636663,1.8478386427963447,4.320826699276832,3.844578229060036,3.954426689458785,3.701592690414365,3.8284135616662596,4.673441408889351,0.4236318131256952,0.5954841956915643,0.2875352112676057,0.5731646273637374,0.6569349132848227,0.5569014084507043,0.1146662958843159,0.14816675774396731,0.1504929577464789,0.18045050055617354,0.12880468233196238,0.1769718309859155,0.05916017797552836,0.08898645344991228,0.04415492957746479,10.417575517936596,9.821153541948288,9.29225352112676,9.863737486095662,8.474465400212834,12.764084507042254,45228,553,0,1440,0,0,0,0,0,1,61.35
2021-03-24,1.4219106769270953,1.3648451192609496,1.3781868294275015,1.5865213344523423,2.149625809963037,2.3963812844137347,1.6344161816698386,1.3205327142878673,2.010625950828032,3.700202952649324,2.349518488135831,3.8487574291222963,0.8455755682965664,0.9209579442094082,1.089463396682894,1.1078206453849528,0.9371196807804234,1.2648571484400195,2.7218681836284664,2.2860182148407917,2.9409694097569066,1.9507053342538965,2.0870770863564116,2.1338023376462942,4.267488792170072,3.8638177101194957,4.6105207523505864,3.7055417131973276,3.7549325568749725,4.9075469320941885,0.3901770386266094,0.6093099014144877,0.3956198347107438,0.5490021459227468,0.6647397587410446,0.6409090909090909,0.13035944206008585,0.15166799338681036,0.11479338842975208,0.16032725321888414,0.12921315289939378,0.16801652892561983,0.05213519313304721,0.08940726226195578,0.04338842975206612,10.496942479211373,9.977098769211928,9.857024389850206,9.642382183811696,8.27121157614353,11.738016932463843,48228,938,0,1440,0,0,0,1,0,1,61.35
2021-03-25,1.3955086912092065,1.3261554069121564,1.2506570860209156,1.7606478695020464,2.1267994557414567,2.3686951363655884,1.7068984982659645,1.3202065314321614,1.7007900338342519,3.651803926436182,2.344526750768658,3.7220336656927984,0.8862733802689201,0.9293394532973607,0.8931492676115576,1.0491530740709423,0.935319663654379,1.031871418717033,2.8446340702154025,2.2705311348329733,2.753026090792013,1.7736146771419867,2.0581866115507967,1.7601678264773208,4.310609519814251,3.8604604856647278,4.135674768506794,3.8981223598746677,3.7525264791038295,4.679923167582122,0.38321215409658166,0.5985066601490896,0.4065891472868217,0.5831850244167118,0.6411694977392154,0.6789922480620155,0.09698317959848074,0.1547262617621899,0.2030232558139535,0.18497015735214323,0.11760020774776976,0.14728682170542637,0.05435702658708627,0.0813433337406819,0.08976744186046512,10.396093326098752,9.920108762067702,9.963565323703973,9.714758969750408,8.276035301845289,11.7062013611313,57684,753,0,1440,0,0,0,1,0,1,61.35
2021-03-26,1.4870091926535327,1.3457563942205366,1.3165030411425387,1.6423754277835938,2.109703592710735,2.049444177298295,1.635029892948854,1.2881620191114043,1.7613580903287012,3.5211346159516985,2.310762059331715,3.475895390519981,0.889839628928009,0.918611664256612,0.8476401658680952,1.0617826629653468,0.922130827251663,1.085944691080019,2.61705969402175,2.2587637639752263,2.932393439607296,1.9663408419452466,2.0354538304156393,1.9773419187976118,4.289653274750469,3.8418569289907607,4.329964578671613,3.6325608054875826,3.705837944505695,4.324084015467679,0.41563094483195945,0.6144434323764056,0.42614678899082564,0.6247368421052631,0.6619439035115271,0.520091743119266,0.11448953709575144,0.15109962937370439,0.11724770642201834,0.17093849080532655,0.1210927193919216,0.15128440366972476,0.07461001902346227,0.09046391104968905,0.056422018348623856,10.618262523779327,10.011901069476727,9.085320988926318,9.581546993896639,8.142496289810918,11.34862385321101,68021,1126,0,1440,0,0,0,0,0,1,61.35
2021-03-27,1.3874314245755457,1.355263795815737,1.2402551133206619,1.586280151614053,2.150229653788219,2.272269261834193,1.6697741245688464,1.340138975246732,2.0022159515019915,3.5201833951179013,2.3650514201492214,4.143676179314967,0.7926144047074333,0.9466173478698309,0.8350575610064885,1.1165915948254344,0.9560590301523059,1.195354859951919,2.4890201017655187,2.259589977607928,2.734262915547429,1.842505445406609,2.0715252081780036,2.015991388985414,4.102219684205561,3.8020584972057105,3.7180184164257257,3.6721061193616986,3.7897478061375596,4.92898480629584,0.40554198473282443,0.614166730991895,0.4045217391304348,0.6376412213740459,0.664842145889618,0.7367826086956523,0.1074885496183206,0.14949324585102278,0.13217391304347825,0.19755725190839696,0.12795561559243535,0.19591304347826088,0.051290076335877864,0.09258124276341181,0.03991304347826087,10.506412511927481,9.960775882863759,10.484347401494565,9.92450351860687,8.455727759552296,10.986087168817935,65367,981,0,1440,0,0,0,1,0,1,61.35
2021-03-28,1.3864967140605793,1.344660481003915,1.2744888869060529,1.583428621587615,2.1750346492959287,2.0357762082963857,1.6830174660588517,1.3238355390288294,1.811364531152669,3.562871150401867,2.4091187515973664,3.8118168829491976,0.7958742846966154,0.9158699170452528,0.7480689355455543,1.1272664859091877,0.9567882639413284,1.2683023013070154,2.4945153153648416,2.2776878255154203,2.5951541977188617,1.7935135911807087,2.038017615222834,1.9322336023161164,4.199454492039984,3.834784892465268,4.11687286948711,3.6572069249186208,3.8286549167330772,4.330381509882072,0.39975039001560064,0.584706653679005,0.28074468085106385,0.6292277691107644,0.6604503221939159,0.6643617021276595,0.10865054602184086,0.15333920275738047,0.09340425531914893,0.18009360374414976,0.12098831110445077,0.19617021276595745,0.06251170046801872,0.08828787651730856,0.09063829787234041,10.444071610520671,9.892577832309307,8.517021016871675,10.243525893379486,8.482792714109097,11.826595225232714,74834,1042,0,1440,0,0,0,1,0,1,61.35
2021-03-29,1.4532764516669294,1.3134869482744682,1.1667825457427303,1.6568772758528207,2.1359199347701496,2.1475136617167943,1.756724966248142,1.315272481401009,1.9571709528748034,3.5499083767859987,2.392381303988994,3.4545393511033966,0.9034134367519521,0.9077811924683475,0.8017851533164609,1.0763558293152182,0.9457677112468774,1.2221446190153527,2.595750683154726,2.2700669520108643,2.6147451553907914,1.92784214956059,2.054588181814236,1.7851706735538688,4.313186659360482,3.825986891016496,3.9691868122175102,3.8040848984381546,3.790151622596858,4.458252777157943,0.4074152223059533,0.5792656940492765,0.4259349593495935,0.6028636021100227,0.6488065258187542,0.6765040650406503,0.12501883948756595,0.14889006598462376,0.2029268292682927,0.15645817633760362,0.1203774441552152,0.12406504065040651,0.06555388093443858,0.08679217870331134,0.12056910569105692,10.269328872692164,9.706734479992736,10.671545509400406,10.22268274302939,8.432741275198257,12.276422764227643,63203,851,0,1440,0,0,0,0,0,1,59.79
2021-03-30,1.351769601795239,1.3163921086790762,1.185085535908408,1.7296839567251456,2.1477861577595916,2.4252633909270735,1.7716127866587656,1.3258534648336824,2.053996439981635,3.7536425600631302,2.4093378306073276,3.7947326612933208,0.8348674441585376,0.9257751717594933,0.8796514431816614,1.1266037535952655,0.9703483935290038,1.2925303134965298,2.6485975769756016,2.2676521757517074,2.658432507037593,1.8443045060705066,2.0589887484210183,1.8993398850791343,4.123777163170473,3.8708589820236727,4.0064777188945015,3.826686113773801,3.813925097280951,4.806577442781069,0.38809692671394797,0.5731045543787849,0.2804794520547945,0.6197990543735225,0.6583582667367198,0.6486301369863013,0.12469267139479905,0.14976052871719714,0.14993150684931508,0.17026004728132388,0.12891878439288776,0.1506164383561644,0.050005910165484634,0.08515692835218318,0.04136986301369863,9.805555555555555,9.78428746232337,9.052740227686217,10.481560745419621,8.509044983823244,11.87191814265839,53256,618,0,1440,0,0,0,0,0,1,61.04
2021-03-31,1.4004735731677114,1.321303100860463,1.5226497306111557,1.5454774373518045,2.1346135508554434,2.199498205869897,1.511055023232876,1.321177281996854,1.752558073861769,3.492830978789885,2.385985267071523,3.590465617457529,0.786914743541959,0.9454160163735568,0.935839239148973,1.0289153605934205,0.9658178234982449,1.0514857007665186,2.5862264049365624,2.3009063572482296,2.817085446032048,1.7351780335545917,2.047190069767602,2.0746555656733956,4.265281377562113,3.9036018086697855,4.582022635414429,3.434266750904483,3.795782179991668,4.308240601270226,0.40942636514065084,0.5793279995476648,0.6228767123287671,0.6116105901820187,0.6378157864977949,0.5876027397260274,0.08831218974076116,0.14553488635078593,0.12219178082191781,0.2018477661334804,0.12626229786271626,0.16876712328767124,0.06675124103695532,0.08205784236118965,0.09232876712328768,10.017374517374517,9.838313143164084,11.143835616438356,9.405184561155544,8.406061821497229,10.70890410958904,58014,548,0,1440,0,0,0,0,0,1,61.04
2021-04-01,1.4030992566163005,1.312748024328217,1.511960732702542,1.6434065013135488,2.093499604391549,2.115545758131907,1.6794149023737088,1.3110388912302413,1.9162049029167276,3.556463531198257,2.327563549417931,3.140483615903914,0.884000779406638,0.9250457916774266,0.9779632064950649,1.0535206119545528,0.9394548617726826,1.094968867815183,2.6710133867657095,2.2899269668682884,2.9189954003334893,1.89666196250246,2.047300328811108,2.1001677321437717,4.275423866521973,3.856380344054336,4.577794736351797,3.684032671794005,3.7692520972262646,4.39213132994532,0.4386777301927195,0.5904181710565256,0.6684328358208956,0.6002783725910064,0.6464424385912992,0.6120149253731344,0.11240364025695931,0.15177389760284107,0.11656716417910447,0.1783083511777302,0.12113791062444511,0.18813432835820895,0.055513918629550324,0.08032465226398343,0.09328358208955224,10.51836230259636,9.820156666173425,10.952984710237873,9.720395727382227,8.373329757324653,10.994029486357276,61789,729,0,1706,0,0,0,0,0,1,61.04
2021-04-02,1.4475534868050544,1.3108747425090677,1.5072769205740906,1.7373501209331297,2.180661011703775,2.5113064181550526,1.643028597999803,1.335467625871405,2.0136391563472475,3.54979860336619,2.44266984553286,4.137640065860926,0.8191443113498855,0.9235111285328603,0.9812804895256199,1.1228712475569305,0.9677523014781813,1.2798813616816356,2.537212495125073,2.279421258079988,2.89353512319049,1.8931371890061708,2.0342824961145123,2.147307727349483,4.3191499572168395,3.8634241515222802,4.445506466068954,3.79457236626086,3.8839962241138837,4.89682489202522,0.4281758096497026,0.573960764990299,0.37663793103448273,0.5834500991407799,0.6515136583412892,0.7010344827586208,0.11703899537343028,0.14639616888916265,0.1742241379310345,0.1559748843357568,0.1244575159372979,0.1788793103448276,0.0629081295439524,0.08258784761787441,0.023620689655172417,10.383476665771646,9.875775692156077,9.539654961947736,10.043556107485129,8.53710426226479,12.26465580381196,69567,948,0,1706,0,0,0,0,0,1,60.39
2021-04-03,1.373979839201952,1.3413912831858754,1.2106387168718151,1.5478257884338344,2.152109425997073,2.0575092383897347,1.6371679946782782,1.3261031137531787,1.6442251080233843,3.3618241074075317,2.400004721035976,3.545723460335074,0.8067875620877917,0.9215204003495215,0.8462599374277883,1.1329088289817617,0.9530923148892922,1.1253912340403025,2.585150159097985,2.2845129216825435,2.6027883272901593,1.8591605423186865,2.0733254052693244,2.0569333258720146,4.290486893215618,3.8841002387585433,4.0263273754641045,3.6646662066935454,3.8274318273110457,4.2885529940925,0.37476811594202897,0.5972232272711149,0.5879787234042554,0.5877971014492753,0.660271008477883,0.720531914893617,0.10007246376811593,0.15232450072718245,0.16861702127659575,0.17052173913043478,0.12683657905005144,0.20680851063829786,0.05844202898550725,0.08299882941364264,0.06372340425531915,10.850435207201087,9.942407372920435,10.238298132064495,9.747391587409421,8.494913602745557,10.677659055019946,73685,816,0,1706,0,0,0,0,0,1,60.38
2021-04-04,1.24494068582166,1.3509453230046262,1.3309619569399656,1.5885334482988192,2.192652850085424,2.867088899880841,1.6523117994083467,1.3548092365475615,2.1594933833730496,3.4323147829884095,2.436613443753989,3.985366086783348,0.738317123302185,0.9260836325314064,1.1745543100243359,1.0834708467148344,0.9789867004440046,1.6767924608308458,2.4127418930408044,2.276307951471863,2.611118860116493,1.6776106138891766,2.0579014366550865,2.018616800994217,4.115546949187384,3.823200402675994,4.337577913448181,3.6752344676725417,3.874547782588691,5.249334266972501,0.39351177730192716,0.5994907654531868,0.5218095238095238,0.5728265524625268,0.6844019785772749,0.8151428571428572,0.09928622412562454,0.15173018753781004,0.24704761904761907,0.18244111349036402,0.13108216789438099,0.22580952380952382,0.03774446823697359,0.09410697128216078,0.06352380952380952,10.099785727828337,9.876317791181808,10.260952613467262,9.926053098233405,8.618127468773354,12.643809291294643,70446,842,0,1706,0,0,0,0,0,1,60.38
2021-04-05,1.3916840408410611,1.3482383031428664,1.2814681292956578,1.5418854381419747,2.124233206260896,2.248116102274248,1.5680010970436749,1.2866630080968364,1.9518998175506874,3.448106955224685,2.3560256504115626,3.7507551146425206,0.867561632549607,0.9270138289161531,0.8237903929389796,1.0763588016896315,0.9238416234589917,1.3853809665668677,2.6437257535305903,2.299489870501853,2.519750753318109,1.8958149246789182,2.0399117741387127,1.805621931478968,4.195236312314604,3.8694828805538233,4.098519108092816,3.5653837541970654,3.7637321788615616,4.609954446560594,0.4041153846153846,0.5879700940342223,0.38742424242424245,0.6038241758241758,0.6611663326653306,0.6428030303030302,0.14296153846153847,0.1536127639895175,0.15628787878787878,0.16893956043956046,0.1268284260829351,0.11499999999999999,0.06468131868131868,0.08808601819022661,0.06280303030303029,10.059450120192308,9.88782757823339,10.254545269590436,9.569725489354395,8.313349776476029,11.650757760712594,63695,708,0,1706,0,0,0,0,0,1,60.36
2021-04-06,1.3486060560766762,1.297514599373232,1.3604794482197233,1.634462571518935,2.131461901745988,2.2352700432075303,1.6010809357508926,1.3129293878254318,2.12894101845228,3.390253941432494,2.3854724889992838,3.7880951130457823,0.8448163657294107,0.9142832062301623,1.1491658841760173,1.0728935236107642,0.959211309613298,1.1720276158747016,2.598217069481993,2.2683406477408323,2.571972417931733,1.8404275754589887,2.0231087710315476,1.8656505523303035,4.215816044113603,3.8800438827489794,4.153356190178113,3.580548108035848,3.8088451101512244,4.401351081445005,0.39048367593712213,0.5603803723588963,0.5740740740740741,0.6242684401451027,0.6494540160803484,0.8856481481481482,0.10594316807738816,0.14982450516868337,0.23092592592592595,0.18999395405078598,0.1234003793038972,0.20509259259259258,0.06772067714631197,0.08001949942570184,0.07101851851851852,10.43657775657497,9.77882342335123,9.967592592592593,9.531922493765116,8.44135230520608,12.377778229890046,45722,532,0,1706,0,0,0,0,0,1,60.34
2021-04-07,1.3213491441029137,1.2576412117805327,1.6881474512548942,1.5957038118094056,2.1378220769119,1.952711774405035,1.6410376052670632,1.310545228966856,1.7401177585591405,3.4582623263794274,2.4084968909704236,3.321067320508105,0.8393961799070868,0.9081139485193405,0.9353336464836215,1.0611213871686613,0.9502806858736448,1.2057835311731497,2.622262975255679,2.2377551531554207,2.99607515788209,1.8265842859155907,2.0378965420196242,1.9556257060905315,4.280590282963917,3.856657565319305,4.996154540837507,3.6341692110946995,3.79782542038103,3.9853281238745644,0.389546553808948,0.5455837798845837,0.47685714285714287,0.6013240628778719,0.6724696001648804,0.7835238095238095,0.12293833131801693,0.16099675391591098,0.14895238095238095,0.18986698911729144,0.11851092333058533,0.24238095238095236,0.06871825876662636,0.08696542662819456,0.09257142857142858,10.176904237832527,9.588561256955895,11.404761904761905,9.969588403113663,8.469048684820692,11.62095191592262,56400,362,0,1706,0,0,0,0,0,1,60.32
2021-04-08,1.3819589459191512,1.308989570610661,1.4105415405700863,1.6653032848458755,2.1503256647424696,2.270089489887445,1.68364527065668,1.3269463494698224,2.1221313555781287,3.623873299252889,2.3797808477196796,3.8200187692882874,0.8848457609187629,0.9279589596826264,0.9658235204236197,1.0902035186052044,0.9465614021950638,1.1410708921883947,2.548757726340288,2.2699362715356237,2.9006072350309378,1.8415352816227797,2.0615510792387224,2.0987071409149545,4.272676132072208,3.889833776640868,4.344556496930897,3.7714523139834166,3.792114172973454,4.988425660962861,0.38629993451211525,0.5673234766538022,0.42777027027027026,0.5802161100196463,0.656550252758602,0.6477027027027027,0.12024885396201702,0.14937000597923575,0.17,0.14422396856581532,0.12283198347556666,0.09006756756756756,0.06652914210870989,0.08095260096754907,0.0616891891891892,10.895743799115914,9.725289789096049,10.116892221811655,9.96339201661755,8.3968012787411,11.35675708667652,63657,749,0,1706,0,0,0,0,0,1,60.3
2021-04-09,1.3504887301244974,1.3140320105564844,1.201785457238039,1.6301576096637747,2.18548681863987,2.642569840935387,1.5812217571389486,1.3548829484325002,1.9132279516660173,3.4021296709792255,2.4062578161500503,4.2829029642108285,0.8254878206222515,0.9403300584212191,0.9592643041303576,1.0428938561803827,0.9800437540033369,1.0456574126813765,2.538855109653334,2.256322993324387,2.3716935428293624,1.8449403374919486,2.0389257660305344,1.8657969381181645,4.1075000954087875,3.863847915653496,3.8246347668798433,3.695093169217966,3.828277604679431,4.919618996397111,0.4029988662131519,0.5820094141036136,0.303756345177665,0.5915646258503401,0.6699000116945386,0.7212182741116752,0.12003968253968254,0.15144953806572328,0.18055837563451776,0.14498866213151926,0.11722634779557946,0.15862944162436549,0.06702947845804988,0.09140012863992515,0.07984771573604062,10.21014805661848,9.846512834756169,10.21675102117703,10.095294563137756,8.591840501110982,11.316242663388325,74627,821,0,1706,0,0,0,0,0,1,60.27
2021-04-10,1.3950494387907437,1.3294001191026,1.0545668619594706,1.6462754924726644,2.1857736090684345,2.5934459837044703,1.6386033540578655,1.350630858433318,2.021294598558349,3.4883650920352927,2.4289138451677,4.130800070567634,0.8813736907450089,0.930194243257679,0.7901349993480693,1.0805004194058874,0.9820222425524573,1.221018812377994,2.557922568632931,2.2898838133932853,2.1240731347870723,1.8600021914408438,2.046667080894699,1.7766023637841974,4.027907341927457,3.8693585543562166,3.482452911736873,3.6763989334982208,3.8565519577572274,5.317232939310707,0.43980553477935674,0.587009732863947,0.3008029197080292,0.6062976813762154,0.6618444122316559,0.7381021897810219,0.10934928945400149,0.15179712845999863,0.22167883211678832,0.17389678384442783,0.12066473389935804,0.2027007299270073,0.07189229618548991,0.09197452888796852,0.038759124087591246,10.483395515847045,9.896292796990405,9.305109845460766,10.099626174504488,8.582719097294126,12.537226099167427,75434,867,0,1706,0,0,0,0,0,1,60.26
2021-04-11,1.3202424548439131,1.3249918470183772,1.4324394600056494,1.5876675016782507,2.178979877074633,2.275886366855118,1.643873288532591,1.3177389643459951,1.9147642005810095,3.5165964229245117,2.4470678944831334,4.056150462653765,0.7967942330024194,0.9359735210407121,0.9459685028556543,1.1204018114558267,0.9708074488512232,1.1922251587778347,2.4717678290283125,2.258537072785697,2.777984633987596,1.7921772181118332,2.0205062946714167,2.0375416706328697,4.084376790208552,3.851825043568137,4.092755850684102,3.6261438883126824,3.8815621696374993,4.594094680481075,0.37233167965981573,0.5886566053059015,0.41888888888888887,0.5807654145995748,0.6613843394694099,0.6905925925925926,0.10306165839829907,0.15268036004331348,0.17355555555555555,0.17105598866052443,0.12157620465619924,0.22237037037037036,0.07111268603827073,0.08892359231185706,0.0454074074074074,10.147555064006024,9.825453860990796,9.6,9.658682062810064,8.586065452422847,11.784444625289352,76415,864,0,1706,0,0,0,0,0,1,60.25
2021-04-12,1.3858338860864452,1.31717279750993,1.2191083994983025,1.6097136291238747,2.1495091918958273,2.088232353294941,1.5082042090195378,1.3035801132289941,1.827901742400613,3.4619853161772514,2.41616094710836,3.8268057388283028,0.8700332116600081,0.9292885841083128,0.9093950417571649,1.1164263821025775,0.947586250744364,1.1526216134514826,2.498494285309915,2.2695141609955956,2.6397512916727335,1.854311786868281,2.049343338517717,2.052303982752104,4.1347114762488895,3.827152750947881,4.087000312340421,3.561011766093643,3.807003039992514,4.718942270552839,0.4618823529411765,0.5773860682723965,0.3031,0.5957439446366781,0.6691477502454802,0.6208,0.13216608996539791,0.15747819557557902,0.18810000000000002,0.15577162629757785,0.12081586091376421,0.17010000000000003,0.07440138408304497,0.08343585744816034,0.10049999999999999,10.518616187283737,9.757376140761277,9.965,9.607612456747406,8.478319218217525,11.52199951171875,68111,740,0,1706,0,0,0,1,0,1,60.23
2021-04-13,1.325036887022627,1.2652961585918259,1.4104218576348735,1.7075751419332748,2.15745020111743,2.1687188170151246,1.5366893062221532,1.3359572816651233,1.8497735023985056,3.5774347777879787,2.498814949404782,3.7404896055646906,0.870014412686225,0.9685310537322152,0.9925214626998439,1.0887355863060468,0.9699405239441571,1.2316863091087409,2.468148701140971,2.2132853906872567,2.670158378632278,1.8732596149226477,2.068227648148767,1.9999824499047107,4.168156367205004,3.911741324328148,4.11555655070832,3.772902129830613,3.8384117436733938,4.446085375108026,0.35676597412779304,0.5492618970540628,0.3761046511627907,0.5663269306154449,0.6526478364087622,0.6430232558139535,0.13865542924343394,0.1654837056220999,0.15941860465116278,0.13035280282242256,0.11825105212042732,0.13075581395348837,0.05243433947471579,0.07822191647782455,0.06476744186046512,10.209956726528812,9.586473676756231,9.43837223496548,10.230340889602116,8.67977770583792,10.977325439453125,53239,468,0,1706,0,0,0,1,0,1,60.22
2021-04-14,1.3199404222682427,1.2980567780871162,1.2952643781423565,1.7270085881670294,2.1620189015337967,2.3675372284963827,1.608857480463857,1.318987995139348,1.8996004468164147,3.5883955729842962,2.4326176585129584,3.9721177040955147,0.8570923183459154,0.9479157941717383,0.8259958891271336,1.019758695782695,0.9549196180382039,1.2513031217430912,2.5382463131840036,2.251623046381213,2.7947788318856643,1.8130930073820657,2.065598485671427,1.6890696621342547,4.141287991395889,3.9022535044163433,4.350458494456554,3.717113279459617,3.7850637310469555,4.808644258945053,0.40093215664644244,0.5666453295400664,0.35299212598425195,0.5777937120794263,0.6645234708392603,0.8222047244094488,0.12380584666298952,0.15840475343764818,0.15456692913385825,0.15306674020959735,0.1181454480796586,0.24590551181102363,0.05874241588527303,0.08211533902323376,0.09299212598425195,10.145780905267513,9.671137831910858,9.731495294045276,9.736182690981797,8.445599588074916,12.228346456692913,60435,533,0,1706,0,0,0,1,0,1,60.2
2021-04-15,1.3740667818629975,1.2983553080087369,1.320531429384201,1.5681234575975551,2.1481258843342146,2.5300517329246457,1.5773738183043853,1.3070951054445517,1.8566051437238027,3.4758132435943385,2.4394313799666705,3.942584894262898,0.8455595893186705,0.9531277970128662,0.9604295859146385,1.024874827278401,0.9286349962905825,1.2356376617645186,2.5293404337614342,2.2444445600111407,2.4957017749243824,1.8257469990836834,2.066917257335894,2.1034158163344694,4.148748137161319,3.872670308515024,4.0921778670320945,3.6171214994817844,3.821231441434986,4.96721236801051,0.43749287749287746,0.5796833913922913,0.4,0.6265128205128205,0.6386799078548152,0.8580714285714285,0.12158404558404558,0.1574626362512642,0.29100000000000004,0.17623361823361824,0.11650606809753904,0.185,0.0760968660968661,0.08091667603101473,0.051571428571428574,10.402735487891738,9.762978986402967,10.482856968470982,9.770712028133904,8.41789807843578,11.96357160295759,72206,751,0,1706,0,0,0,1,0,1,60.18
2021-04-16,1.3898467304785604,1.2794276517208572,1.3692957455993906,1.5713389352683533,2.1503086440756927,2.489594071127382,1.5710699011024474,1.3333855813047066,1.944772363335185,3.5771636469586383,2.445380312680112,3.8735685785085447,0.8748059616539622,0.9419310918974565,0.8893704554478296,0.988387825636939,0.9445127047256627,1.4466956642262958,2.5284099560082103,2.2251317402591226,2.6145574292966747,1.9031052102580517,2.019340440598662,2.026703412697514,4.246271443393566,3.83930646574981,4.2708912546270525,3.5976657554462688,3.8451601333976066,4.9511280658263175,0.42615234375000005,0.5740537080678478,0.42074626865671644,0.5799934895833333,0.6656949172267318,0.7499253731343283,0.13086588541666666,0.1587844403712432,0.21201492537313432,0.17305989583333334,0.12080853044717932,0.14365671641791045,0.05817057291666666,0.07966163335369934,0.0358955223880597,10.499088287353516,9.761473153239649,10.703731707672574,9.50624974568685,8.518899471938553,12.397761558418843,70654,782,0,1706,0,0,0,0,0,1,60.16
2021-04-17,1.3998124128405058,1.3057003701366399,1.3698225833822635,1.7120618825857015,2.2094818393202607,2.6726019324489543,1.592433394176202,1.3803481232724715,2.0004164605223127,3.5576009163647018,2.4977915111219855,4.5879232530955,0.8513344302958229,0.9512430872731128,0.9174447246692596,1.024266509120271,1.014266148580012,1.175194247544113,2.6127739892094093,2.275409498574198,2.5571268422064666,1.8225604600152343,2.0283229240214147,1.92253780014858,4.255999490006719,3.834022095757846,3.93875368437329,3.7156602758357207,3.925734144320815,5.211119519274238,0.41783536585365855,0.5845387677980971,0.37642857142857145,0.6216920731707317,0.692483635872866,0.7972142857142858,0.14503048780487804,0.15515756798704364,0.23942857142857146,0.1562423780487805,0.12358931101963694,0.1665,0.06370426829268293,0.09281766650921115,0.1212142857142857,10.632697872999238,9.834743403738443,9.492142159598215,9.961280636671113,8.82509573857885,11.92142857142857,71498,794,0,1706,0,0,0,0,0,1,60.15
2021-04-18,1.2990529812975093,1.3320753927428794,1.4634417830987367,1.7379079914257145,2.2167984053376744,2.4329705498852925,1.6599816182228688,1.3449522366532178,2.190123399542858,3.6471577897639063,2.491794243534749,4.246757048557464,0.8412057879516388,0.9461308183687308,0.9825082481919895,1.1132194441094792,0.9846778698536502,1.3014173028831348,2.4646531220694015,2.2541320488171808,2.926183626294037,1.7379479314676354,2.0311145037138867,1.9083424342643198,4.079083955045416,3.8104329776520838,4.285163062968557,3.7480340669290286,3.9074170947612585,5.101314340412196,0.38549878345498784,0.5763364300161119,0.3987903225806452,0.6108333333333333,0.7025611052072264,0.7423387096774193,0.13892944038929442,0.15970312982071236,0.23903225806451614,0.17066301703163017,0.12862774673477081,0.13887096774193547,0.060948905109489054,0.09633917246580508,0.10669354838709678,10.454318972399635,9.826748954441054,10.222580448273689,10.057602931113138,8.79139545696068,12.435483870967742,71074,807,0,1706,0,0,0,0,0,1,60.15
2021-04-19,1.311911259325763,1.3374622473004698,1.336107252850658,1.7099975195657544,2.1886864885963613,2.5565884251961837,1.6666437128686258,1.3673738802330284,2.0807156672490548,3.542381189074828,2.4413017563998554,4.3682221825337955,0.8398965821736009,0.9524770058416496,1.0176019058209331,1.0541417072636001,0.9722673834621794,1.307857969188083,2.5035332515263744,2.262558517491731,2.61966366250402,1.8731371811676867,2.0508678656600243,1.7582313946146817,4.124344179126719,3.849496979026153,4.057364393263015,3.784036490580748,3.8685945278919225,5.388160509377288,0.4155791829882485,0.5521531154585547,0.2530322580645161,0.5893228875209848,0.6729305665498134,0.7916129032258065,0.1493340794627868,0.1516103132421124,0.3467741935483871,0.1667935086737549,0.12435344340156056,0.17509677419354838,0.060128707330721884,0.08498275472124846,0.051806451612903225,10.437940464115837,9.838309609295488,8.326451455393146,10.29222116326245,8.612051905461946,12.944516286542338,77212,627,0,1706,0,0,0,0,0,1,62.63
2021-04-20,1.439110801139749,1.3383033131838018,1.5178682779619768,1.6314293305473642,2.1637070581525064,2.5877266278315076,1.643765936086521,1.3471906999081569,1.9219574937569852,3.5042656858280434,2.3920066308899637,4.284890028099564,0.8730848884024458,0.9417075344374948,0.8694544077638462,1.07086158367586,0.9753399199287385,1.212411170885343,2.4956236831525827,2.296720489030109,2.4505700370886463,1.8128289293013329,2.0686891845450415,2.2837934541039973,4.206745406857587,3.8491793041382314,4.362695749016481,3.7110155029650396,3.824182724959415,4.861624118512581,0.4324689165186501,0.5771672919559245,0.43871212121212116,0.5749496743635286,0.6582260494520102,0.7281060606060608,0.11230313795145057,0.157192106584739,0.21795454545454548,0.14410301953818827,0.11680511654013176,0.10568181818181818,0.07116044997039668,0.08597057694011992,0.10356060606060606,10.20663114268798,9.868626480753893,10.484091094045928,10.027827116637063,8.58770512687956,11.974999630089963,49337,499,0,1706,0,0,0,0,0,1,62.62
2021-04-21,1.3349125123820458,1.292340878662023,1.2232133581213165,1.5933009122998065,2.1841713768459172,2.2737222547649107,1.6139374157588415,1.3397256939246946,1.779896946879056,3.545460283907819,2.41039431488594,3.9505861649666496,0.9095085899927065,0.9246242264987286,0.8028657237954044,1.0603461151643183,0.9578139047967285,1.134775358800526,2.471941211264956,2.3025948101692446,2.4109093042241945,1.7937032513429048,2.028474110201474,1.9146876778366073,4.070159562383378,3.830963768382252,4.0219075690105335,3.6242153952540743,3.8427701826148306,4.482577165559514,0.40971153846153846,0.5649481991677429,0.3113586956521739,0.6107331730769231,0.667350552446549,0.6566847826086957,0.1326923076923077,0.16150609843593056,0.1925,0.173828125,0.11277629502080642,0.18668478260869567,0.052662259615384614,0.0865378103027694,0.06771739130434783,10.208953857421875,9.716596714019229,8.90652200450068,9.757692190317007,8.58005183670541,11.170108961022418,35281,463,0,1706,0,0,0,0,0,1,62.6
2021-04-22,1.375217957579227,1.272688362803545,1.2794826779976871,1.5970497060445634,2.2054847820322396,2.3660288892157038,1.607650397118441,1.3581121782508947,1.6210058297287127,3.6194061608827677,2.4487905238479057,4.033300947563037,0.7970621147530509,0.9321606308603648,0.7802557561835086,1.0468458372513503,1.000080914163341,0.9750735081018433,2.522821907773602,2.273721628355794,2.7260602387716166,1.771014965095792,2.017838802662821,1.7834087003861598,4.31273331634343,3.8369157659216744,4.326161993056156,3.5545863970016653,3.916745911400987,4.559065587013162,0.38910953506698187,0.5485540767191472,0.3610928961748634,0.5712135539795113,0.6814729751663692,0.6036612021857923,0.12817572892040974,0.15254125412541256,0.19371584699453553,0.1643498817966903,0.11802385976302548,0.10683060109289616,0.0683451536643026,0.08551885516420495,0.05923497267759563,10.17119779353822,9.668030250770979,9.193442756360998,9.912568798020095,8.741703524860682,10.725682659878757,57318,746,0,1706,0,0,0,0,0,1,62.58
2021-04-23,1.4316485292174816,1.3039752135982061,1.0763914223738074,1.6157537278560798,2.151457745228944,2.1799412834156024,1.727505419323297,1.3186195304381898,2.0344028052646332,3.6482364246526973,2.4205674585136747,3.9956798249843657,0.8705353253834464,0.9308975915559291,0.7696992876406814,1.055113126434957,0.9761854427695283,1.3145285393250803,2.6487873811839884,2.2706224483616593,2.679118960241342,1.7745841670713258,2.027371677068393,1.6969168112981259,4.218400715985724,3.8500901277273534,4.230927845407412,3.717887286195132,3.815701699279923,4.583769566207025,0.41684619368203,0.571631319466729,0.2944615384615385,0.5884619368203003,0.6594970681758512,0.6046153846153846,0.1088451579492491,0.15094635199393214,0.17738461538461536,0.1807405489383739,0.11960821494209284,0.15015384615384614,0.04766442257897463,0.08363254470667172,0.016384615384615383,10.507664827162092,9.770673189124537,9.863076547475961,10.246555986211808,8.492237412118206,11.55076904296875,63049,767,0,1706,0,0,0,0,0,1,62.56
2021-04-24,1.4084065473312397,1.3109352517179098,1.4680586547395464,1.6629164334466224,2.2512420092458987,2.138344393480936,1.8026581086389648,1.3776626577195132,1.8496168070256627,3.71272151886925,2.508078559857408,3.551740521312243,0.9170985485309125,0.9541792754044061,0.9817815454741103,1.2083652768144786,1.0158667791696543,1.2272822704811532,2.606807383270148,2.2794762480260147,2.896824677982518,1.901799227282718,2.0200318471656193,2.0208667625595638,4.1604043662491295,3.8611817620550895,4.496864175933896,3.769378271628313,3.938215172971648,4.34476389850753,0.452486301369863,0.5675315725261318,0.3498181818181818,0.6337191780821918,0.6678639496158539,0.5293636363636364,0.14524657534246577,0.1488818544531276,0.10763636363636364,0.18802739726027395,0.1191139908332509,0.10754545454545454,0.048013698630136985,0.08744880799287763,0.037909090909090906,10.526780554366438,9.754927539816006,10.314545232599432,10.375890277183219,8.799331041646058,11.087272505326705,61479,784,0,1706,0,0,0,0,0,1,62.55
2021-04-25,1.3633653260649872,1.2846695097943652,1.2115670198198738,1.6512310881493597,2.2039669783598312,2.4973963732244444,1.6192592939015642,1.38515922967297,2.0743454835879405,3.474739127001162,2.4901637445788465,3.9443022889377417,0.8059963943311539,0.9189235207323985,0.9256675558603652,1.0904459154530255,1.0069578111279383,1.2200058438592025,2.5160446462336044,2.238981209297122,2.5538239210678344,1.7857767742531918,1.9726616954371823,2.010724848706347,4.098853854553936,3.746973465573805,4.083662192913609,3.558276924605167,3.934531051469839,4.801955935556712,0.41898577612863325,0.5663957874407798,0.33664285714285713,0.6149226963512677,0.6752246597664383,0.7932142857142856,0.11591836734693878,0.1597935966685778,0.21399999999999997,0.18680272108843538,0.12593288874136213,0.15692857142857142,0.06810760667903525,0.08612722170252572,0.1777142857142857,9.90735942814626,9.74582252029331,9.683571079799107,10.216945442949907,8.88660170041341,12.004999651227678,62419,835,0,1706,0,0,0,0,0,1,62.54
2021-04-26,1.4290818625333108,1.2851550937013392,1.183933682940465,1.6147593077861484,2.1551505516931533,2.1552982366031657,1.6087918244449761,1.3144372410355984,1.713640625539378,3.500098694336853,2.4144222481794806,3.5254038416463014,0.8454348696476858,0.9089089845748228,0.8559658601499488,1.0261905603442827,0.9690944033991963,1.081236271227037,2.497473182014566,2.2612298288283266,2.6182302170957645,1.8378493313962492,2.0121424256423706,1.8808791295787464,4.149873778275991,3.8268045230975622,4.073469712564419,3.6587842740812437,3.821653790822565,4.4493832880579545,0.4200384615384615,0.5619055143415732,0.2616339869281046,0.6132912087912088,0.6624261496022925,0.7541176470588234,0.13023626373626374,0.1580157476097378,0.18575163398692812,0.17306043956043957,0.11897935134845603,0.16934640522875818,0.06212087912087912,0.08354963978681806,0.04,10.338077352335166,9.781196436701572,9.063398373672385,10.071812757554945,8.508337462170921,11.188889048457925,51698,654,0,1706,0,0,0,0,0,1,62.53
2021-04-27,1.39413042603744,1.2909675377414451,1.2727403389689824,1.670349911535863,2.1725552420353984,2.2251565498647303,1.6384246543650665,1.3101593822899684,1.889683871364468,3.49793369608571,2.4151464545180863,3.7448296277763227,0.873181973040987,0.9184944794758563,0.8869238882568223,1.1521049017747007,0.9760903123715314,1.3025980672450685,2.5898202244341997,2.293189391918017,2.4641855852482655,1.8275965941594396,2.045343644432913,1.9561300685618714,4.2959032736815335,3.87291119116289,3.8142413916379003,3.729002288528788,3.8953559894460863,4.775363891168719,0.4179013015184382,0.5497521941146103,0.4544047619047619,0.600439262472885,0.6677114093959732,0.6767857142857143,0.09018980477223427,0.15228394424367578,0.15886904761904763,0.1800108459869848,0.1179674754775426,0.1667857142857143,0.06202819956616052,0.08523980382034073,0.04386904761904762,10.15140955463666,9.628205665978317,9.811309814453125,10.00829760371475,8.647390455601446,12.254166376023065,40847,435,0,1706,0,0,0,1,0,1,62.51
2021-04-28,1.3684226372258108,1.25939243166693,1.2725489945519741,1.6321134562676836,2.164726892212903,2.230009179571372,1.634677843357523,1.3454615173122262,1.881926545279155,3.560305291727988,2.4456356516627897,3.7684063706880906,0.8730996426154958,0.9227513104154618,0.9075843069562922,1.0738395431868315,1.0079047179898502,1.0368053394807961,2.632726916882315,2.284179656974634,2.8044361418728467,1.835424495963132,2.0087793420988174,1.9495033927316299,4.255367789008274,3.9138214981664383,4.1759856646893985,3.6565995655855685,3.9284374551937917,4.636363854478467,0.4269362745098039,0.5394976053171733,0.3317682926829268,0.6132291666666666,0.6755678819274754,0.7075609756097562,0.11916053921568627,0.1578237708923859,0.1507317073170732,0.18392769607843137,0.11685270257061871,0.2025,0.06856617647058824,0.0813429772260776,0.11579268292682927,10.356065937117034,9.601536537239761,9.387805473513719,9.75900687423407,8.783794350503372,12.038414931878812,30199,467,0,1706,0,0,0,1,0,1,62.49
2021-04-29,1.2224554684947215,1.2913696115598365,1.43537363188769,1.5588700289601756,2.1546245995586477,2.0911905264225448,1.5878246878630193,1.3422625092693443,1.7334001001933002,3.6378707124685143,2.431245866094178,3.786614970760818,0.7784035072328476,0.9234191361467489,0.8776009372626317,0.9777899418184021,0.9953150061533448,1.1452935110864757,2.6527557673003983,2.3019843040151944,2.84733687199106,1.6946327576815317,2.009884600773169,1.9160420342703883,4.229373520133717,3.9196642070826844,4.409770188642887,3.5155057143362627,3.8940263289577945,4.455299298271138,0.3311787217757367,0.5538432635534085,0.41690721649484536,0.5901990049751245,0.657820182501342,0.6571134020618556,0.09232300038270187,0.15100214707461085,0.14438144329896907,0.20053195560658246,0.1177716049382716,0.17907216494845363,0.04488710294680444,0.07966237251744497,0.09515463917525774,9.933754454889016,9.78954139828234,10.442783631000323,9.399158055874473,8.636449107622115,11.637628614288015,50313,546,0,1706,0,0,0,0,0,1,62.48
2021-04-30,1.3075106225604938,1.253813847450593,1.4507295060780339,1.6190499917338503,2.1403322780659235,2.206924125454403,1.5524517564108233,1.331715625091419,2.035735202199645,3.5108078893805756,2.541985682928642,3.677692208170058,0.8448216900311846,0.9174382521685064,0.9343804622182766,1.0610460132042059,1.0005664301522799,1.3750870565557172,2.568609613740935,2.249150397538726,3.0000780525634934,1.701726493204768,1.9711771893688677,1.9487052912161957,4.230758279302173,3.8286593912895794,4.730805861900359,3.7639176295074788,3.989770266938463,4.436668065662318,0.41833524027459956,0.5442104541465556,0.44367088607594934,0.5780320366132724,0.6566013053971039,0.6870886075949367,0.10905034324942792,0.14977155550680124,0.1360126582278481,0.17596681922196797,0.11868116498464239,0.19867088607594938,0.06070938215102975,0.08024435059236507,0.1150632911392405,10.051315342534325,9.68476271116718,10.890506020075158,10.23987458881579,8.889351483655112,11.242405372329905,54396,832,0,1706,0,0,0,0,0,1,62.46
2021-05-01,1.3805678589168058,1.2728914794800656,1.373458099858924,1.633409811823939,2.1787724835518976,2.13569847638338,1.5539995695779376,1.3247767695831227,1.9612303314471518,3.606255189651755,2.474872805957823,3.911072021419724,0.8504944837361196,0.9228284784425,0.9835241385785738,1.1219570215699346,0.9903420269604559,1.2619402591438114,2.531669594967652,2.2750988785271886,2.5568295873542857,1.8340336482966118,2.001486296374039,1.8168146159435234,4.172899332246969,3.8548556684251856,4.162407872500965,3.7094123417061358,3.9316789851184892,4.591646359575496,0.42285195936139336,0.5575357337326435,0.49320754716981136,0.6115166908563134,0.6514980942009256,0.7797169811320755,0.14660377358490567,0.14383133678192214,0.20339622641509433,0.18276487663280117,0.12084467737544242,0.14150943396226415,0.053432510885341074,0.08078954533079227,0.03018867924528302,10.178810152848332,9.74594379594337,10.269811090433373,10.026705228365385,8.836268249727743,11.433019098245873,55643,753,0,1342,0,0,0,0,0,1,62.45
2021-05-02,1.429498841720269,1.3056401442020589,1.0912032858698815,1.7250569651206311,2.2426117634846032,2.5079669834829112,1.7093836544680676,1.3945191791446556,1.9445193432000418,3.674446600689383,2.525185301964989,3.839255066513457,0.8552427171256182,0.9163513014022683,0.9279439164432175,1.1184744472347186,1.0210831385469268,1.3987967272839101,2.5087604619917174,2.301076830921917,2.220488336586317,1.8155527551262127,2.0062265368225707,1.9401084831717743,4.180438009079871,3.8740613072873855,3.8651444077570036,3.7025773563914277,3.9746264118322734,4.787005689682216,0.41423935091277886,0.5501980165289256,0.4122881355932203,0.6360175794455714,0.663615867768595,0.7747457627118645,0.13063556457065587,0.15456595041322313,0.1823728813559322,0.16759296822177147,0.12195305785123967,0.2627118644067797,0.06118323191345503,0.08501289256198347,0.10652542372881356,10.385462886663285,9.794638429752066,9.80084745762712,10.071737396467208,8.771493801652893,11.983050847457626,55311,806,0,1342,0,0,0,1,0,1,62.44
2021-05-03,1.4242203593151659,1.2862014038358263,1.411545400584442,1.7494791220473338,2.140579478953664,2.2880000494115422,1.60687714250507,1.3431221595613154,1.9031903597979234,3.458617274378954,2.432235467129964,4.090386938159441,0.9340034971368241,0.926010826693408,1.1215979240565628,1.0855323141419746,0.9658343178876745,1.3100874843764239,2.614616408523657,2.2875807206032124,2.586357965054769,1.8090186527550456,2.010466374073026,1.9352448377657918,4.153874440762187,3.876001601355876,4.384329263207607,3.7277228437514074,3.846733608496779,4.624913493269947,0.42121445497630333,0.5589925581915846,0.4618421052631579,0.5496149289099526,0.6502772493285587,0.7526973684210526,0.10795616113744075,0.15176756938227395,0.15552631578947368,0.1543068720379147,0.12025514771709936,0.25513157894736843,0.0605627962085308,0.08380959042076992,0.07453947368421052,10.504739336492891,9.692247300246196,9.910526476408306,9.761907351525474,8.62541615376007,12.264473362972861,48352,616,0,1342,0,0,0,1,0,1,62.43
2021-05-04,1.3012916919104243,1.2661542927247376,1.4912826615215138,1.6397095551466545,2.139615750500559,2.417531111228292,1.6246471852804263,1.3490448324351871,2.011065823470814,3.545646325428755,2.4442697878983113,3.824968758115018,0.8184022698718749,0.9254994259030661,1.1270353618647593,1.0502848092832109,0.9634973747295565,1.3339379393598236,2.522645421805533,2.265658811518327,2.8758035062945595,1.8265440050536221,2.016868251882686,1.916617226276142,4.1315013867792585,3.869617773651928,4.26640442506993,3.690597214540354,3.8791613693176212,4.8621137994852575,0.4175239398084815,0.5368360053535325,0.4006896551724138,0.6825376196990424,0.6454335507019392,0.5503448275862068,0.16350889192886459,0.15701312754506364,0.15779310344827585,0.1924829001367989,0.12353760287040466,0.16875862068965516,0.06341997264021888,0.0781575874932369,0.07613793103448276,10.33317346742476,9.647287994418658,9.53103448275862,10.071887557712039,8.634709506791582,11.7972412109375,36593,500,0,1342,0,0,0,1,0,1,62.41
2021-05-05,1.4357746124341721,1.302564763851409,1.2844068229277297,1.6097829206590453,2.166707369729863,2.5746404273551464,1.5926676997328786,1.3497031619751234,2.0154561316139,3.4647022662914266,2.462339377784339,4.386701038545182,0.8567905409318908,0.9243366727567102,0.9461529291285948,1.0577767014735469,0.9561452096052203,1.1903593692901513,2.63162903646679,2.282948451919397,2.778061858390854,1.8237102353096302,2.0272689134494852,1.7802282729172159,4.379070906239701,3.9191817621457217,4.110021434874253,3.559282227131065,3.854630660785131,5.389666198738557,0.4615843997562462,0.5517241092471926,0.3915068493150685,0.5762279098110908,0.656237349230556,0.7940410958904109,0.14386959171237051,0.15881048107583529,0.28534246575342465,0.14924436319317488,0.12625759046166643,0.16342465753424656,0.054844606946983544,0.08029640926105643,0.06753424657534246,11.084155764396709,9.759570393733537,9.57876712328767,9.816940651660573,8.542836718425066,12.60753391213613,32953,470,0,1342,0,0,0,0,0,1,62.4
2021-05-06,1.4291415305273167,1.2862535365363783,1.457431968844077,1.5317964845028014,2.193201245940321,2.4468525853049985,1.6613478439477776,1.3748057970653917,2.295414466510644,3.4321256364868935,2.472774656259274,4.046746290222471,0.8380387834029418,0.9361056224414868,0.9501222438009163,1.01566948083735,0.9762413856328903,1.2068676293260427,2.6580537892314986,2.257237397202587,2.7878390816428285,1.8432523057798267,2.043599874215467,2.066736494761267,4.256466954905808,3.9261737838509534,4.32001259440517,3.6251030925402885,3.900132047850208,4.836272447346428,0.3552406103286385,0.5482477954880525,0.400253164556962,0.5852112676056338,0.6331625358146263,0.7024683544303798,0.1277406103286385,0.1488369634760355,0.1828481012658228,0.16240610328638494,0.12440123508303431,0.1508227848101266,0.0573943661971831,0.07696737044145874,0.062151898734177216,10.136267147153756,9.646037615789034,10.215189873417721,9.759389671361502,8.601460576093912,11.844936708860759,42552,674,0,1342,0,0,0,0,0,1,62.38
2021-05-07,1.3885254065469608,1.3166156861497051,1.1074727931305488,1.6085374160058525,2.1865089063629055,2.0861979550931014,1.603118619513903,1.369848013745193,1.8986914803469956,3.315250672447172,2.45213679335526,3.5024672645503014,0.836860972628463,0.9419701327448222,0.9553588517409807,1.106938607038637,0.9794630662144074,1.2886270776974302,2.5245868376375316,2.3167548204564206,2.605286840842059,1.8989184538081658,2.0550684279464035,1.7800941710491693,4.211689850418097,3.999114327313155,3.7814692481093464,3.559197643149711,3.8794737496262544,4.478473111302165,0.37103535353535355,0.5440212607875635,0.421203007518797,0.6203724747474747,0.6635866148482596,0.6842105263157895,0.12149621212121212,0.15233125678687776,0.20142857142857143,0.19390782828282827,0.12190661256215352,0.1257142857142857,0.06413510101010102,0.0837054923701206,0.042030075187969924,10.340593434343434,9.69265892010059,10.096992664767388,10.193434590041035,8.679768317425845,10.489473500646147,44541,714,0,1342,0,0,0,0,0,1,62.36
2021-05-08,1.395185395307575,1.3396716211912965,1.658335950249571,1.5982939765079922,2.2091116067296857,2.5739448757234205,1.5887551953711394,1.3796069897042456,2.0619542001958506,3.3617854389234085,2.4774696588725016,4.005856718589762,0.7807749017775145,0.9338456689278719,1.048252869112589,1.0627814202422625,1.0038041877473318,1.2771878348442272,2.528205128457401,2.2962075588815414,2.82812561217399,1.783889926528897,2.0355640916264828,2.05599723749847,4.2318577823551395,3.9171405151738474,4.506223086749216,3.5741200257831642,3.9214724158646472,4.817345975048148,0.46052705551651446,0.5627901310822867,0.4966956521739131,0.627758257203092,0.657548555349667,0.4650434782608696,0.1135769501054111,0.15240649234781417,0.07782608695652174,0.19724525650035138,0.11743771875643401,0.13321739130434782,0.07679550245959241,0.08167799052913322,0.05617391304347827,10.660857618148277,9.775155917576008,10.272173276154891,9.969500779602951,8.704323871045228,11.358260444972826,42692,671,0,1342,0,0,0,0,0,1,62.35
2021-05-09,1.410989709553241,1.3688190219100838,1.4562053573037357,1.5957664495030504,2.1932991414074894,2.1446948010020583,1.636821090514351,1.385504442401015,1.8928735603022688,3.489465389045424,2.4742877795322578,3.3626091975907233,0.8549426951149242,0.944210554153744,0.9234554970215075,1.1427512548627394,1.0036317655955562,1.2172075740389996,2.6528247404992142,2.3249559517984504,2.6009597205366726,1.8342930736261511,2.038648724937836,1.946705104867639,4.347167967567103,3.910405238452568,4.176878562324254,3.64547313885645,3.9279866412792965,4.442617346328541,0.36877464788732395,0.574804828682955,0.41811023622047244,0.5543450704225352,0.6579362440364319,0.7651181102362205,0.10754929577464789,0.1501330056382825,0.13771653543307089,0.17169014084507042,0.12498843429232326,0.2394488188976378,0.03996478873239437,0.084546045973688,0.14480314960629923,10.499647887323944,9.814797329044383,9.63622085691437,9.989788732394366,8.824150417449761,10.625197042630413,44641,806,0,1342,0,0,0,0,0,1,61.83
2021-05-10,1.2961524327036587,1.2981821392026751,1.1202182101607419,1.6764700606350018,2.172814718365327,2.47542764263167,1.6150156813907346,1.3615817144480984,1.9818574822597737,3.494270623850035,2.4379818322099913,4.086907118190117,0.8155721339951505,0.9217988206932081,0.7343624920827253,1.0426445089781384,0.9844384793581733,1.2498301415549349,2.484187410718077,2.2510625321994064,2.5036297133974728,1.8552732993031826,2.0146034065945777,1.8611669515133435,4.0635794536529515,3.8266251696259506,4.110705799594728,3.700855595551901,3.8748510760751627,4.79506650699245,0.3588142041851617,0.5456634742802072,0.3292753623188406,0.5967152821813569,0.6478436332971931,0.6944927536231884,0.12814838300570705,0.15301439585592097,0.17913043478260868,0.15214965123652505,0.12281291410673413,0.16934782608695653,0.06952441344324667,0.08318515841464884,0.051159420289855075,10.295878002140139,9.563127748162872,9.501449806102809,10.366455542564998,8.72446655523431,12.38115924337636,37021,609,0,1342,0,0,0,0,0,1,61.82
2021-05-11,1.4018754367625252,1.3077288164942173,1.3812732192171269,1.5960917643756214,2.1799970836037037,1.9781138138437917,1.619230422059703,1.3423081460561785,1.7859399997649383,3.4101391317554577,2.4557894144651504,3.4982781291409792,0.8198942429992333,0.9199348595055619,0.8383988843113367,1.1176337176684805,0.9671154344694289,1.2315990742805734,2.5464953855134245,2.323680081124857,2.933251398716282,1.8803614443334866,2.0453221726487762,2.0884715725034506,4.165768165353051,3.9138547125142336,4.239613483632562,3.7022342272316027,3.8744485576904655,4.318792614607804,0.3849602649006622,0.5377417119094374,0.4135714285714286,0.5764304635761589,0.6465574101882868,0.82,0.10803973509933774,0.15194235878479842,0.15198412698412697,0.14652317880794702,0.1152489315005198,0.20857142857142857,0.05266887417218543,0.07934792653344114,0.08793650793650794,10.16947045736755,9.599754894882754,10.49920654296875,10.102052721440398,8.584001747141041,10.921428377666171,27538,408,0,1342,0,0,0,0,0,1,64.58
2021-05-12,1.3266029957952326,1.3012008630398344,1.445237790129735,1.7612390270624283,2.1429533407895223,2.116479293835351,1.7191472983342755,1.3467413347996122,1.907017048731954,3.5453759738421375,2.453765210927928,3.483728388258662,0.8284770725356061,0.9280247832693596,0.9783163478199681,1.2276869972371862,0.9439042978837421,1.1211591691114513,2.5156149920145863,2.287931625302144,2.7947922430731658,1.7340592412384308,2.0238062000239205,2.085573719510941,4.088614368235473,3.923429572047841,4.581821326949295,3.882030423887749,3.8582438496486087,4.52440555874022,0.370941935483871,0.5395441635499564,0.41088435374149657,0.6344322580645161,0.629937009645398,0.8457142857142858,0.10886451612903227,0.1599246365400298,0.15625850340136055,0.17589032258064516,0.11434014791485055,0.22360544217687078,0.06565161290322581,0.07407806304659599,0.06918367346938775,10.421742061491935,9.661924228789967,11.463945246067176,10.349354838709678,8.526065247040297,11.553741662680697,24383,395,0,1342,0,0,0,0,0,1,64.58
2021-05-13,1.4181846279896646,1.2848342363107519,1.305762030472788,1.597777441621631,2.1231294160398058,2.158801175501693,1.5960599941834621,1.3181381714018563,1.7470066138616436,3.240801497453351,2.4039455144105872,3.45199350725567,0.8709973878407575,0.9179506129510734,0.8498739558648296,1.0793592439567434,0.9608846346442339,1.1327904428032753,2.5665619828878046,2.3109715833803475,2.5069092906713752,1.83970332571089,2.0249541425848454,1.7818690486979758,4.055206181237997,3.897341079947346,3.9863258313545034,3.6357252532591904,3.871676864715309,4.272909787541718,0.4068677792041078,0.5463841439191873,0.3667567567567568,0.5431193838254171,0.6480730378525623,0.5283783783783784,0.1134338896020539,0.15739827478576698,0.10155405405405406,0.15542362002567395,0.11839623176891208,0.11702702702702703,0.050969191270860074,0.0776905396969525,0.11891891891891893,10.28048780487805,9.613321817717496,9.57905372413429,9.960526315789474,8.499877631802962,10.75540573532517,33073,598,0,1342,0,0,0,0,0,1,64.58
2021-05-14,1.3441935844409025,1.2260435134773924,1.608181609506142,1.6630587428336847,2.1394207817598634,2.060236505147306,1.746385575464693,1.3065684264529969,1.4397838245436725,3.5180649947526907,2.5124848090215477,3.5887377778688583,0.8826650721182839,0.9072871697074962,0.8708379080083503,1.1156917961950388,0.9839956335849557,1.0238799320202916,2.5805680357605296,2.308975524470049,2.9998027197391894,1.8772654128538706,1.994792739295527,2.3089355415762673,4.188026469800229,3.867439846557801,4.534408409992112,3.713956665811575,3.9903891369006463,4.167678479290515,0.3745549738219895,0.5250665645762838,0.5658450704225352,0.5790968586387434,0.6428431348334034,0.5585915492957746,0.11448298429319372,0.16547138587694818,0.20669014084507042,0.1599869109947644,0.1144997159582088,0.0806338028169014,0.07544502617801047,0.0732504260626868,0.05464788732394366,10.090641361256544,9.485442086348705,10.70915458571743,10.17074568983148,8.693897115123374,9.988731706646126,35784,679,0,1342,0,0,0,0,0,1,64.58
2021-05-15,1.817109542582868,1.2520179938524831,1.4376212068632461,1.8776982570790812,2.155032732291287,2.5458171127626676,1.7568441249961222,1.345703484209763,2.302311511718447,3.6068987489850453,2.529523550361703,4.081937760778736,0.881645870665485,0.9190906038454272,0.9387843008253903,1.2816162489495355,0.996760037642058,1.4434697025636782,2.5022288380107978,2.310987242840865,2.715510246233235,2.1154660033339723,2.02208617367026,1.913869319795386,4.35486398002661,3.8620975507034476,4.190665196142602,3.884384451345394,3.972696684172361,5.073992606672198,0.5190077821011673,0.5366687337219397,0.39786324786324784,0.7731193255512322,0.6687293811236512,0.828034188034188,0.18282101167315176,0.1789721567654719,0.36461538461538456,0.16588197146562905,0.11480683368473273,0.1630769230769231,0.07646562905317769,0.07090195956839886,0.07367521367521367,10.277497010781453,9.635291028463351,8.964957473624466,11.060764733300909,8.84946960653603,12.494017511351496,40435,583,0,1342,0,0,0,0,0,1,64.58
2021-05-16,1.3951667179131557,1.2902532886949847,1.2188200066258872,1.665859829760105,2.1882958543700104,3.044810678876084,1.5341222402131736,1.3344086161900672,1.905143371942817,3.4641431610205213,2.474988190191495,4.371060465301257,0.8228956444498828,0.8994609517550777,0.8981628983028644,1.1080583663046124,0.9900242749486339,1.2698577473935915,2.6186477108615747,2.342401602796689,2.620011259409394,1.8289107639894409,1.9980755609577443,1.8563443231815062,4.251883017786459,3.8761922245613896,4.598955786568082,3.6522323126614324,3.9201542067326023,5.3224256448293765,0.39568386568386565,0.5663050419283534,0.3663157894736842,0.606994266994267,0.6458882144486158,0.7264473684210526,0.13196560196560198,0.16131995368583557,0.14789473684210527,0.15087633087633087,0.11082418160766289,0.26960526315789474,0.07347256347256347,0.08202168344970351,0.04815789473684211,10.390335470413595,9.708880828742851,10.292105423776727,10.120065200143324,8.739479535805762,12.256578947368421,35116,701,0,1342,0,0,0,0,0,1,63.02
2021-05-17,1.304217807223383,1.2718431618310233,1.0694178065013222,1.5403965999249685,2.13126253349446,2.4639371934759846,1.6840262958868657,1.2855063232153308,2.296788448544186,3.593992335938803,2.420438169197333,3.5758941021095176,0.7927795522483012,0.8900606097834212,0.9795868637656205,1.0700326385910692,0.944891156596338,1.395079589822943,2.3844168193144744,2.3017748309473114,2.585638213735936,1.7733396290413086,2.025411714142811,1.8469217843779178,3.949379284947917,3.8637487654298868,3.953187478578012,3.5761894630426574,3.850106486843595,4.948887047106231,0.35432055749128916,0.5435707871894643,0.464453781512605,0.6892732702837232,0.6468048488476504,0.7536974789915967,0.10859631657541065,0.16234480694402875,0.20974789915966388,0.2382130413140866,0.1216815324753068,0.24722689075630253,0.0458337481333997,0.07724753067943729,0.04310924369747899,9.575759667434047,9.626449790481892,9.591596843815651,10.328820114173718,8.540119911703083,11.811764500722164,29837,442,0,1342,0,0,0,0,1,1,63.02
2021-05-18,1.340098159271323,1.2800628683279518,1.4354117549699228,1.5827364474095247,2.1084670250535265,2.2407576112641907,1.6062372423596836,1.3075048560882896,2.2939067571454,3.4850317855869766,2.4127454210044847,4.072011591133231,0.8442501404301544,0.8973211982844691,0.9667816474113086,1.0678786168034082,0.9433397187752103,1.508859938217435,2.4415084603981607,2.315864800484502,2.7037500905291116,1.8073967980288355,2.0265823925576663,2.087459963268655,4.084321742344382,3.8898970132639135,4.504543216676467,3.5925280083863407,3.8153215235317455,4.715546390878132,0.4232941903584672,0.5470531400966183,0.29387096774193544,0.5831273176761433,0.62784709094728,0.7336290322580645,0.11865883807169346,0.1550814654784409,0.26975806451612905,0.1673176761433869,0.11541242836138867,0.11290322580645161,0.05535228677379481,0.07775317310288955,0.04975806451612903,10.282570592552535,9.574843595283104,10.02016129032258,9.918541529859395,8.483701278242867,12.666935090095766,21375,437,0,1342,0,0,0,0,1,1,63.02
2021-05-19,1.358081691293342,1.2974894379648678,1.4985341555493712,1.5935647783334546,2.1307580739977716,2.066507541492652,1.6668128972435845,1.3513666141454788,1.724364255793971,3.3906474047061743,2.429906422372405,3.523245440348975,0.8254543782219487,0.9279265176549889,0.9187836790549394,1.0981460796958922,0.9657366393406887,1.0755508694685136,2.5145717998724155,2.317286824142243,2.6950887356962028,1.7744157919619383,2.0477961425904563,2.0417968651348573,4.149671436987401,3.869953252051195,4.270138276306059,3.713478332923607,3.8497156767210967,4.377738943364299,0.36580560991519895,0.5634821595367083,0.36041666666666666,0.6515590345727332,0.6281645806090043,0.6919166666666666,0.1506262230919765,0.15741484525811072,0.232,0.16671232876712327,0.11853882558067128,0.15791666666666665,0.053118069145466414,0.07815835357120618,0.05408333333333334,10.10300090712655,9.660968927081388,9.906667073567709,10.224201040647424,8.558085613985927,11.140000406901041,19453,362,0,1342,0,0,0,0,0,1,63.02
2021-05-20,1.3217278685435923,1.305596894703813,1.299224759321376,1.511575962642963,2.1090485068749363,2.0291089127889186,1.5528739813660963,1.328442919233888,1.994321276740424,3.3769564261700937,2.3804585676536463,3.6837480112807977,0.8336942065617731,0.9127841131616988,0.701685822747615,1.0050212103791627,0.9376828584493601,1.1066309949410456,2.4485925645373947,2.2940248657689835,2.755173817888321,1.7665681629358272,2.017234496367404,1.8493611155735765,4.0069110760092155,3.864688188170137,4.509757832791364,3.5380131543951334,3.7963595726540693,4.323919170514155,0.41136253041362536,0.5654437987055871,0.316171875,0.5562692619626927,0.6430256901334037,0.7840625,0.1072830494728305,0.15133337736098268,0.21171875,0.1640308191403082,0.12453308677849688,0.21992187500000002,0.04945660989456609,0.08314324395720513,0.0609375,10.049148893704379,9.667940372804122,10.295312881469727,9.59740438716545,8.416913118313301,10.963281631469727,27639,610,0,1342,0,0,0,0,0,1,63.02
2021-05-21,1.446271336167345,1.271720345856163,1.265403752281086,1.5708676953133363,2.1548474502421144,2.108626140823324,1.5317359467583405,1.3616865563170861,1.7476084450480347,3.48412939422298,2.444824808303436,3.372424370970628,0.7934906691023554,0.9390035661943935,0.8890261138923298,1.0856223797627669,0.989873283909474,0.9727476780147838,2.622277486364056,2.2928676809529938,2.7318973462033327,1.8296982013220369,2.0061822646800676,1.8078385717877343,4.2141576864823875,3.8400252006291775,4.34273151312149,3.4875113416783154,3.8748966450253497,4.311785399832484,0.40529144587433763,0.5627098449044798,0.3642857142857143,0.560227100681302,0.6350708913000067,0.695204081632653,0.09601816805450417,0.1494894495107502,0.16663265306122452,0.1651476154428463,0.11771051055048926,0.1513265306122449,0.05492051476154428,0.0801441123610464,0.1536734693877551,10.558894628832324,9.700066148572189,9.612244897959183,9.86056003382854,8.623840319842907,11.653061224489797,27491,583,0,1342,0,0,0,0,0,1,63.02
2021-05-22,1.3995224592432214,1.2818766827217478,1.412346215378215,1.7185642042686289,2.1550280115321243,2.2844853152467324,1.6817255913788667,1.357335858521687,1.8671418647022868,3.580332154282916,2.466607651439094,4.14132348931392,0.8056568918849024,0.9290300090600784,0.6966160469717757,1.1262799823273197,0.9962404754207546,1.2314285960258509,2.4645948371569446,2.303786676349783,2.823480485400721,1.8269021525182447,2.020188346114779,1.833285695548695,4.043991196202553,3.831619214601308,4.59312104960848,3.857076549073261,3.890965064408588,4.365139310395997,0.3918867924528302,0.5665742630848372,0.3401388888888889,0.6132933104631219,0.6415669143463705,0.5873611111111111,0.13385934819897086,0.1515771209275741,0.15638888888888888,0.18023156089193826,0.12598228137503062,0.2026388888888889,0.05085763293310463,0.07991018208540866,0.02013888888888889,10.228044931925385,9.681456428104841,8.963889227973091,10.245197590587479,8.695806881277047,11.341666327582466,27948,541,0,1342,0,0,0,0,0,1,63.02
2021-05-23,1.4262059447571427,1.2955840909211325,1.3515045154839687,1.6864858815736694,2.1584914112697615,2.37647415725508,1.6168701777487693,1.3595640473279904,2.282369984757992,3.403817349760695,2.4554869432797415,4.330020472986218,0.8621445522048786,0.9325440520359373,0.9920640497473275,1.1543985133484729,0.9956550597301527,1.3901754994901432,2.5171394061070576,2.2602374591302246,2.4906783842058657,1.9052310678768591,2.028917882912263,2.0294136392546656,4.24014067374574,3.8209993048648347,3.9104211981526644,3.631358394624709,3.902253682053603,4.88589694014412,0.42922165820642977,0.5636331351502335,0.4932499999999999,0.6328172588832487,0.6528713937991301,0.784375,0.11155668358714045,0.1587713977893939,0.24137499999999998,0.18867174280879864,0.11742787598260246,0.15575,0.06347715736040609,0.0818550736203663,0.023125,10.362774792459813,9.673799678783768,11.227499389648438,9.835279022578257,8.698687702007103,11.241250610351562,27866,649,0,1342,0,0,0,0,0,1,60.42
2021-05-24,1.3914668591333605,1.263823286469681,1.3380988840036512,1.5835372402473644,2.1215577105072017,2.023968599047665,1.6226103465148762,1.2894687807980811,1.473284705935893,3.278214714639573,2.395683948936105,3.308626163253885,0.8591859893697523,0.8913033935148568,0.8242666218266591,1.0341608553209423,0.9366290252377821,0.9319439155311279,2.6625900221913077,2.286740536175484,2.603808319642513,1.7793653696919423,2.008114085123573,1.682654969111937,4.1902331048545225,3.7925451513676993,4.108357718066503,3.541356102656366,3.849913869865685,3.9537477857018626,0.407794836008374,0.5265574266411214,0.35793478260869566,0.5343614794138172,0.6204598164767571,0.5347826086956522,0.10863224005582693,0.142153877180599,0.1334782608695652,0.14791346824842988,0.11233740042351519,0.16543478260869565,0.04607117934403349,0.07808140902826796,0.028369565217391302,10.091696015788555,9.533413792813686,9.00652147376019,9.91960907514829,8.41350868458203,10.860869697902514,22224,409,0,1342,0,0,0,0,0,1,60.42
2021-05-25,1.338968046141728,1.2995080100308365,1.440615277050661,1.6019269908164846,2.125526785397044,2.2531359860262703,1.6746158613868638,1.3249400267797322,2.181835850545097,3.4912423394202645,2.372112434754734,3.8109935265688,0.8184665210116623,0.9111822780700285,1.0545929143664425,1.1077172406972,0.9353175057726453,1.2343003130021613,2.4520596077402126,2.318584781942429,2.5436684057209473,1.8849074554986138,2.036536712774341,2.1552520061327,4.172676889504985,3.8751174601827594,4.452747430107715,3.545288025841479,3.7924999112613764,4.622659978687352,0.4294547964113181,0.5429151497261306,0.4921311475409836,0.5745548654244306,0.6153271671750468,0.9010655737704918,0.14051069703243615,0.1413040768801863,0.2872950819672131,0.15667356797791582,0.11379579520482797,0.18754098360655738,0.05765355417529331,0.0743550132834793,0.12327868852459017,10.147274251639061,9.608432549444062,10.198360255507172,9.998067767641476,8.454892030732395,11.456556976818648,16030,287,0,1342,0,0,0,0,0,1,60.42
2021-05-26,1.3566978313593656,1.2966183578579136,1.2224583698130114,1.7484088928737522,2.1022014338077475,2.0965219445480643,1.7259822910910745,1.279256869408722,1.966086669586217,3.5528923022452767,2.3623816888553972,3.5383368593003888,0.8941045526127859,0.9301689585829639,0.8045479827759753,1.130438187613911,0.9232200751971816,1.2220683006570412,2.626464148256293,2.28642857553033,2.8049258920912283,1.8413137035430793,2.039384269711017,1.9221951953614604,4.1933714147276655,3.861341314906742,3.9283233628778818,3.7916421932542854,3.7707699138156987,4.814950138489566,0.3987277701778386,0.5523481610981611,0.33454545454545453,0.6049316005471956,0.622483164983165,0.5447272727272727,0.11703146374829003,0.1504921004921005,0.12327272727272728,0.16662106703146376,0.11507381507381506,0.15518181818181817,0.06718194254445964,0.08364154364154364,0.04236363636363637,10.261149645177838,9.637804325304325,9.816364080255681,10.012859631497948,8.329853017353017,11.322727272727272,14761,555,0,1342,0,0,0,0,0,1,60.42
2021-05-27,1.3423728451140222,1.2922244729023709,1.1758992429916502,1.700772121414945,2.115422991748437,2.384620394457329,1.6757650058435087,1.308787908126554,1.7472647034291833,3.6606199210347463,2.3815140695115278,3.5597055417313714,0.8566883494370059,0.9147314291502363,0.8744698608757797,1.0828999928460288,0.950553300654614,1.1219688525800255,2.4773853310410447,2.2981754910949896,2.7251557204154393,1.8429350471502208,2.0597351110721007,1.8046182003342077,4.078700455227247,3.863568687960861,4.328715342426512,3.760990718903102,3.820835472841469,4.5769325639517575,0.380558183538316,0.5574654916453456,0.3651694915254237,0.5963055818353831,0.6405218105436052,0.7441525423728814,0.12553926206244087,0.14727502447961086,0.12313559322033897,0.164635761589404,0.11960295650525918,0.2933050847457627,0.062280037842951746,0.08022300135822358,0.10940677966101695,10.153406235217597,9.616386730471588,8.466948945643539,10.283254863410596,8.498383161186393,11.655932410288665,24571,518,0,1342,0,0,0,0,0,1,60.42
2021-05-28,1.3395354432608402,1.2840576063251974,1.4335321517942496,1.6282994966950612,2.1089716947358927,1.9396604437791873,1.61941714006469,1.325229030509128,1.6503040870799313,3.4458136865798075,2.389915751305775,3.1701924671824964,0.7871665092671143,0.9145734533597557,0.8616800650187811,1.0538333152464556,0.9617684957206609,1.1430427709751305,2.4604571753729214,2.2975935268413035,3.076588542171682,1.7709863557092016,2.0324914061016868,2.0710103451042383,4.201441204323255,3.841855824633807,4.698764130905496,3.585356336306599,3.8360097456586946,4.303623782116293,0.38173333333333337,0.5487794381755956,0.38892857142857146,0.6118920634920635,0.6289583545118769,0.6130357142857142,0.13738412698412697,0.14953305547084136,0.19098214285714285,0.18212698412698414,0.11884687065839857,0.1374107142857143,0.07083174603174604,0.07908169834976789,0.09526785714285714,10.247682291666667,9.644058571380164,9.511607578822545,9.836380828373017,8.602199179966792,10.183035714285714,23475,517,0,1342,0,0,0,0,0,1,60.42
2021-05-29,1.3570163755910494,1.2841065009538575,1.328251724826614,1.7338154727030433,2.127871889694068,2.259443991622958,1.7288087889716124,1.3526504395588719,1.88365309404455,3.5585775581995382,2.428790035301729,4.2108334246176,0.8279246073841388,0.9074853840006953,0.7273552099849099,1.143441383565995,0.9766890979860978,1.2109616648000727,2.5178363910829225,2.274150402095533,2.3975611859916515,1.878317843100121,2.004437416038497,1.5677054239884975,4.163868380206573,3.8705899580389844,4.129033702423821,3.82904021761604,3.8626477114887328,4.841312608692972,0.417795744680851,0.5559025322115189,0.2934285714285714,0.5736,0.6442771206763402,0.7648571428571429,0.10884255319148936,0.15296224037718978,0.1482857142857143,0.18277446808510636,0.12410315815144495,0.1581904761904762,0.05560851063829787,0.08069706946307362,0.12428571428571428,10.369617686170212,9.615469277120676,9.801904296875,10.294552859042554,8.708727086127707,12.627619280133928,21970,545,0,1342,0,0,0,0,0,1,60.42
2021-05-30,1.4208155746860174,1.283858189134028,1.1700379066148563,1.6350986391943718,2.1549301506977403,2.2475097627108327,1.7200746499784274,1.3295231460214847,1.7400051503741156,3.5319137920295374,2.4472966584855125,3.8563908687330732,0.8624981041055492,0.9036428665209685,0.8612898188349455,1.116536841644324,0.9833604000457187,1.1234737316554675,2.490558483353653,2.2746893771059753,2.7522789115266493,1.86984967243316,2.002846169789604,1.7522612175916992,4.28147988287992,3.841355077718614,4.0640131980571415,3.758617352886352,3.8706342045920104,4.787408736887691,0.4436319612590799,0.5422673143215293,0.23673267326732672,0.6671912832929782,0.630614619241617,0.5130693069306931,0.15672316384180793,0.14997492948918834,0.20772277227722774,0.1593058918482647,0.11403282670009403,0.10316831683168316,0.07885391444713478,0.08253721403948606,0.03782178217821782,10.321307190778853,9.639477975164525,8.905940594059405,10.245601133726796,8.652111162253211,11.797029702970297,24780,703,0,1342,0,0,0,0,0,1,60.42
2021-05-31,1.4330473831046235,1.2991787890375521,1.0172439512530342,1.7830476915762115,2.1627037265574582,2.3034885072298787,1.8675023263643302,1.3096379716279545,1.8497516521311321,3.646713187888504,2.452178283991442,3.8627200127506884,0.89043777941395,0.9137649087641471,0.8077885792397315,1.19580061232176,0.9796300752783156,1.2288518568905553,2.597119934946845,2.283257395970812,2.322804431606339,1.8128611096320584,2.0284283186065415,1.92983718359927,4.344751880245195,3.855404836049828,3.881346234407141,3.8444535708893097,3.8660009447811547,4.653871394203709,0.34714181286549706,0.560412629070691,0.2544736842105263,0.620095029239766,0.6399718030182685,0.5242105263157896,0.1281578947368421,0.15168467037331215,0.11763157894736842,0.1674342105263158,0.11594797458300239,0.11907894736842106,0.07528508771929825,0.08296386020651311,0.04684210526315789,9.949780558982091,9.716870408061954,9.517105102539062,10.190862287554825,8.51281150714853,10.723684210526315,15628,301,0,1342,0,0,0,0,0,1,60.42
2021-06-01,1.3762592411214984,1.2728415324710631,1.1215296272256072,1.7234501206147088,2.1317745267806107,2.448524009116638,1.6635882118764984,1.3077205158264285,1.8442603287372374,3.443142929246565,2.4174207346330676,4.016967502289122,0.7927225127562698,0.9031922097740922,0.7101556429594876,1.1587139505074113,0.9441379660277615,1.2440624307890318,2.530302041336781,2.258347395455388,2.606023997631472,1.8916843428048087,2.040402682551715,2.008461712124108,4.095263157199974,3.8182713306841216,4.260723796252927,3.7623851149753484,3.8007589140148577,4.750012190136831,0.3947044917257683,0.5382046909799555,0.29296703296703297,0.5771000788022065,0.6142890451002226,0.6960439560439561,0.11282111899133175,0.15360036191536747,0.1601098901098901,0.15767533490937746,0.1151910495545657,0.10054945054945055,0.07074862096138693,0.0780463530066815,0.04494505494505494,10.13412150930851,9.524179165506682,9.376922942779876,9.859968325206856,8.398840957335747,12.054945054945055,12350,254,0,1970,0,1,0,0,0,1,60.42
2021-06-02,1.4922127733620891,1.2989442440766674,1.3589954172261802,1.6318591918325727,2.088989688536361,2.357428061608962,1.6878417663779492,1.278898320691205,2.030613886713199,3.468468948598639,2.3529717949215616,3.586687536886773,0.9353495323921607,0.8904494723589425,0.8083853296999474,1.1187780424479403,0.9143168806611216,1.1719853849026534,2.552012326841238,2.2958589496116986,2.784255317640524,1.8851279180132676,2.0282369303658236,1.790421208374971,4.199802432422825,3.8605092599081856,4.0934368784536765,3.5827844708446297,3.7436212157744584,4.445536176811617,0.4558673862760216,0.5452963049814077,0.4386324786324786,0.5982035466461064,0.6070429801346688,0.7089743589743589,0.1302698535080956,0.14239991960068338,0.14623931623931624,0.1392598303777949,0.11544973367726374,0.2641025641025641,0.07268311488049345,0.07890489430839838,0.08247863247863248,10.67278304500771,9.539083699038558,9.646153637486645,9.830995205281418,8.225433193192858,11.617093599759615,9408,232,0,1970,0,1,0,0,0,1,60.42
2021-06-03,1.3926997415980968,1.3109459660482026,1.4205331780177335,1.7589287346345643,2.087924636988243,2.2811079791031776,1.712577277575374,1.2932996666492647,1.7320160840017937,3.5927890426478784,2.343444545345957,3.787975260790985,0.856391137875182,0.9012223905569358,0.8487508734653149,1.1108185626084979,0.9063250966292637,1.0098034898503285,2.547574458636871,2.3041158043429832,2.779912563366809,1.948552434557753,2.0536464032431816,1.9922073282718762,4.241849087532661,3.8760316542070163,4.621910865753895,3.8315511744507464,3.747618760262789,4.830856138866245,0.429124192390524,0.5650426499857834,0.3337864077669903,0.5938765254845657,0.5955164202445266,0.6138834951456311,0.11527638190954775,0.1393303952232016,0.14359223300970875,0.13894472361809046,0.11595678134773955,0.142621359223301,0.05968413496051687,0.0782154535115155,0.05980582524271845,10.514931661656497,9.682829604421382,9.758252190154733,9.633668481918521,8.188420750995167,10.260194648816748,8935,332,0,1970,0,1,0,0,0,1,60.42
2021-06-04,1.407760912269221,1.3064011609779795,1.3154435980488615,1.6298011892242752,2.1058893383015946,2.8148551070145755,1.6092695070755962,1.3306711869669199,2.348465826350534,3.488334230653392,2.3858528631331555,4.301927396535959,0.8932531607138546,0.8974543921629574,0.8675988761414638,1.0838566141531452,0.9471497873491647,1.6210687693495756,2.683932472677211,2.2904286761870103,2.666847483353773,1.8982056318523644,2.0364850958925604,2.06222539495807,4.2863074269476655,3.86410797033208,4.367644827672994,3.6331586642798133,3.804588045148758,5.652697166480053,0.44392807745504836,0.5414811931637238,0.3291919191919192,0.64783540802213,0.6090697427550333,0.7155555555555556,0.11804287690179806,0.14100916457308657,0.22303030303030302,0.17002766251728907,0.11230105091822652,0.15292929292929294,0.07479253112033195,0.07692827571565054,0.06575757575757575,10.40179806362379,9.617915369236757,9.564646711253156,9.809474412171507,8.433194154488518,12.343434343434344,16048,492,0,1970,0,1,0,0,0,1,60.42
2021-06-05,1.3620709851346595,1.3064969387913052,1.4892494047891216,1.5741785837254516,2.143440270899422,2.179094600038477,1.559160085185185,1.3096389651259224,1.5676473518308438,3.4891654746363443,2.4266860540279143,3.43685632114247,0.9030479878107919,0.9146238314309809,0.9324718459192471,1.0495745299848154,0.9406769823431824,1.305177671097905,2.409867353243832,2.2945519037110413,2.4991176225604574,1.8666629437438336,2.0567339794500397,1.8873465398769806,4.090865215271692,3.843787626199946,4.208837021345396,3.5067743243284077,3.83559514697117,4.6071195074678295,0.45061420345489445,0.55368267259802,0.45166666666666666,0.5876583493282149,0.6158135984997165,0.7610416666666667,0.12359884836852207,0.14419076278948056,0.2461458333333333,0.16151631477927064,0.11236948842077718,0.18697916666666667,0.06869481765834932,0.08350604038553797,0.0946875,9.83368447096929,9.649875703257884,10.518750508626303,9.869577360244723,8.481097900039252,11.25937525431315,18151,478,0,1970,0,1,0,0,0,1,60.42
2021-06-06,1.4648278485685367,1.3105068375233218,1.6952288629984815,1.5852693781499843,2.098519034544658,2.0858313306143748,1.6947647318962955,1.3236760142238464,1.8694413382027268,3.5142096049428337,2.389453872249203,3.416687951900207,0.8815937566055497,0.9081349703048904,1.0882751971091729,1.107995383560965,0.9471146799066799,1.2645070576308695,2.5047274732271108,2.2958562664192055,3.3827188622454463,1.9084844806304337,2.0339990791037086,2.5302622071242786,4.225077793549467,3.868699285275469,4.7704286456865805,3.6965036646686475,3.8011171989550565,4.464850067696891,0.4192887029288703,0.554418856326566,0.33361702127659576,0.6024016736401674,0.6133262629323406,0.8737234042553191,0.1360418410041841,0.14371715510151076,0.29053191489361707,0.15031799163179915,0.11238084931388252,0.2098936170212766,0.06755648535564854,0.07134799359335094,0.052659574468085106,10.672886702405858,9.674702258560236,10.108510768159906,9.849539912395397,8.489022390805593,11.36595770653258,18592,586,0,1970,0,1,0,0,0,1,60.42
2021-06-07,1.4096154411861124,1.3303430656755033,1.2730221200878256,1.6593740171860674,2.100446868096455,2.393884595278232,1.4887077083566356,1.3102311812297334,2.141481815579264,3.389018261936356,2.333574363864477,3.746433636361707,0.8133836687148582,0.913749129471281,0.9876363251068033,1.0945121903949586,0.9339523117157231,1.362950807687827,2.562302992939678,2.3242097543371307,2.522738723852901,1.8683671752088626,2.049217627368931,1.848732339826448,4.204249536477867,3.8756853110412894,4.609286535086948,3.577955322782774,3.752067996881797,4.799954199592799,0.3878470824949698,0.5672048087605142,0.3106451612903226,0.5564520456069751,0.6163279638152674,0.6351612903225806,0.1129644533869886,0.14850182510712587,0.16946236559139785,0.14818242790073777,0.11530272972544041,0.19634408602150538,0.05705566733735749,0.08259601650531662,0.018494623655913978,10.206841308266265,9.723857076257737,10.253763178343414,9.62709590878605,8.340410376329155,11.550537109375,14734,394,0,1970,0,1,0,0,0,1,60.42
2021-06-08,1.320831953430634,1.3528935199555332,1.1973276986701424,1.585473778605757,2.0767468129460367,2.5459091792324946,1.509731319158238,1.2881585798612076,1.9407191705507723,3.404959280924903,2.2956316853938965,4.150053906696513,0.7995526699872845,0.9264436458451791,0.9062339591700528,1.0761550851458717,0.9092547034119912,1.152237459647762,2.470290594988393,2.3271840345305472,2.5636803725983124,1.756071522636838,2.0481348892746563,1.9940390482910284,4.094318060113553,3.9038466487645684,3.913958316212344,3.537917062270951,3.7141621721294125,4.973084871757661,0.37581182795698925,0.5651163058057098,0.4061666666666667,0.5433763440860214,0.6064736539566967,0.7685833333333334,0.10037096774193548,0.136999425177237,0.1355,0.16035483870967743,0.11629622533052308,0.1953333333333333,0.058784946236559145,0.07585514466372868,0.0925,9.889300865255377,9.733021771412147,9.481667073567708,9.512096774193548,8.188706529028549,12.522499593098958,11084,423,0,1970,0,1,0,0,0,1,60.42
2021-06-09,1.2356339117411066,1.2974148308827633,1.052580760802222,1.4540310646954473,2.0732887900750323,2.2522918398648657,1.5605976467331866,1.2876543736882504,1.8171165238416571,3.719739790387376,2.347934623454502,3.7341270321765956,0.8229968572570957,0.8907811760178395,0.9021973605488692,1.0463077362877424,0.9281993018094364,1.111954192134722,2.368809608442959,2.2846597646305553,2.397510538933588,1.6954975180915988,2.0227032669980587,1.6895711311878885,3.989120548476683,3.8768542647205146,3.913539601225944,3.52842453669624,3.723232243678586,4.859020586067294,0.3779403938265035,0.5563680602422477,0.267578125,0.5154124534326769,0.6009192626007885,0.59703125,0.0773336881319851,0.13980179732177742,0.14140625,0.15571048430015966,0.1131019784747629,0.15835937499999997,0.0566897285790314,0.07582957411288317,0.09671874999999999,9.828260128392762,9.67298001101126,8.66015625,9.837360505920703,8.231588329840514,12.3125,9898,322,0,1970,0,1,0,0,0,1,60.42
2021-06-10,1.3063394784279685,1.2771250863219799,1.0359848141137435,1.5242369912826015,2.086842220821183,1.8908875202032993,1.6458077652667726,1.2842587170852715,1.6987703697002126,3.7912581487982386,2.3814455918317767,3.5404864215338834,0.8670833935945537,0.8965131329364692,0.8093902829779123,1.048337898307966,0.929891137484507,1.2184298599407706,2.4283690940390956,2.3142814735005994,2.347606703708437,1.737306299720974,2.036790618318968,1.7646535812608772,3.9716084892452357,3.946789810096919,3.7821742928650495,3.6849583987688077,3.7236031388957476,4.305067164839658,0.39289505920783996,0.5273647649506517,0.3413076923076923,0.5988525928950592,0.5938474500498642,0.5600769230769231,0.11352388730093915,0.13942157570755528,0.21084615384615385,0.16829726418946508,0.1113965404587503,0.12853846153846155,0.06556962025316455,0.07459231747996836,0.053,9.766394606216823,9.51134839574951,9.326923076923077,10.093303389138423,8.34012840022009,10.41769268329327,14314,313,0,1970,0,1,0,0,0,1,57.4
2021-06-11,1.3929060215896094,1.300494019486582,1.5450797151236726,1.588843950747761,2.1163986845841873,2.0501694129201526,1.7219889679766234,1.312678819772029,1.7983732669774635,3.6856147885694366,2.385181746219208,3.6753532900947348,0.8585070008834931,0.9056771566613631,0.9061791414228251,1.0483844438287577,0.9511073762444534,1.111855344659532,2.6069927593891387,2.268236535691489,2.639112121962248,1.8680887113121534,2.0285267280751254,2.102791004999935,4.134731395362457,3.8896305062531282,4.255557764275036,3.6507384883605423,3.788137287110411,4.5896479006035245,0.4381263858093126,0.5609453465499287,0.5642982456140351,0.5753270509977828,0.6260041655417132,0.885438596491228,0.12416297117516631,0.15382921278975584,0.296140350877193,0.15541574279379158,0.11558182589578432,0.2349122807017544,0.06674057649667406,0.07951633432329232,0.05526315789473685,10.169179167821508,9.752350951710572,10.350877192982455,10.122672273420177,8.385644067960042,11.659648694490132,19640,387,0,1970,0,1,0,0,0,1,57.39
2021-06-12,1.4332409573863656,1.3073191019471542,1.2457388826169187,1.6401689849886,2.16432892827324,2.665369510167089,1.7042084463285478,1.351609476963353,1.75638536117643,3.5945918748294354,2.4379492116667425,4.174055693502946,0.8548582127690839,0.9260502603571142,0.8760200200149987,1.1409345162283995,0.9830707315818562,1.3208497112867366,2.6579923733853748,2.2917839382145804,2.7459798305736536,1.9270771590523161,2.0132641897441803,1.9079850855010736,4.2983421312436185,3.8619380601602558,4.214646582661185,3.7377360867984,3.862881526229849,5.154720600709824,0.43993353028064996,0.5698197321469948,0.3347619047619048,0.6161373707533235,0.6518100931461143,0.7752380952380953,0.1365288035450517,0.16314101672922748,0.1223809523809524,0.1822304283604136,0.11467769590805876,0.272952380952381,0.06731905465288036,0.08428842856480838,0.074,10.340399106813146,9.796140055146207,9.830475725446428,10.385450805483751,8.601593997636591,12.47904808407738,15924,382,0,1970,0,1,0,0,0,1,57.38
2021-06-13,1.3765392036225104,1.3124746689331828,1.463709247161298,1.5974531827918603,2.1688726212150398,2.041371144098462,1.645584766508193,1.3335001022376278,1.5626724906432035,3.5922328023515595,2.419926819673601,3.1613415348671796,0.795192248362721,0.9104068124572406,0.8934950063639218,1.0590750144840326,0.9764085307993172,1.0189889589402599,2.5206796654212535,2.2934840362536195,2.6159730841444504,1.7989432965068282,2.0303548485510925,1.7473113894796402,4.1780070818126385,3.9114721226759066,4.181394831262955,3.6809410163899074,3.809744562852825,3.8213333256734647,0.400965379494008,0.5483105472935328,0.44491803278688524,0.5463315579227697,0.6309552993614195,0.6305737704918033,0.11247003994673768,0.1524171773882484,0.09778688524590164,0.15249667110519308,0.11091844169202417,0.19008196721311474,0.058382157123834884,0.08112287318390263,0.04950819672131147,10.191211847744674,9.737487544464921,10.01065613793545,10.22536617842876,8.54481180088287,9.420492203509221,13971,403,0,1970,0,1,0,0,0,1,57.38
2021-06-14,1.336647234780632,1.2907488043974438,1.1835706265224584,1.6449595616951938,2.119533956662953,2.2796174044874924,1.6987623123711,1.319879028657914,2.1691976606491354,3.6115893822223177,2.383284923774222,4.194427942470631,0.8299994022291548,0.8991695415709334,1.0843022945311056,1.15061315495644,0.9427138244094996,1.3935660630072664,2.4970423313904635,2.272757996028747,2.554833335722675,1.8402549113989048,1.9970158440657078,1.7561097602331355,4.208865341525542,3.864750480920191,4.0564347852373235,3.757784143946078,3.7673860352755746,4.71760145517872,0.3808591625883632,0.5524013405633379,0.3038709677419355,0.6208863512778684,0.6178660189787618,0.7999193548387097,0.13232735182164218,0.1515751619219762,0.3208870967741935,0.1479010331702012,0.113613496008435,0.07556451612903226,0.07687873844480696,0.07861726163578853,0.05443548387096774,10.111691348898859,9.60358122928905,9.328225412676412,10.127950397634583,8.3858185297108,12.656451809790827,12350,208,0,1970,0,1,0,0,0,1,62.06
2021-06-15,1.4097610576419661,1.3165018885646,1.2581446092563808,1.7064418600238604,2.102617064959839,2.1082151984829887,1.7251750736799292,1.2842036203643932,1.7603457610391835,3.537508501741797,2.358591790834403,3.903791107614841,0.8622072549569979,0.9062198510983787,0.8506203372258104,1.0768050467852515,0.9318780998095236,1.2579590272974563,2.4324777732081007,2.300497272701985,2.6042452450060014,1.9010603676378017,2.0472878259932914,2.1236209012963316,4.103898561818984,3.848290125929112,3.978945700773403,3.7682004940096023,3.769443057770672,4.626155913382351,0.4041193595342067,0.5632574802866093,0.38311594202898547,0.5964240659873847,0.625321355273107,0.7868115942028986,0.15022319262493936,0.15027580743887947,0.2808695652173913,0.1564919941775837,0.11316818492780759,0.1513768115942029,0.056807375060650166,0.08511648003456594,0.09340579710144928,10.179572833272683,9.65328961581392,9.312318663666213,9.914361960213489,8.27514132430778,12.176087310348732,8721,152,0,1970,0,1,0,0,0,1,62.06
2021-06-16,1.3595605374348008,1.2396319449618285,1.2600214515773824,1.6693056253345062,2.071566189785734,2.2576085069634364,1.663727785064906,1.2890041148123093,1.7502400217516314,3.631666644450017,2.356376560709436,3.818303849929025,0.8146275197757483,0.8910934953097406,0.9067194474505663,1.1035151631538918,0.9462814019677711,1.1231488206972147,2.4542407153586554,2.2727947674251756,2.594103953866616,1.7933134515613123,1.9979456189653426,1.9197957145923934,4.09866434617908,3.820944901474936,4.10957865610609,3.808452665746588,3.772626205227334,4.579796957168885,0.37347510874818757,0.5115140869090661,0.34900000000000003,0.6121749637506041,0.6274046660754485,0.6436666666666667,0.1423779603673272,0.14789412647520295,0.14093333333333333,0.14677138714354762,0.11192782590899789,0.15826666666666667,0.06390043499275011,0.07542772358278191,0.051199999999999996,9.953117448042534,9.551313399617982,10.0186669921875,10.48003828842436,8.423459990449553,11.244666341145834,8275,199,0,1970,0,1,0,0,0,1,62.05
2021-06-17,1.3374837983494978,1.2828698249103194,1.2333065384117956,1.7598553336246205,2.104078506162938,2.334825319574096,1.7755886561671361,1.3028548719024597,2.011308840879918,3.692696588938549,2.3706294858751686,4.102934135276232,0.865548306339564,0.912578562141174,0.9376351554320346,1.109208952979313,0.9317984700950159,1.0656847566012384,2.4386020900691907,2.2885162763726608,2.618287352342128,1.9306394421097428,2.0249346118943023,1.8764407590662748,4.030725685342317,3.8831692733185017,3.762216369826971,3.7161082489185606,3.7688964280845925,4.596309390431029,0.3886427598729006,0.541320902772588,0.37967320261437904,0.6135315478892419,0.6199947687018907,0.7443790849673203,0.1339854743531548,0.1511019355803004,0.17261437908496732,0.1735860190649115,0.109175696883641,0.16869281045751633,0.0576078075351793,0.07799080786189373,0.06588235294117648,9.872037952507943,9.555855200470816,9.398692810457517,9.993599814173853,8.422363682647036,10.814378925398284,12616,316,0,1970,0,1,0,1,0,1,62.04
2021-06-18,1.3792509375659103,1.27459456802446,1.286556414029492,1.714663433256761,2.1133224016257444,2.520664702762975,1.645963524407884,1.3511221263778785,2.3533856490328913,3.5789438699818232,2.395243669627391,4.26915759357283,0.8480673010504751,0.9129927521738006,1.1056816862113823,1.0460903428857107,0.9639450804418107,1.4496320689206281,2.465811397770276,2.273267481877807,2.5692699475017076,1.9127004378132524,2.0243759573075453,1.8075809777943572,4.013934721285251,3.8751599666786123,4.070519715977542,3.6374828588709143,3.8253504228575435,5.1778796476608155,0.40304327151688063,0.5560265923386946,0.46704,0.6009747979077508,0.6346035632227203,0.52856,0.14766999524488825,0.15644242721006443,0.14296,0.1533428435568236,0.12081358996572375,0.12088,0.06392772230147409,0.07465591924366266,0.0648,9.929101469626724,9.521119557233794,9.9687998046875,10.217878848668569,8.586346237146408,13.194400390625,13220,336,0,1970,0,1,0,1,0,1,62.04
2021-06-19,1.3362369358794208,1.357123842851767,1.3290868509583256,1.7686068063989844,2.241365477341784,2.2370423834148467,1.7703358621038907,1.3206888515672106,1.8691927131073198,3.694358436329104,2.4755392326111743,3.434126618676187,0.8986365104265068,0.9119818984607028,0.9484849282987518,1.1587105835720581,0.978355219992533,1.0868711210236401,2.3436603475171687,2.2776433131395337,2.4349260187315824,1.888309234036212,2.089387167752602,1.9485851637575975,3.9192131612714247,3.9318680585253873,4.176609301438069,3.835381360930827,3.8811921679031895,4.568577454915283,0.40454597372929757,0.613639003145415,0.37265306122448977,0.605231296402056,0.662293733365594,0.741530612244898,0.12984580239862936,0.160087910315348,0.07010204081632654,0.1422158766419189,0.11360553270425035,0.2866326530612245,0.06355225585379783,0.09079482216307766,0.048877551020408166,10.329354208309537,9.797382853455924,9.67448954679528,10.276413478012564,8.504544847366724,11.77755052216199,13484,279,0,1970,0,1,0,0,0,1,62.04
2021-06-20,1.428623040153164,1.3474007132600914,1.409611352841387,1.7813174638911453,2.21500833027806,2.6120409241471805,1.7789157647924245,1.3177803806581359,1.9795624373146725,3.6890769830802412,2.44824268952682,3.8001758010827933,0.8755072965898504,0.9146487363032659,0.8913519573618143,1.1322695388393536,0.9663141603505135,1.181954861968394,2.537541160774892,2.2888731324364566,2.8492184895938446,1.8279247999283013,2.085655271669761,2.037302514442272,4.178592174983383,3.9285670305857288,4.365937167927148,3.8530319554712342,3.8738279014969685,4.512988705970822,0.443860955927995,0.5929155684040472,0.302,0.6218435754189944,0.6590047614998725,0.8166,0.15886405959031658,0.1542126519853754,0.2546,0.18547486033519553,0.12111682680044214,0.1462,0.06525139664804469,0.08465861746450132,0.1159,10.368342886793917,9.761942277442394,9.972000122070312,10.392799988361267,8.440366332582263,10.83300048828125,11961,272,0,1970,0,1,0,0,0,1,62.03
2021-06-21,1.426584791365484,1.2881114263197668,1.2007480801510058,1.7526956388758723,2.1049004271594702,2.308339632421016,1.6806091742570768,1.2926557862127228,1.687171425273033,3.6356424058690138,2.369269010820307,3.6660742373426536,0.9175575919159344,0.9124513020642296,0.8440123696444439,1.0827493543184608,0.926935979447733,1.0646780656827513,2.466574861316732,2.2757149794464726,2.485111562195648,1.9030056048352195,2.04010067820532,1.9855661048740545,4.136704105780369,3.8769686823801153,3.7551568719805584,3.6970421603950983,3.7389466560166618,4.492030156796536,0.414823600973236,0.540889171670577,0.4030973451327433,0.6833454987834551,0.6183890722551397,0.7728318584070797,0.17511557177615572,0.15610768680160655,0.35150442477876104,0.18004866180048662,0.10551556845747008,0.05858407079646018,0.08316301703163018,0.07790074362747047,0.033628318584070796,10.43978102189781,9.581894709110431,9.9070796460177,10.039233576642335,8.391986991490038,11.350442261822456,12350,251,0,1970,0,1,0,0,0,1,62.03
2021-06-22,1.3854942202454104,1.299915892537139,1.3507360022603145,1.7324253552807174,2.123054524889731,2.204184477136562,1.7448072409292363,1.3241902634287683,1.9771781280023024,3.6266721273143947,2.3688549184475223,3.356559660898424,0.9074318532840671,0.9055461463351233,1.1890977277255208,1.0783961332332204,0.9238072646460619,1.207102027671052,2.5482490055895974,2.291825330299978,2.578855429604314,1.9335159601073768,2.0575658752313544,1.8542931079830276,4.06761302835986,3.916942156662249,4.04887975346384,3.7219753516756713,3.7601819627011746,4.596715576710339,0.40417423837520045,0.5257998472671733,0.36131147540983605,0.5804275788348476,0.601910614931452,0.6420491803278688,0.11133618385889898,0.1496327139168697,0.11967213114754098,0.18378941742383753,0.10998109022146259,0.17295081967213116,0.05953500801710315,0.07486090403287392,0.12524590163934426,10.249705621993586,9.52041153769228,9.815573770491802,10.083484349946552,8.327248263573221,10.993442222720287,9047,223,0,1970,0,1,0,0,0,1,62.03
2021-06-23,1.3379983240097022,1.2949447895737927,1.179575350160102,1.6270841874840722,2.08318449247874,2.317352069830952,1.6026330316654354,1.3032678690404742,1.8531769515372312,3.4878181498017575,2.359257281126081,3.9498519913431416,0.8615515727102266,0.9092682839775955,0.9211803713297111,1.062124571603437,0.9126884475073083,1.140945249938037,2.504797509735784,2.2773664270503295,2.2598027014588946,1.8713664891223993,2.0264076061990335,1.9305990549993657,4.073164003716254,3.8764074348075104,3.706621615413174,3.729770338335443,3.7257792059038173,4.508575980257736,0.4066366047745358,0.534375,0.3210483870967742,0.5935968169761273,0.6092546965317919,0.6848387096774193,0.12176127320954908,0.1523164739884393,0.16249999999999998,0.17346419098143237,0.1128063583815029,0.13580645161290322,0.06550132625994695,0.07741690751445086,0.030725806451612905,10.051671294761274,9.551510567196532,9.44516089654738,10.062387060676393,8.36270603775289,11.318548387096774,8568,266,0,1970,0,1,0,0,0,1,62.02
2021-06-24,1.2896193168547183,1.28530288240518,1.3265044490426667,1.6300149531738688,2.1142794239188136,2.1112229729574055,1.576964475831663,1.3096695780808416,1.8757646347553816,3.424824509757637,2.389935143319983,3.3474426624438145,0.8130862513281549,0.9130206367630428,1.0108555188344153,1.0560470655732794,0.9537885561072942,1.2371437108546093,2.327291672113989,2.257049790700074,2.546141174979041,1.818104157698594,2.0467519172223327,2.1167284603105783,3.940441021751282,3.8941702865162813,4.315956599537053,3.619435360863839,3.776202455057389,4.36022214435502,0.40591244466305954,0.5601058672974755,0.46338709677419354,0.5806492867683227,0.6215934385543104,0.7237096774193548,0.1294392523364486,0.14928762554775662,0.21548387096774194,0.15893261190359076,0.10696474968007136,0.17274193548387096,0.07607968519429414,0.07680342808391825,0.0757258064516129,10.061731431382194,9.556008720479312,9.334677419354838,9.813035115900147,8.404315885911506,11.765322777532763,13288,308,0,1970,0,1,0,1,0,1,62.02
2021-06-25,1.30246522905698,1.2897941214748998,1.5462331843511605,1.5837784845325285,2.122915395736991,2.3218267002097344,1.597845745438466,1.3174666227107596,1.9123934747747715,3.65500834516693,2.36943534201347,3.967593774182538,0.8309410069629399,0.9223910859231761,1.0379010674288731,1.0563154888480693,0.972923857345774,1.3223655758674666,2.379138280551085,2.264844519962599,2.772054466314585,1.8560668505567868,2.0354738327454496,2.377404896666833,4.05497420149139,3.8700504146192882,4.092291935991375,3.6051485115228217,3.752005842302433,4.457243445387252,0.381996644295302,0.55046356042912,0.441140350877193,0.5749622483221477,0.6208910969478643,0.8608771929824561,0.09402265100671141,0.1434135624084557,0.20552631578947367,0.16565855704697988,0.10671984482007837,0.22543859649122808,0.06948825503355704,0.08051185622105221,0.09824561403508772,9.95603994075084,9.621954915680298,10.06578947368421,9.847357218697567,8.388967306321998,12.313157466419955,13841,326,0,1970,0,1,0,1,0,1,62.01
2021-06-26,1.3713541870719952,1.2567574266080102,1.1406696631162434,1.5908606237518206,2.1078659595043723,2.2773370007811407,1.65116343218999,1.3008704663782351,1.7205346597444828,3.665127371344049,2.4092832070125474,3.8431836013851624,0.8742912921545252,0.8801387177169898,0.8302574942462578,1.0780391922636188,0.9686871836201004,1.2952994126641766,2.4484832753002896,2.2585356370123417,2.450226857443429,1.9014405416596776,1.9979607620040973,1.692151115169034,4.085992269359075,3.8296048573467036,3.6965757997016557,3.609938839676706,3.8132242624658033,4.665896423241429,0.42873424104891583,0.5163277333098778,0.4333620689655172,0.6317397881996974,0.6494854428709649,0.670344827586207,0.12447302067574383,0.1585887061307063,0.28284482758620694,0.1792385274836107,0.11510555018031489,0.10836206896551724,0.08080685829551186,0.0752045034743601,0.056293103448275865,10.23585437153303,9.514539262468116,9.586206896551724,9.626424215204237,8.673199187483508,12.529310555293643,15572,315,0,1970,0,1,0,1,0,1,62.01
2021-06-27,1.2458734958161934,1.2761182058629421,1.4194595441761326,1.5921466455140485,2.123923230906721,2.427700601256216,1.6034266953150547,1.3617834988139914,2.12195143411689,3.604387892530689,2.4068172857163748,4.454460638267688,0.800331604920699,0.9017096480888604,0.9170607449234627,1.0580265837905332,0.9768984785949357,1.4631530770043542,2.3154295123460593,2.2681519506204504,2.44780488725597,1.7747653672811028,2.0172148026378878,2.0281417564882296,3.8034007036509587,3.8092558324907793,4.075457243109561,3.50061341339429,3.7995213852703844,5.023432428896509,0.42941585535465926,0.5410885567700201,0.27680672268907563,0.6107185906351413,0.6419188043720723,0.9432773109243697,0.15028280018544277,0.15224135623466428,0.401344537815126,0.15713490959666204,0.12138701762212803,0.19302521008403362,0.06611497450162261,0.08154360919027437,0.019327731092436972,9.687900223110802,9.527950033459737,8.351260401621586,9.70602707029439,8.612866662948917,12.835294322807249,14971,412,0,1970,0,1,0,0,0,1,62.01
2021-06-28,1.1990800861828526,1.2590064389298017,1.2393281957875435,1.645685628905254,2.1003171790075754,2.22192762451821,1.6162112207577157,1.2908238969666757,1.7114015778991392,3.588188005837408,2.373221764266306,3.7975658697976358,0.8024597242697701,0.8897261231697706,1.0469127258205586,1.098147167400938,0.9562972999910695,1.0763282089571677,2.3439458690468613,2.2517931594781504,2.389650948510093,1.7843082391887237,1.9991471566409942,1.8913780978047294,3.8289329070443014,3.8126582530150244,3.9072559794559045,3.5865732552547755,3.7768827858833354,4.243728387479848,0.3683163444639718,0.5128096514745308,0.3244642857142857,0.6143760984182777,0.6373722966934764,0.6103571428571429,0.12936028119507909,0.16166076854334227,0.19529761904761905,0.1761933216168717,0.11625236818588025,0.11928571428571429,0.07497363796133569,0.07737372654155497,0.05095238095238094,10.054095040641476,9.439702859696157,9.709523518880209,9.852478306239016,8.445686997319035,11.239285423642112,13294,242,0,1970,0,1,0,0,0,1,62.01
2021-06-29,1.2291388667759513,1.283665668435588,1.1777872048808509,1.6175272792631818,2.0823909622510897,2.3242995364566994,1.6329655889941181,1.285826228366697,1.7716358528212879,3.636354218408215,2.350674092695857,3.8163148915135943,0.8159086519598561,0.9136725074597501,0.8374490250443253,1.0356834506728796,0.9372263931963651,1.1386469088237776,2.3311113551447598,2.2811497216311,2.3866202241232446,1.8086260842959787,2.0392851125907905,1.995312751371838,3.7726461712033315,3.840858115070363,3.9466039776622064,3.613918810879869,3.7474237728964392,4.57746635591117,0.3716129032258064,0.5382031390295586,0.23861386138613863,0.6604992319508448,0.622021333907984,0.7134653465346534,0.17295186891961084,0.15269439356391196,0.2917326732673267,0.15710445468509984,0.1129594512085623,0.12782178217821782,0.08022017409114182,0.07579571166900119,0.07811881188118812,9.639170906938045,9.521441654994074,9.522277227722773,9.938556067588326,8.36221682738929,12.078712387840346,10676,173,0,1970,0,1,0,0,0,1,62.0
2021-06-30,1.1998276813600028,1.2883605803487335,1.3091346031455307,1.6150748473364602,2.1004378558056342,2.4586290201169283,1.5645041909164765,1.3046904349835888,1.969231395457945,3.703259719129345,2.4063113287143456,4.321981988200109,0.8375907825218676,0.9012473705783057,0.9861948185823087,1.0211092970874551,0.9565682389977679,1.2433510738190616,2.354137526771996,2.281328175359921,2.530754853393633,1.8107864121072663,2.048255607222439,1.960379811354613,3.781405697643616,3.8839507094768595,3.8656705009623837,3.6019246401992757,3.790330135486261,4.9272024984382,0.39193032427695,0.5277236529113662,0.4908372093023256,0.5985692375109554,0.6385334574413074,0.7626976744186047,0.14163453111305874,0.1642182921363809,0.20041860465116282,0.1528396143733567,0.11312648671010446,0.22730232558139535,0.06537028921998247,0.07620126176440169,0.07055813953488373,9.53707342791411,9.578636191264177,9.390697674418604,9.83932936431858,8.496390957355121,12.955813953488372,10438,183,0,1970,0,1,0,0,0,1,62.0
2021-07-01,1.2974375047532292,1.3339840111936023,1.4716593958554285,1.636673513461655,2.1043181197426972,2.6312326582591448,1.6652750167747479,1.3129922992691494,2.203173095734631,3.762860460713528,2.3491200546739592,4.033843873970703,0.8795241007603865,0.9220197545669313,1.131467428131385,1.0745919395249233,0.931140923460777,1.385612972067374,2.3935336489018506,2.3011937872015253,2.511324462741525,1.880228565587155,2.0595680362967745,2.0984027661942637,3.83923225425553,3.8401325839951843,3.8872912015981824,3.722119806763702,3.719524949493127,4.975304972838238,0.42163924050632906,0.5660756501182034,0.4187861271676301,0.6212025316455696,0.6315639520665199,0.8310982658959538,0.14290506329113922,0.1503093665932991,0.21,0.1597753164556962,0.11082130920355425,0.24826589595375725,0.08185759493670887,0.08061832558897856,0.12381502890173411,9.874367088607595,9.671080821513002,10.065896094878974,10.274304044699367,8.41524835432461,12.617918510657514,15514,282,0,2129,0,1,0,0,0,1,62.0
2021-07-02,1.2761197736381278,1.345248980248707,1.2055877014317655,1.5745689639325862,2.1404891442415637,2.776632020604137,1.55950546816909,1.3182470343923829,1.9908246817527442,3.5425311893321134,2.3624344296750133,4.335311070130168,0.8655539572968898,0.9059451828936238,0.9393251055304207,1.0470730729304238,0.9488242653093731,1.3536166949600013,2.362970941369682,2.2759170380229157,2.279586218245347,1.8350669117608363,2.075862831240464,1.8856239080360264,3.9583445088806615,3.836898968881467,3.6661947914172712,3.5603808323248582,3.7605760410351943,5.086553698399751,0.40325985718720897,0.5707417923691216,0.4141875,0.5881651660974853,0.634444099378882,0.70475,0.12256131636137844,0.14778083407275955,0.1705625,0.15870226637690157,0.1157187222715173,0.137375,0.07548587395218875,0.08318101153504881,0.1393125,10.105122511448307,9.651579137089618,9.778125,10.061968211541446,8.400842945874002,12.53812484741211,11639,244,0,2129,0,1,0,0,0,1,61.99
2021-07-03,1.1967218632171843,1.3296503886589344,1.281140568349261,1.59794845829433,2.130302081994968,2.2778299286266606,1.590250694018521,1.319897611736128,1.8785948179191552,3.6251488690863187,2.393154820174257,3.7936272835880653,0.8268755408935503,0.9279190453165524,0.9727869701470454,1.0496039418601741,0.9491409165327659,1.0714937936671247,2.302004235590309,2.2868514615857682,2.344711258477141,1.7525171102922596,2.0578995029572225,2.0675845429411455,3.799680521002656,3.8469324772552804,3.867254741639662,3.628958458684591,3.7811942082183227,4.375403754260586,0.3725715214564369,0.558748652145784,0.48594202898550726,0.5986866059817946,0.6425215656674574,0.6263768115942029,0.1172041612483745,0.1557262238516282,0.19188405797101446,0.16539011703511053,0.11969322838041836,0.10565217391304348,0.06928803641092328,0.07937297821867587,0.10659420289855073,10.082835104437581,9.78280171716627,9.988405089447463,10.175812997805592,8.432785037470348,11.327535878057065,18586,289,0,2129,0,1,0,0,0,1,61.99
2021-07-04,1.3969138364271219,1.3122409384001277,1.3810065003858,1.6885060218857677,2.0926669367579187,2.4360595894825927,1.6388732904911185,1.2739376888242762,1.6713558486191176,3.700047552997144,2.3686214993482446,3.8191935520510825,0.8519445685964979,0.893304001817656,0.947273940367594,1.0796309400316657,0.9418167513978518,0.9905076248999514,2.447954736518248,2.290747042837565,2.671614893186452,1.9345818776172445,2.039248042989315,1.9962506686181356,4.020473347918642,3.811781610383772,3.83559942700145,3.6510889371360573,3.7343904193796957,4.664383903246944,0.40390515463917526,0.5666731239804241,0.362890625,0.6272742268041237,0.6194040579119087,0.855625,0.12018144329896907,0.15346349918433932,0.24,0.1911257731958763,0.11137489804241435,0.190390625,0.05808659793814432,0.07300061174551387,0.083359375,10.062392074742268,9.669356329017129,8.951562881469727,10.262927673969072,8.415058976090947,12.12890625,16890,304,0,2129,0,1,0,0,0,1,61.99
2021-07-05,1.3863927692807994,1.3072255818138114,1.3656199170961725,1.669455826031536,2.1563324290221306,2.203603438793378,1.7679564724280297,1.3172393304990637,1.817036782642419,3.709208940610697,2.433689079631068,3.6844755384656764,0.9027347700134488,0.9152489999889609,0.8884566636576637,1.14128135219934,0.986435646383135,1.1134268114989374,2.517712753965023,2.2913683220054337,2.497417632019348,1.8960198003840671,2.057964968378432,1.938791159441776,4.127308871198044,3.857615319499969,4.159920313780217,3.8442796780948822,3.846369992074484,4.69546212187981,0.4121435272045028,0.5330211545049675,0.399375,0.5778330206378988,0.6484622302158273,0.626171875,0.1252579737335835,0.16257151421719768,0.112109375,0.1468996247654784,0.11788412127440905,0.21562499999999998,0.06132739212007505,0.07988352175402536,0.093671875,10.194980871833959,9.524271877141144,9.397656440734863,10.233911453447467,8.62876439919493,12.478124618530273,13189,152,0,2129,0,1,0,0,0,1,61.99
2021-07-06,1.337229316662865,1.2501290587914717,1.206711316746159,1.7100348539480519,2.0775399654839775,2.3390181910617427,1.6986837759749298,1.2515804542524183,1.8758640069954098,3.77348518980677,2.34943474454712,3.749414922186375,0.8681331589886079,0.896846741305504,0.8031023522255687,1.0767967925542155,0.9797585451111037,1.2158570486736804,2.4096961086694124,2.310576225647127,2.617425769534914,1.8552744313720524,2.029348104900544,1.982162780900196,4.046178791074315,3.815822352019934,4.209632195930851,3.676404439550533,3.8070121269168555,4.452258816548093,0.3943241008681273,0.5240109058927,0.30000000000000004,0.6456221579164945,0.6622733509234828,0.5660447761194031,0.1377180653162464,0.15888935795954268,0.12208955223880597,0.15438197602315007,0.1123598944591029,0.15835820895522387,0.07114510128152128,0.07611011433597185,0.05082089552238806,9.951219512195122,9.507346086191733,9.285074262476678,10.087184948584126,8.409920844327177,12.220149253731343,10459,125,0,2129,0,1,0,0,0,1,61.99
2021-07-07,1.2835287237303965,1.2875615772434374,1.3058042633293407,1.6002808579938208,2.1016176714482535,2.2468550978261086,1.650881245730071,1.3250363478939307,2.087565313110889,3.7394427137411688,2.38928214185437,4.014496820386184,0.8574969278574112,0.9052266249806529,1.042936969077669,1.0631664677533004,0.9513193064477699,1.244891112984838,2.477497223650985,2.2520948305518136,2.3477919210024383,1.8638586916817184,2.0532458283918746,1.955081725798518,4.039495872550914,3.8682837378941883,4.0758575533052115,3.679695422954282,3.773757325250051,4.621376113682991,0.41045640074211504,0.5239959727038819,0.5095302013422819,0.5653803339517626,0.639293358690383,0.695771812080537,0.12735064935064935,0.1578357012342917,0.20181208053691274,0.13659369202226346,0.11309915352201962,0.19999999999999998,0.05392207792207792,0.07884550844613492,0.07369127516778523,9.817402017625232,9.418794514673529,9.855704697986576,10.05012972518553,8.531367695864564,12.324832378617868,9147,103,0,2129,0,1,1,0,0,1,61.98
2021-07-08,1.3477132429273593,1.2740342283642982,1.3797576779444216,1.646080574548568,2.139595919385018,2.3024208764940584,1.6794325349701518,1.3370410981509846,1.9955788487934298,3.699998481651919,2.4344309660633043,3.796274094400259,0.8759730555336613,0.9323212168694224,1.0382831959785774,1.0742019574758201,0.9691685633528271,1.3986609335106868,2.4737180753014876,2.2517009892238566,2.949124071467047,1.8809117148820411,2.052639252903218,2.140803398724258,4.089510562811521,3.8179438456569748,4.104974117572818,3.659750050757778,3.8325442602015554,4.584494871680502,0.4034395604395605,0.5410207987289666,0.433625,0.5884102564102563,0.6420748176500325,0.6403749999999999,0.12782783882783882,0.1660240485303676,0.09275,0.1428864468864469,0.114956669314653,0.172625,0.05499267399267399,0.07530078717411715,0.0499375,10.030292754120879,9.500736847331552,10.10437469482422,10.060769373855312,8.635126855094967,12.098124694824218,19962,301,0,2129,0,1,1,1,0,1,55.21
2021-07-09,1.2608434560443147,1.2958126643326664,1.3975135344126075,1.663184147829463,2.145354603797787,2.29828008328303,1.6898495934457456,1.3207851103025856,1.9946925188064315,3.5748576053891212,2.4155099006111995,3.8415874680417015,0.8473311777331185,0.9268252248587451,0.9684615320291245,1.1697302694945129,0.9712756235465656,1.2455080693602167,2.441077214140188,2.2550873813755485,2.541706100308757,1.8780691980517459,2.0586690263692518,1.7861784815593107,3.9583762792740025,3.8399491262039867,4.098990562519409,3.770109691331419,3.8275565460220125,4.576520935607032,0.37173519736842103,0.5637833450171568,0.30674418604651166,0.5891652960526316,0.6515588680219903,0.9820930232558139,0.13871299342105264,0.15777441611629708,0.2651937984496124,0.15173519736842103,0.1195044828985721,0.18728682170542635,0.06324013157894737,0.08012397151606833,0.2,10.09769720780222,9.589329363908055,10.119380034217539,9.950246710526315,8.578947095339998,12.181395538093508,22636,250,0,2129,0,1,1,1,0,1,55.21
2021-07-10,1.3246772985591926,1.3236626543498502,1.34840513794976,1.7036090156554604,2.1543959004478683,2.09028936904128,1.6573578322656883,1.3291557418954023,1.8730724423383198,3.658191550738084,2.403467307360458,3.750259227833603,0.8345502105303578,0.9259754973830205,0.9323896294542046,1.1067197177029766,0.9794632994231572,1.214949052731618,2.565405609782357,2.2682548237134847,2.425787689293853,1.8543681293142422,2.054866750554896,2.1408030351335614,4.067046695337845,3.8562282051358525,4.091790997451747,3.7627052301189186,3.801670482314004,4.70036732796089,0.3630040595399188,0.5556981786643539,0.37698630136986305,0.5958637798827244,0.6535920025562605,0.7230821917808219,0.12751465944970683,0.15465148126169717,0.21726027397260272,0.1634100135317997,0.11882822842013968,0.21280821917808218,0.06843031123139377,0.08066645364495366,0.05527397260273973,9.756021474684259,9.564171840051126,10.165753090218322,10.22192151556157,8.634212951339755,11.913014033069349,183538,262,0,2129,0,1,0,1,0,1,55.21
2021-07-11,1.4534124655101148,1.3040989611837621,1.3818790002940005,1.7086437223953896,2.1111455808778787,2.320060895674276,1.6496848746294315,1.2883264683132074,1.9512949222193383,3.6715252687101456,2.360982952493728,4.024017758094613,0.8740564620188975,0.9018692723227998,1.0788431057257477,1.1080792535520398,0.9651030923122943,1.2176050875603772,2.482275632041182,2.2525654420541383,2.633179536249995,1.8578351394426444,2.067895323882524,2.0065724264226055,4.208526886965263,3.847784458008117,4.071442986001475,3.773671374408694,3.77735755448817,4.885343253824861,0.4160233621127476,0.5603249178704829,0.45471014492753625,0.5997003555104113,0.6512339678682327,0.6521739130434783,0.1380243778567801,0.1590585482201521,0.18637681159420288,0.14597765363128493,0.11768687277800279,0.14702898550724636,0.05755205688166582,0.07814814814814815,0.07050724637681159,10.327272925660234,9.665091580036902,10.131883704144022,10.25358089448959,8.528954873768058,11.976087487262228,27579,316,0,2129,0,1,0,1,0,1,55.2
2021-07-12,1.396704076666935,1.2881552212377791,1.3168613871330048,1.6977385423612639,2.140221199298609,2.519816209318114,1.7238112470656923,1.3208568602137205,2.1058315872200737,3.7802580105842987,2.4027349157411404,4.007474034219485,0.8597812810059109,0.9015389685801601,0.7916167027587289,1.0528845437519339,0.9679101265745106,1.3130585977810176,2.4817969859469002,2.262399115914319,2.453529880814201,1.9459225747494389,2.0424197889604088,1.9004373089018087,4.135094107294823,3.85755068803805,3.6776409886637857,3.690520078668728,3.8209809161562682,4.997083898456601,0.390045742434905,0.5347281825763894,0.5441610738255034,0.6292329345531316,0.6317579043142012,0.8420134228187919,0.14583040112596762,0.15140192584729698,0.2461744966442953,0.15442294159042927,0.11491015239972704,0.14644295302013424,0.06158339197748065,0.08210288877094549,0.07295302013422818,10.078711899630543,9.572113243043445,10.46040252071099,10.094334837922238,8.626002848017286,12.853019970375419,20875,149,0,2129,0,1,0,0,0,1,55.2
2021-07-13,1.3607926845337146,1.2727741900788836,1.355870804249664,1.6604561020750443,2.1476690418080517,2.421713266278264,1.7404079218918485,1.3570635017919546,2.1938242920573097,3.6602245924230554,2.4803733667629997,4.045187636901418,0.8692465191650677,0.9148402696103451,1.0088197252908575,1.0991295609098428,0.9817859589991325,1.3174191213593869,2.4840677776612887,2.2850622257316946,2.5584617238383984,1.8776270270723177,2.051118007011451,1.9570016053763388,4.0127533758518865,3.9056528912236055,4.001401928251088,3.7101969048909127,3.862957669815332,4.89388910585142,0.39860219263899765,0.49952180217853176,0.30797202797202794,0.5831401722787783,0.626903180116683,0.8375524475524475,0.10415426781519188,0.15027653188547532,0.21188811188811188,0.15859827721221614,0.11953158196472533,0.1504195804195804,0.06320281910728269,0.07302600074191481,0.11979020979020978,10.044284088684417,9.276720525747816,9.45944021798514,9.934964914105326,8.745546403399318,11.613986355441433,16722,119,0,2129,0,1,0,0,0,1,55.2
2021-07-14,1.3697764383698732,1.2748345746832939,1.2716119605784022,1.715952517947063,2.1256405071798543,2.568941048210568,1.6888054190720059,1.310595427178844,2.096020883027814,3.6404340851600008,2.405124592720473,4.131851160570898,0.8692732158622831,0.9067817417542932,1.1058436176692237,1.0924794605079604,0.9560766432670225,1.4571074313681074,2.499405000869306,2.2614487399980367,2.781458889816081,1.9016307961383145,2.0429806439230824,2.0113343878466914,4.0414996173144315,3.857221944668434,4.26751113072422,3.7001191371583855,3.8097578276578625,4.98610733396684,0.41800218340611356,0.5157437143460807,0.4526582278481012,0.5962772925764191,0.6356356081414184,0.8070253164556962,0.11240902474526927,0.16383935488414678,0.18715189873417723,0.17014919941775836,0.11147193464328474,0.2279746835443038,0.06889737991266376,0.07482181843791816,0.09234177215189873,10.138428089747089,9.385865641946616,9.741139085986946,9.92954890488537,8.521948618740756,12.020252855518196,28892,295,0,2129,0,1,0,0,0,1,55.2
2021-07-15,1.3298391058867642,1.27204235372879,1.2275251264255223,1.6637700519887855,2.124856817789879,2.0508447835965806,1.6556867291310473,1.3348582632393322,1.9823936601645238,3.7349557284166703,2.408064810773599,3.490601524660759,0.8263211393291064,0.9260834500432236,0.8899548720620882,1.0745401032477175,0.989177323522582,1.200826546225145,2.472922739377315,2.271272663877927,2.539010035825782,1.8333848382980298,2.020756151612224,1.9020497236122638,3.990333236144483,3.861609698278488,4.304205656925901,3.5911456421415497,3.8135376075202503,4.200217742288325,0.40736174365647365,0.5330691666947696,0.3564670658682635,0.6321795705920624,0.6474494992075001,0.6541916167664671,0.1331327260897853,0.15232185613597277,0.17329341317365268,0.16055627846454132,0.11917681178970087,0.14688622754491018,0.0979017566688354,0.0784612012275318,0.10808383233532935,9.846844248129473,9.542603193606043,9.361676792898578,10.103058159157449,8.717151826965232,10.98742529589259,34978,337,0,2129,0,1,0,0,0,1,53.63
2021-07-16,1.2405351001471072,1.230058347585685,1.4457687550240133,1.6397631193219375,2.1320584425812683,2.6267564777697543,1.5588306350340437,1.3414370082035187,2.064835295029522,3.7995520633936963,2.4478590410582206,4.286630138972672,0.8295780276505001,0.8901600230295362,0.9929443112830568,1.0315840025463778,1.0001542620612525,1.3093727874457448,2.410933689534029,2.272549848807969,2.630167109712821,1.885701887773605,2.003111090078699,1.987973266197589,3.874066259722624,3.8550073523113917,4.345729665452206,3.543220987195803,3.8545950932198676,4.647603333764411,0.40031684448755256,0.5134251064220745,0.380497512437811,0.6021920465567411,0.6470125256484855,0.6318407960199005,0.13485289363077918,0.1603852632223685,0.1436318407960199,0.15263821532492727,0.11913239212323522,0.12437810945273632,0.08357258325250566,0.07491838422197043,0.055422885572139306,9.728290191561591,9.315119399442624,9.675622133473258,10.002133724337213,8.874813378556334,11.694527849036069,38299,342,0,2129,0,1,0,0,0,1,53.63
2021-07-17,1.2607201015715577,1.211092120220483,1.2113558576802284,1.6379457217122786,2.184598391525926,2.2197609081353105,1.6468090334551326,1.390076642527028,1.8956742958341994,3.826158529848248,2.49951012160929,3.567548808369467,0.8165623143203101,0.9073239192791548,0.9200202841272451,1.0724635322472196,1.048151192432139,1.2438187434884127,2.4159193484054433,2.25185274746566,2.442990306728744,1.7874393086907765,1.9593499913813002,1.8931874410173193,3.9822518422105393,3.8116824252548698,3.7783327810684915,3.6506477688425614,3.958569256797213,4.503690967960746,0.3958336681398152,0.504751551706,0.33696132596685086,0.5992286058658096,0.6557797103482134,0.6853591160220994,0.12952993169947769,0.16886243293474068,0.1412707182320442,0.1623503415026115,0.1165364519409475,0.17657458563535913,0.07866211329851346,0.07421818564365115,0.053977900552486184,9.993009083718361,9.266002516043063,9.336464223282114,10.360023949126155,9.11340603850335,12.2292817679558,40555,319,0,2129,0,1,0,0,0,1,53.62
2021-07-18,1.2840559151724313,1.230187570747169,1.2282181152475011,1.688820737137194,2.2264106870696305,2.302181359086588,1.6451002674550228,1.3952270791762122,1.843437662080626,3.8838512000507963,2.5311615791518927,4.045300167160538,0.816720416601539,0.9109826652443364,0.7962172781821558,1.1025560258361744,1.068669344066442,1.1502261437277106,2.416538385949114,2.2285522817730268,2.344927009664736,1.8926691690794164,1.9777023019516795,1.9265203330141543,3.9254328021986984,3.8055392321465686,3.8151232140015012,3.7012834407829316,3.968576945070667,4.753673327255539,0.38827024827024825,0.5082182899308665,0.46637426900584794,0.5877248677248678,0.665149550453129,0.6224561403508772,0.14035002035002034,0.1654550990435935,0.16760233918128656,0.150997150997151,0.1189132070064835,0.1152046783625731,0.06735042735042734,0.07580434860479278,0.08988304093567251,9.721041762057387,9.305921347207795,8.918713307520102,10.225641184625559,9.064115279220546,11.080116673519736,42258,370,0,2129,0,1,0,0,0,1,53.62
2021-07-19,1.3406274822472508,1.2339617275572619,1.426493559242529,1.6554287041252085,2.1282684051876894,2.289683097288342,1.5826947287380593,1.3253755939947673,1.833536361449161,3.6612706060775304,2.46771738855922,3.800341329101621,0.8423694670687794,0.9123993714457871,0.9585508486413785,1.0789267651321344,0.9959092148259405,1.3082353587600084,2.451445367554472,2.2407365277882683,2.6177805909348533,1.9150194098970015,2.005089494369544,2.1278613050803052,4.0778748608980955,3.819289826366624,3.9463328730431013,3.6962964935550375,3.830062256614323,4.8336033970213315,0.384051981252663,0.507278064951118,0.3641304347826087,0.6253089049850873,0.6498752668839195,0.6702173913043478,0.13864933958244569,0.17767164849983144,0.2286413043478261,0.16206220707285898,0.11187436790650634,0.12695652173913044,0.08076267575628462,0.07238257107540172,0.09570652173913043,10.048273893534299,9.28832505759074,9.565217391304348,10.189092791329356,8.771302428643668,11.778260604194973,32139,183,0,2129,0,1,0,0,0,1,53.62
2021-07-20,1.4142111493593483,1.2306660907024847,1.3580843107041152,1.6278808050935099,2.126493018352585,2.248094358494898,1.629550009323336,1.3392228606953112,1.8556727596558291,3.689169392540554,2.439375066597375,3.7019665754840303,0.9089190661179243,0.8892955201966826,1.0248607017500866,1.051654182293776,1.0118537621004626,1.1570593461487253,2.47403482827384,2.2866427402617058,2.6026452868413568,1.859605590105718,1.9744430222262381,2.025870856486176,4.065725373214893,3.8511138948867023,4.035943258084281,3.6058536686295546,3.8536245085978473,4.245467221097967,0.41888216447134213,0.49071736361419005,0.37899122807017543,0.6327127091491634,0.6472497899672077,0.7884210526315789,0.1406443574225703,0.1638312691400851,0.28206140350877196,0.1512424350302599,0.11824602292745061,0.156359649122807,0.06944464222143111,0.06990894062169707,0.10539473684210526,10.260698035332858,9.315737723244533,9.753508986088267,10.228551085795656,8.872462668364996,11.813157466419955,27993,146,0,2129,0,1,0,0,0,1,53.62
2021-07-21,1.3231725614324865,1.2286115476922106,1.373778799220256,1.6700621903473354,2.169969897501932,2.3750147866305746,1.68186415616119,1.360129338756268,2.0742630680635163,3.8383352594272377,2.468749700340925,3.839740204460275,0.8953183105783923,0.9192002431439572,1.0603750700230181,1.0632675673563938,1.044608486437184,1.2673966229528635,2.3316258930436016,2.2721241252796376,2.4739678395654914,1.859677852172326,1.9796885895385437,1.9295942259331704,3.890025994762701,3.850567667565503,3.9577449268312517,3.616794777981051,3.9013708999618957,4.608675314377685,0.42283777354900093,0.4955073031507079,0.42109540636042403,0.5899904852521408,0.6471293860876378,0.757279151943463,0.14532112274024736,0.16110666517432426,0.19501766784452296,0.1523358705994291,0.11695841960937936,0.20236749116607775,0.07773786869647954,0.08077368627231518,0.09579505300353357,9.967840338070884,9.336663705299681,10.00141308248675,10.312393144921502,8.94151620823773,11.706713780918728,45195,284,0,2129,0,1,0,0,0,1,53.62
2021-07-22,1.3538532937384706,1.2281775337433376,1.415738032643728,1.6638178818565532,2.159335915317123,2.320890483442166,1.6839359598646149,1.3521237854161687,1.853723210924248,3.7505601812623808,2.454949240619136,3.5888483314613024,0.8937576950315191,0.9201143848710678,0.9776356318324931,1.1070779118035308,1.0499901599435786,1.3802854896751726,2.366419470152763,2.296641909779496,2.5863042308488216,1.8879959126871662,1.9689745222540052,1.8914669789214735,3.890858602155794,3.856195962469078,4.198244797408049,3.6855608518400893,3.906161498010887,4.549422773767727,0.4129569230769231,0.4857180035064651,0.3625974025974026,0.6522584615384616,0.638154996712689,0.7688311688311688,0.14876615384615385,0.1552081963620425,0.16506493506493508,0.1577353846153846,0.11683349769888232,0.19506493506493508,0.08802769230769232,0.07012080867850098,0.1262770562770563,10.092830528846154,9.278714318978743,9.464501318993506,10.073692307692308,8.890272298926146,12.11861429586039,51040,320,0,2129,0,1,0,0,0,1,53.61
2021-07-23,1.3320354604412776,1.2019425667048815,1.4528617657551475,1.6667559935655427,2.174948641349184,2.1997808405636046,1.701332426703006,1.383901097392939,2.004150430015795,3.7884782185355625,2.5001580161552988,3.705363403686732,0.842025165551445,0.9379989817348064,0.9388581170927227,1.1896401097115605,1.076025812061716,1.3144743802324663,2.447659454428339,2.259934196091314,2.7262621209847255,1.8901045788296218,1.9806037560266558,2.120384415534572,3.9481110375903974,3.8902690214278217,4.28713593418982,3.7741381849891638,3.9248218320995427,4.4727643537049575,0.4010541727672035,0.487680289427844,0.4432178217821782,0.6454502196193265,0.6624408414846576,0.7173267326732674,0.1455234260614934,0.16213613828219214,0.2204950495049505,0.18006588579795021,0.11605306177140559,0.16371287128712872,0.07210468521229868,0.07387109741390861,0.06356435643564357,10.070790772556736,9.24405232480236,9.573267568456064,10.235834839403367,9.131049008441645,11.731187877088491,61313,399,0,2129,0,1,0,0,0,1,53.61
2021-07-24,1.2861342776179252,1.2124766491106327,1.3921337270629304,1.763569323082785,2.221835215775784,2.5434145591302064,1.7012310394736918,1.4147367066712802,2.2576877618303404,3.785798123174489,2.558852831464218,4.290874032034714,0.7706016617024962,0.9137501595493279,1.0163119876942746,1.1424600984357478,1.1052685313107455,1.250457419574305,2.3860069881900006,2.249885115229471,2.67728388040778,1.7124792557607564,1.9460234374040515,1.7781348494293863,3.9594383812697527,3.876941292625397,4.31702604197495,3.8026672683434812,4.051241560284269,5.143003811423496,0.37892573563755255,0.5023003808264879,0.3898974358974359,0.5897057449789818,0.6735851194410348,0.6797948717948719,0.10574030826716486,0.15814496585150914,0.15112820512820513,0.15819243344231668,0.12684795266421175,0.2423076923076923,0.08271368519383465,0.07786265067824882,0.03158974358974359,9.815273236805231,9.292638403676078,9.167179361979167,10.477907154950957,9.546797792150569,12.626666416266026,71708,338,0,2129,0,1,0,0,0,1,53.61
2021-07-25,1.2743980097533398,1.214820850428672,1.4529256391928689,1.6361918515507887,2.1861381021758093,2.323572525665559,1.5857400474145098,1.387824827793902,2.060072162072116,3.8257042657173854,2.5301593029153877,3.798974350732846,0.7987976571752509,0.9026016794894466,0.9704206411163936,1.081735402884598,1.0768085062250652,1.3453114021001158,2.3992740229763774,2.2478308847208375,2.6824724911122613,1.7555406917944658,1.9644381798344221,1.9758930525214844,3.832428119661497,3.870360954594002,4.144667480732582,3.6859572432079806,3.9832778542947795,4.6073885260757885,0.3737608795235914,0.48053987455197134,0.5562209302325581,0.6071415483279891,0.6897625448028674,0.7017441860465117,0.14370590929912963,0.16869239631336405,0.11924418604651164,0.1484425103069171,0.1260487071172555,0.22005813953488373,0.0683967017865323,0.07991103430619559,0.07994186046511628,9.996106275767293,9.292447716653866,10.226744186046512,10.194686211635364,9.322964669738864,12.762209870094477,69639,414,0,2129,0,1,0,0,0,1,53.61
2021-07-26,1.3174751721031712,1.2016523558612462,1.310083876483632,1.739187272326021,2.172122744305576,2.482018549837972,1.6346471396417661,1.3564455533393955,1.728668802673974,3.699834656102935,2.477591561270424,4.053146540320737,0.8646664259989567,0.8892624632116473,0.9851562377785182,1.1267355556251692,1.0727569839582736,1.1992548545282775,2.442928265379319,2.262306399384157,2.4444786848553464,1.8858418878429564,1.9614501184668447,1.9429044224401826,4.011569451322652,3.881540496312801,3.8754617890026384,3.758239590471888,3.961418171760904,4.686132225798143,0.39195616617598955,0.4763559299654052,0.41801762114537444,0.6383742230945372,0.6952436158132411,0.7917621145374449,0.12185148838730782,0.16988512425066682,0.2350660792951542,0.16722276741903827,0.12333166081284495,0.19801762114537447,0.07572456656853124,0.07383975493173477,0.14400881057268722,9.727085122260386,9.242620553516254,10.35110110648403,10.433627611833497,9.16104226635329,12.12202621661619,53795,254,0,2129,0,1,0,0,0,1,52.81
2021-07-27,1.468957980685793,1.1987497462672239,1.432710501990386,1.6109182574658065,2.1298160417855745,2.372427371659154,1.6668868328797324,1.3425952387315965,1.8868145715173483,3.564797230636948,2.470285713973877,3.665172850751066,0.908313161491012,0.8999357010550767,0.9391195306787703,1.0595298325326423,1.0339254701436815,1.3313522444804697,2.5640209982731124,2.267835660996667,2.6852902325736796,1.9296458247604193,1.9535144896900125,2.004459441579851,4.210628393449538,3.8486116361440623,4.09487972100701,3.5925583269587533,3.912693380100436,4.7821995701679505,0.4033221137664086,0.48032315699526135,0.4207881773399015,0.5706226859643218,0.6532851705119243,0.8100985221674877,0.11572534500168295,0.1611657474300215,0.19866995073891625,0.14602490743857288,0.11860120665993423,0.14172413793103447,0.05694715583978458,0.06925011004945753,0.08507389162561577,10.370750589027264,9.210228449726818,9.961084224907635,9.80477953550993,9.019281312307413,13.1285719096367,43206,249,0,2129,0,1,0,0,0,1,52.8
2021-07-28,1.4332768400220672,1.1639895358799086,1.5290509496902134,1.6923176978669061,2.1319528651829525,2.3635281065440767,1.6383225469449474,1.35449358890361,1.9753799215011771,3.6179803644309683,2.4961994553389575,3.9145245351932276,0.8572465289999796,0.8938015324933333,0.9746318737249242,1.1149798782330427,1.0380877046361874,1.2734112078401358,2.551824756461694,2.2651542806216685,2.6939514549067325,1.9228990373103412,1.9313993778843748,2.0762164799127247,4.223137690148374,3.8294171876770142,4.238731768496528,3.6986052699460648,3.9509017511620654,4.545448665834581,0.4103985890652557,0.46503199820989033,0.5247391304347826,0.5913615520282187,0.6640639964197808,0.6694347826086956,0.11785185185185186,0.16594763929290668,0.17269565217391303,0.1504620811287478,0.11752964869098231,0.13882608695652174,0.06950970017636685,0.07014589393600358,0.08682608695652173,10.104938271604938,9.191192800402774,10.379130222486413,10.25679012345679,9.04019215708212,12.180869989809782,71245,411,0,2129,0,1,0,0,0,1,52.8
2021-07-29,1.3381352364333379,1.168387296479243,1.3776272654468629,1.7558464829018103,2.1685483152579224,2.3603995147444015,1.646058519108156,1.3755317400485692,1.8473163310226708,3.8678202810397666,2.539584824205971,4.007332767650151,0.8390742139984094,0.8960751912573605,1.0456626194683953,1.1449419447121265,1.0585700584718858,1.1260658945244382,2.5161356132931925,2.2663844229779317,2.775309050169637,1.913303449429915,1.945122034876564,2.0195107011917584,4.08344419132435,3.814698786096031,4.038066500093378,3.7495272497044714,4.0009159926284745,4.696634100633041,0.38082722513089007,0.46272318753744757,0.5136200716845879,0.6379005235602093,0.6723752131631101,0.6713620071684588,0.15245549738219896,0.1753258515002074,0.17204301075268819,0.15261780104712042,0.1198373046965018,0.16025089605734769,0.06826701570680628,0.07147301470249343,0.058458781362007176,9.925993946335078,9.217004366963174,9.30215071264561,10.432618210078534,9.167322959395309,11.683154471886201,85805,499,0,2129,0,1,0,0,0,1,52.8
2021-07-30,1.3065483483134672,1.1517458663862714,1.4446938283008872,1.6701174999013741,2.166611340790729,2.311044297989351,1.6712652101166392,1.3860251762249276,1.8272086631109359,3.8028201153989247,2.533735518405987,3.699074649570747,0.8407673197934469,0.890731320057133,0.9819961922835443,1.124758912582161,1.068515926865932,1.317378957114831,2.4478486822275998,2.267786201832238,2.830163906806693,1.8311297674139484,1.9327694476646986,2.052167849045822,4.000185030162444,3.826914211692556,4.263420368495532,3.714967728263794,3.978411518811232,4.739024299151417,0.4228668427008676,0.46390776319026633,0.4812236286919831,0.6370614862316106,0.6759721321375053,0.6852320675105485,0.14114296491889852,0.17614077072756146,0.20742616033755273,0.16723877781969068,0.12303594193822551,0.11924050632911393,0.06284798189362505,0.06803314620563172,0.08413502109704642,10.014296639239909,9.128990908277604,9.887341978177743,10.344662096850245,9.220003886068305,12.98902912381329,89149,494,0,2129,0,1,0,0,0,1,52.79
2021-07-31,1.3576430726806403,1.167019269668047,1.4292380735241197,1.6357485433859476,2.2293592538717797,2.329978574248659,1.632445669312332,1.4062497895119828,1.9430670703170394,3.6489293812878882,2.604026119035894,4.124271465736432,0.7562429682329462,0.901050657736389,0.8698254717115184,1.0954528939139676,1.1151485977970352,1.3880414357516055,2.502536591661224,2.252983908953129,2.7057837338765007,1.8574226505450084,1.9233564632849176,1.839742845671563,4.081484287526041,3.830390546802917,4.34485928040945,3.669060422724821,4.0392479026645605,4.714044625792831,0.4261819090454773,0.4541198588683716,0.420468085106383,0.6007246376811594,0.6831749465605604,0.8502553191489362,0.11384807596201899,0.1695310206289114,0.23412765957446807,0.1486656671664168,0.1197082077828427,0.21,0.08144927536231884,0.0752682273558423,0.06561702127659574,10.021789886306847,9.163635749053542,9.105107214095744,10.357321339330335,9.42951386206186,12.717447224069149,99367,495,0,2129,0,1,0,0,0,1,52.79
2021-08-01,1.3553948570810437,1.1840221516647338,1.347821091213905,1.733106799984232,2.2106745435481066,2.4294754875133635,1.7028740335003587,1.410089128779583,1.935534509944432,3.7917921560286976,2.5644110959289694,4.198258332914427,0.8217172874693193,0.8902911669975885,0.8472985954282015,1.185990104680935,1.1000033822573558,1.4661498662598706,2.44609940520739,2.230280538811562,2.5277262194542853,1.898979649914648,1.927902375948934,2.061541703828023,4.034917269963698,3.7832139053253844,3.8799801882117486,3.7874399038043207,4.067690589736764,5.238084350364678,0.4085273790536948,0.46293703270433856,0.33043010752688173,0.6375544922913344,0.6902352372717563,0.746236559139785,0.1109144072301967,0.16895808961904277,0.2239784946236559,0.17400850611376928,0.13095747927368903,0.1635483870967742,0.07125465178096757,0.07186740247189868,0.08854838709677419,10.156884428163211,9.171708108692336,9.272042879494288,10.607123870281765,9.427480958496515,12.520967216901882,104519,525,0,2179,0,1,0,0,0,1,49.66
2021-08-02,1.4165801583285367,1.1896159677452147,1.2452087192567327,1.7468656035223167,2.1936347192248395,2.742954071916975,1.7030792023247088,1.4022676515201618,1.910440546575965,3.77960658293294,2.517032241570288,4.305997636281366,0.8535483943329156,0.9072001075205788,0.8412174875991456,1.1245962269598757,1.0912488394740498,1.345630376706984,2.3953473161976744,2.2448356691800244,2.2071964877280377,1.867972363249552,1.9453074530637702,1.7925243583473462,3.962132620481945,3.7843868336663253,3.8115914874001313,3.8385883372352025,3.9963234487812986,4.889416941537082,0.4144253044253044,0.47803650903205847,0.31745664739884394,0.6248797148797148,0.6857633814884451,0.7061271676300578,0.13266409266409265,0.17019611109788896,0.15341040462427746,0.1589010989010989,0.12553395054382752,0.1433815028901734,0.08118206118206117,0.07504771878049361,0.11526011560693643,9.839738175675675,9.228502748887355,9.320231354994581,10.847311683249183,9.183042726753458,12.977746511470375,80567,395,0,2179,0,1,0,0,0,1,49.66
2021-08-03,1.4572639801942502,1.189979902571318,1.3636524682524727,1.8269131693396905,2.1644975531474837,2.4774023507363103,1.6717959737632426,1.3787375520958147,1.9013111112717476,3.7569261152389957,2.4991337936384506,4.09030590945916,0.8571932125262293,0.8890973134668426,1.0409385842726333,1.210863670871885,1.058387899636911,1.2690192840998187,2.3903282504749797,2.2867484840157526,2.44682238863846,1.9215400096273398,1.9417843867193223,1.9314184201013005,3.994290873928985,3.816454600471888,3.8798995702726633,3.839094260332756,3.9407847708336483,4.727882008722346,0.4372383619180959,0.4787409222948439,0.5055513307984791,0.6934756737836891,0.6735098946986202,0.8705323193916349,0.15559677983899195,0.167041802832244,0.23653992395437262,0.1602310115505775,0.1223940177923021,0.21095057034220532,0.08049702485124256,0.07576615831517793,0.07136882129277566,9.733706411883094,9.262606663035585,9.388213299073193,10.82758151579454,9.124743271151052,12.381369006951045,61188,370,0,2179,0,1,0,0,0,1,52.78
2021-08-04,1.4140058302617313,1.1922498715618728,1.412512069071073,1.7143943017681598,2.173073450996121,2.4081886476289407,1.6992017416745562,1.3839095738654223,1.9856074583290992,3.681841341982091,2.5271834028962195,3.6817911312792795,0.898878077506497,0.9046797010691454,0.897708554345503,1.1498286544690421,1.060422079260681,1.0527967411594594,2.505743160363178,2.271129515741746,2.4525941015678687,1.8905140971038035,1.96039768702407,1.9363109393924858,4.218060252147161,3.83278132732091,3.878083266164882,3.6313809276831,3.9607781539843563,4.455375680630881,0.3904170755642787,0.46883702496807433,0.4155026455026455,0.5853385672227674,0.675913954819675,0.603915343915344,0.12672718351324827,0.17123387203311463,0.12962962962962962,0.15079489695780177,0.12004623717468846,0.18095238095238098,0.07588321884200197,0.07468338544189528,0.06804232804232804,10.35377821393523,9.2077019298516,10.235449735449736,10.159175854084888,9.129702155533048,11.142857142857142,102409,656,0,2179,0,1,0,0,0,1,52.78
2021-08-05,1.2609417544121369,1.1854165630109392,1.327892170213081,1.6995776506608642,2.2080701473680455,2.390649138688473,1.683950815335913,1.4218004423373027,1.9216205567391111,3.677305974307931,2.56290319379204,4.011837812763683,0.8449230556246395,0.9175354364824453,0.9881486416398567,1.1083684122230906,1.1001122420635636,1.3413878670454427,2.353766862652148,2.28726459975214,2.4690594590588595,1.7920953624269829,1.9447422813905333,1.948479913188063,3.962815381989837,3.8682255104199212,4.166565269313429,3.675713294800145,4.005318442837113,4.8703206744511105,0.41237363526081683,0.4695699717668872,0.36486607142857147,0.6434775576223212,0.6762831317685728,0.8860714285714286,0.134415689446017,0.1689332518646496,0.27674107142857146,0.17559239789729075,0.125219333361426,0.14026785714285714,0.08661949049737162,0.07372213560321941,0.13294642857142858,10.123129801860088,9.207165732586068,9.416071210588727,10.168985196370805,9.314782747250431,12.692858014787946,110283,700,0,2179,0,1,0,0,0,1,52.77
2021-08-06,1.293822177422702,1.1896498741579178,1.165747790694001,1.643380935915967,2.233080721159383,2.410056968750697,1.6392837037258228,1.3988996137347602,1.7860140790429127,3.755943868509983,2.5705723214885516,4.058207170984975,0.8513214897861163,0.8995897046333978,0.8742725244788997,1.0810766246526882,1.0875867317477643,1.0729271961108544,2.4199141926895233,2.2717852091437116,2.5124843334507787,1.9366167403105168,1.942715560143064,1.853891358759449,3.9481582140639215,3.8407691713165617,3.7920937203225824,3.6172261487521236,4.03120468256262,4.767301632717607,0.4308733472512178,0.4799447961620189,0.3654804270462634,0.6345233124565066,0.6963959780060899,0.8805693950177936,0.15266875434933888,0.1702865342066639,0.3102135231316726,0.16978775226165624,0.12438016166838266,0.11953736654804271,0.06850034794711204,0.07886437819010274,0.12743772241992884,10.025504795146137,9.319192370040964,9.494305702290925,10.240222822068546,9.321505536813511,12.246974741436834,126833,741,0,2179,0,1,0,0,0,1,52.77
2021-08-07,1.264090273025124,1.186995125447905,1.3594476329407181,1.7294526586223469,2.221367691799245,2.7711232577228966,1.6874723217153915,1.3949168035713386,1.851587731678904,3.835232957746837,2.5598108548835814,4.43423944063235,0.8185829075761909,0.9017396606060706,0.9691177809237369,1.0863219565371178,1.111585994283584,1.3973261714793515,2.3347175110399747,2.249627288949726,2.325550260268288,1.7861514020218727,1.923294928338363,1.9717910714049374,3.7742480020381715,3.8435759973549937,3.791068944961675,3.751105245341685,4.012459908185984,5.062442066895711,0.3679858657243817,0.4752420138001533,0.3090322580645161,0.6233411857086769,0.6927659085100946,0.7075,0.13373380447585395,0.17264835164835166,0.20185483870967744,0.1382724774244209,0.12521313570150777,0.1255241935483871,0.09467216332940714,0.07448504983388704,0.07955645161290323,9.744994110718492,9.256636532072578,9.011290519468245,10.794267765999214,9.34438490288781,12.425403225806452,127854,753,0,2179,0,1,0,0,0,1,52.77
2021-08-08,1.361938454963093,1.2013637979187894,1.2130788611454821,1.7990868150248402,2.1870898823239893,2.507503037304024,1.703723936873299,1.367364460504871,2.0151328436690723,3.8292568926706485,2.507484515664259,4.159137129446962,0.8919645635320317,0.8930377451048235,0.9214029629012488,1.1487715587960843,1.0808174194561109,1.2237120145381524,2.4900464308342625,2.25225913229458,2.344833759181061,1.8099011092130062,1.925341909246159,1.878801505372422,4.049486312614548,3.7970003379877197,3.7429779054296644,3.83245818177312,3.959778356520889,4.863011274855611,0.3886308724832215,0.49966830013700075,0.33549222797927464,0.6235480984340045,0.6643798081989672,0.8088082901554404,0.14667114093959732,0.1622823795974286,0.20689119170984455,0.15500671140939598,0.11482585098535146,0.14357512953367876,0.06970917225950783,0.07788939825060597,0.1621761658031088,9.832975041946309,9.32615890768258,9.302590800072863,10.358030970357941,9.211966652176203,12.067876153659327,133922,838,0,2179,0,1,0,0,0,1,52.77
2021-08-09,1.2767430221810308,1.182800024011905,1.2504840771861738,1.7144173681183934,2.1937094472952587,2.329065751692132,1.59816671072597,1.3891775308031216,1.7556877803028543,3.884166381500544,2.5246859696324866,4.109031311223346,0.8444247661446458,0.8988502850232895,0.8665516992748378,1.0740837358130195,1.0895217499529433,1.1135259267334283,2.3537526325361644,2.278297756339313,2.382627212698181,1.9172366613189995,1.91844551900345,1.8365247276024703,3.9420557287950184,3.7965260693451226,3.8920983144871406,3.697611732234727,3.9561698393011344,4.487666834343203,0.3989803162310423,0.48069057767298456,0.42648556876061117,0.6627347531461762,0.6917500226716242,0.8084040747028863,0.17156340755082283,0.17544844472658022,0.2407979626485569,0.14848822200709905,0.12130089779631813,0.19193548387096776,0.08281381090674411,0.07355423052507482,0.08227504244482173,9.63139697281381,9.208588152942777,9.470457740874364,10.664504931026137,9.187895336446903,11.813582674554329,120252,648,0,2179,0,1,0,0,0,1,52.76
2021-08-10,1.3236435799437,1.182633254388575,1.4156159822228116,1.6594721346245276,2.212021021462703,2.4699976217683597,1.6138341753742038,1.4227596395863984,1.8708532457174298,3.7752382885097386,2.545714196870448,4.20519265014905,0.8411083725347103,0.8919952144159697,0.9983492402322217,1.0866420097197442,1.1006003321614253,1.245323887756228,2.4364542157479714,2.3078037766424493,2.447251726383628,1.8443858284453798,1.9272840839543566,1.9163585882944212,4.016730975864845,3.830328348287602,3.8624423332282545,3.6552455191129254,3.9831058503618038,4.685282097180947,0.3800409366300966,0.4697755433678651,0.4205529953917051,0.6298133289667595,0.6680968921389396,0.912557603686636,0.14408875061404947,0.1584493195206175,0.26658986175115207,0.15121827411167513,0.12557200893763965,0.17297235023041474,0.08615195677091862,0.0731978468413569,0.1176958525345622,9.773718939331914,9.192053879748121,9.887327413954493,10.277059112493859,9.352654631322364,12.519123973934331,96790,527,0,2179,0,1,0,1,0,1,54.32
2021-08-11,1.316934173787446,1.1764816563756275,1.4094184953950466,1.6728270400868424,2.1535736177522113,2.2070599865842997,1.6338433889307684,1.3713842071822981,1.847590621124285,3.741113361571042,2.5026253895308015,3.8776361686961685,0.8244918779527785,0.8711675646769416,1.0497456820704711,1.056971526667626,1.0647113206169587,1.1515228782193716,2.426966346050597,2.3400190870379753,2.5735656400109974,1.8273603771924087,1.9007430136084538,2.1015707301115913,3.952287382985895,3.8491216031798987,4.261142789042659,3.6562020772232864,3.931386792997298,4.474752469220779,0.4175995647442873,0.46028369369186806,0.4522894736842105,0.6428378672470076,0.6678390646213703,0.7455,0.15954080522306854,0.16826338932906443,0.22844736842105265,0.14849183895538628,0.1261800644389957,0.13160526315789473,0.07685745375408051,0.06946341364566659,0.10505263157894737,9.77634402203482,9.15262720622505,9.801578561883224,10.460674816376496,9.16334044256216,11.529999743009869,93050,720,0,2179,0,1,0,1,0,1,54.31
2021-08-12,1.3799023176402196,1.1659274214948032,1.3698159515186246,1.744000602391038,2.1761741472694043,2.3836636875647486,1.6648384279870998,1.3490611379639772,1.818103510379431,3.8323349193741665,2.5347735912274705,3.890562919815655,0.859359584327913,0.8897541377572996,0.8365533589588631,1.1093681248165552,1.057337950348581,1.1835817190296811,2.474838672428904,2.367330953505845,2.5865501761340197,1.8812531114672628,1.9126880749642112,1.9138191727622245,4.065482932943266,3.864816757373671,4.038929216232907,3.76367764036221,3.9573945949962424,4.615417163015974,0.4271633308623672,0.45579948944070553,0.3746630727762803,0.649246355324932,0.6536542965041456,0.708921832884097,0.1718631084754139,0.15890461824089117,0.23164420485175202,0.15102297998517422,0.1240053587628431,0.13398921832884098,0.07388930071658018,0.0684991244541024,0.07592991913746631,10.172720533728688,9.131137392139074,9.558760239428908,10.404101417716827,9.193666401189898,11.980593781586927,135427,961,0,2179,0,1,0,1,0,1,54.31
2021-08-13,1.3546463362310603,1.1825635610395688,1.2623691974413942,1.6742767721797858,2.216148383395706,2.3591610220765604,1.6411197364677297,1.400127078494598,1.9159931559485714,3.85994074105468,2.558572777479006,4.168798599025071,0.8587831919020417,0.8885933792644427,0.9296515827228615,1.0385615878754053,1.0978825939186139,1.2590345197706518,2.411738854741477,2.3303260161420076,2.725388414596496,1.8032382599748695,1.9188533101331828,1.8168731450733886,3.999337113719553,3.839990174781368,4.118603596184755,3.670164441056767,4.018452555888633,4.73790912571771,0.40100199259891833,0.46562892124017785,0.37626062322946174,0.6386962709934528,0.6820379281638952,0.6845042492917847,0.16576145744378026,0.16646464031187183,0.22606232294617562,0.1464133219470538,0.12868936671336623,0.15441926345609064,0.0694819242812411,0.0718482873444194,0.08042492917847026,9.994648226231142,9.218692260055633,9.755523940996813,10.247167885354399,9.313161154088242,12.364871967953258,143479,612,0,2179,0,1,0,1,0,1,55.79
2021-08-14,1.4204605979348441,1.214906191377298,1.3008656325609838,1.8996656042747155,2.2658579725358288,2.3247829200028503,1.838878387254825,1.4338587465222354,1.7252036881850872,4.115681452162935,2.631880334441341,3.894945611782527,0.8797982771239653,0.9068009915357508,1.0272388960286023,1.2274729587830293,1.128871045983293,1.1198725981524698,2.458568272630672,2.3467683343406223,2.5027547628771107,1.832464234265139,1.921800828987442,1.8901358964878199,4.018332100251982,3.8119713615626956,3.8934236120257952,4.059029119293349,4.071409569653571,4.667953201265125,0.3944829647340108,0.4717201306185171,0.40454268292682927,0.6459324566646742,0.703554792547061,0.7022865853658536,0.15125224148236702,0.17430056665386093,0.2295731707317073,0.15786312014345488,0.1331751824817518,0.13737804878048782,0.07206216377764495,0.073714704187476,0.09844512195121952,9.645517152009862,9.280239297205148,9.403353063071647,11.410490137477586,9.560984320975797,12.19329238519436,151161,973,0,2179,0,1,0,0,0,1,55.78
2021-08-15,1.426423549512066,1.1998434105352165,1.2700652527855945,1.7920531189448794,2.2804967430572995,2.384709399428865,1.6770484227401719,1.4427701360744989,1.9197440683289715,3.8315244367916486,2.6218338499594718,4.103503312259915,0.9007508196120755,0.915239649842494,0.936108247880938,1.1589179470426587,1.1219827623438061,1.1919267887407354,2.444320396089814,2.329543976023101,2.4344267160678092,1.9000805979514541,1.9182816382030314,1.7903853153163993,4.002483465884876,3.8149732298006156,4.017014455183642,3.908324144447712,4.0750534605721285,4.8784338013470965,0.429453125,0.4687803017662623,0.3628338762214984,0.6652479619565217,0.6951467117965342,0.7115635179153094,0.14719769021739132,0.17209091125783613,0.1791530944625407,0.18016983695652172,0.12974971992467763,0.1424755700325733,0.07212296195652175,0.07330774914785594,0.09390879478827362,10.34459918478261,9.268459645317378,10.284690235647394,10.503430573836617,9.512053667199009,12.452442678644136,146305,1196,0,2179,0,1,0,0,0,1,55.78
2021-08-16,1.3134738133564121,1.22603556503503,1.3109981938864972,1.709508912823473,2.1927115354434057,2.5630229244079334,1.689206928645774,1.3875909664635449,1.9510559737728035,3.726767297259851,2.50777136999933,3.8665196967917494,0.8748950805261746,0.9110675621624394,0.849279513001978,1.0845395985223818,1.083789433903019,1.3127652834665633,2.411628841542057,2.3244871519475487,2.450704358373526,1.867785115859143,1.9537312851609787,1.9089628294347833,4.022148908597534,3.762912855513932,3.8891164068513775,3.7726611614791246,3.9486894231027794,4.8237558869684785,0.39184605757196495,0.4924686676679881,0.4392283950617284,0.6017083854818523,0.6981473912294093,0.8764197530864197,0.1490863579474343,0.16488341171546056,0.26012345679012344,0.14034105131414268,0.13048555881121807,0.19746913580246914,0.0735168961201502,0.07497254573658681,0.09950617283950618,10.13100726494055,9.370573307807845,9.650925624517747,10.343053328379224,9.282749673749784,12.233024691358025,139848,904,0,2179,0,1,1,0,0,1,56.75
2021-08-17,1.3786962013237385,1.2135084313005569,1.4779062746485772,1.6653836974089073,2.136635326035054,2.3654903475306064,1.5397486816157373,1.3371393715929645,2.0429385509151565,3.6222220090692594,2.4725287501778617,3.9378003123179743,0.8784071851822667,0.9151921345322546,0.9393854625381106,1.0467905171429284,1.0409175695435284,1.2478135777419073,2.515812505076338,2.3164113530755355,2.5362603274233844,1.9426551948716932,1.939833732618608,1.956151086828472,4.117746350782865,3.799164290381841,3.98426608759384,3.620476493735761,3.86552245040243,4.52343669123748,0.44681956027293407,0.49767522292544053,0.4153815261044177,0.6189461713419258,0.6668268122250194,0.805421686746988,0.16363912054586807,0.1652617462296779,0.24128514056224898,0.15652767247915086,0.11855916052984496,0.15204819277108433,0.07788855193328278,0.07607698280121403,0.1427710843373494,10.185595740144048,9.353248594216879,9.722489567645582,10.15246443209818,9.012591758228831,11.912851601719378,110712,679,0,2179,0,1,1,0,0,1,56.74
2021-08-18,1.2900323557040787,1.2055083886063673,1.3435289146403533,1.5985585018578248,2.175259335268889,2.2837341922144465,1.654301217223439,1.387660189911516,1.8271971033718486,3.6666564837902977,2.49590909723431,3.739719659971808,0.8041838987768746,0.9256541781716032,0.9143299430128577,1.0654900328876569,1.0775557805370923,1.1395585915638442,2.478209074658796,2.3244739853389285,2.5881572153934695,1.825349698573322,1.9448347659375753,1.8469972263420948,4.033821090980842,3.809703868768324,4.245149421119524,3.667519222342739,3.916146647002526,4.52975771886035,0.43401482127288576,0.4839969000138805,0.31594017094017096,0.6297602441150828,0.6856426687641697,0.7173931623931624,0.12881865736704445,0.16356544672188034,0.12987179487179487,0.1815954664341761,0.13009947716652015,0.21649572649572651,0.0811900610287707,0.07952736778790542,0.06769230769230769,10.017611329827812,9.287153564984038,9.547008547008547,10.147254045880558,9.102579321473188,11.37136710403312,108955,845,0,2179,0,1,1,0,0,1,56.73
2021-08-19,1.384566207988835,1.2160197781380782,1.4001691055382097,1.654521596533869,2.1909755490098193,2.5102093420709206,1.669029285920548,1.3778020455531288,1.8818821229521743,3.5543394962157895,2.5213968877917425,3.9514136770180004,0.8848410196909018,0.9108689774372264,0.9677836194817282,1.091603486344144,1.068259863434005,1.397774353077643,2.4744899916135195,2.31463825028519,2.727718142864351,1.9223071542049293,1.9483081499199795,1.8585782881002257,4.09293564591339,3.857025028619207,4.238163990143372,3.584429253801086,3.9473054977573194,4.876761147926177,0.43343737166324436,0.49451787552015747,0.41786259541984727,0.5790102669404517,0.6755132220681016,0.7856870229007634,0.12337577002053389,0.1677571703431921,0.19549618320610687,0.15143326488706366,0.1275048100586156,0.1967175572519084,0.06562217659137577,0.07321379032618909,0.11286259541984733,10.248788821868583,9.345480362656048,10.924809346672232,10.008870476129363,9.082758177099647,11.791984732824428,150448,1193,0,2179,0,1,0,0,0,1,56.72
2021-08-20,1.361965247694693,1.2179971336894178,1.3697017329366494,1.6402841792119514,2.209483380032574,2.4248341788980534,1.6853824052774016,1.3723307072127509,1.9540867672203273,3.5589614663990665,2.508582069758083,3.9477075736413476,0.844122261854721,0.9152414544997386,0.8316544364144035,1.0795530562054145,1.0824108544717668,1.2337054507100986,2.4866804753622076,2.3351088709988432,2.8268219366888347,1.8189417362114255,1.952786911326505,1.9218638538931525,4.125925801036732,3.8319519558211548,4.141107758023596,3.675851432015062,3.917540707288008,4.673563782245947,0.3867128874388255,0.48929061889998854,0.415,0.6160277324632952,0.6787977953840855,0.9050892857142857,0.12841761827079934,0.15627213227695488,0.2700892857142857,0.15364600326264274,0.12954093466528876,0.181875,0.07629282218597064,0.0766558732345849,0.14089285714285713,10.126998527987357,9.292940492593868,9.993303571428571,10.208849759125204,9.101251578826501,11.401785714285714,168162,1497,0,2179,0,1,0,0,0,1,56.7
2021-08-21,1.3576115010297662,1.2073557826548074,1.3320085619173536,1.624843841559914,2.260990321945282,2.4660162360927247,1.6515256253832638,1.4307340516753024,2.291557345588783,3.6850120497955716,2.5853263294670468,3.9947910244878932,0.8711728993616819,0.9265267954781684,1.012549965603353,1.0812165694854554,1.1298718452709458,1.5252314371405644,2.5508388126487818,2.3400769312226695,2.829544624250133,1.859518278560294,1.9299550945787556,2.0780380530407876,4.090076638042256,3.8477676743431455,4.123747990035931,3.6785756150272007,4.036405978053585,4.897370390206566,0.4055796055796056,0.4801105739313581,0.394343891402715,0.6196007696007696,0.7048250442774401,0.7974660633484163,0.13643578643578644,0.1672052558518022,0.18945701357466063,0.1783020683020683,0.1305353980182854,0.17420814479638008,0.06357383357383357,0.0760643339236992,0.07950226244343891,10.227368551587302,9.328710628978985,9.693213553450226,10.063106887325638,9.449657597769374,12.5850669895362,174382,1381,0,2179,0,1,0,0,0,1,56.69
2021-08-22,1.3983829763246884,1.2108897894205122,1.38469060546687,1.7060283579946531,2.2363622382807478,2.424234207218829,1.6100602463779956,1.4399836643816748,1.7392550228339452,3.6533899679098125,2.5659889362701858,4.112338164127236,0.8311541435758912,0.9191336747800429,0.9772785867352797,1.109616114584548,1.1430730025836942,1.217925921790016,2.4333134835194152,2.3387940366428426,2.543614608486639,1.8436068375046024,1.9404629549538583,1.8060803890914927,4.157885467640557,3.888443834147701,4.007591825107148,3.6196998797185325,4.0332042140049,4.567687447711081,0.4383567046450482,0.4857532768633932,0.4350467289719626,0.6271603856266433,0.6927587631705806,0.648785046728972,0.12320333041191936,0.16259417395496178,0.10906542056074767,0.1645968448729185,0.12876913894818998,0.12485981308411215,0.07383435582822086,0.07537589238574019,0.08476635514018692,10.231814198071866,9.378144153295228,9.942990882374415,10.07011393514461,9.454070828455341,12.33364554431951,167459,1556,0,2179,0,1,0,0,0,1,56.69
2021-08-23,1.4699451181078873,1.185856694730536,1.5333917409951778,1.6866064542631196,2.1753289743204367,2.175877050906657,1.692250009736562,1.3825766016445633,1.8084473945356632,3.628732764449605,2.505488593367956,3.747006659048222,0.8401403267681309,0.9037740488210074,0.94394108403219,1.1135653555795773,1.077810903021337,1.1501822614026238,2.5199822111674512,2.3136380660607387,2.4975660135380484,1.9318266592205744,1.921156864746513,1.9633974570739072,4.158638144799333,3.9106771748512648,4.314148738797958,3.7374575415504783,3.8988578879383122,4.424852673189611,0.46514925373134325,0.47441587112171835,0.5370995670995671,0.639413646055437,0.6830582736674622,0.7876623376623376,0.12369225302061125,0.1643824582338902,0.2276190476190476,0.1935216773276475,0.1283673428798727,0.1631168831168831,0.067181947405828,0.07646857597454257,0.14878787878787877,10.270113578313788,9.269132856006363,10.247618836241884,10.496410941942075,9.159950527048528,11.643723789231602,141824,1169,0,2179,0,1,0,0,0,1,56.67
2021-08-24,1.4090205521321975,1.1645355688724506,1.3447753215026461,1.7956169873891499,2.174571277514201,2.2659182558422892,1.682914804765821,1.3600493845698511,2.131097573101867,3.759648302480809,2.532511741656046,4.0302819077146985,0.8360243107234062,0.8959437131572956,0.8671333871425917,1.1209376811811587,1.0881928719287957,1.3826500890602487,2.542969567001477,2.3060879436658577,2.600133201524793,1.8593055015857392,1.9115321798869305,2.0051658946059696,4.182936957277458,3.88586955495664,4.070131254546365,3.826069250914925,3.9156698554875247,4.803069552783413,0.4111948249619482,0.4656069647983079,0.4164963503649635,0.6388013698630137,0.6738718084302765,0.9472992700729927,0.12255707762557078,0.16633762652968725,0.31496350364963505,0.1846042617960426,0.12281632421815984,0.17963503649635035,0.07566590563165905,0.07280442665055144,0.07164233576642336,10.273135761510655,9.219232748526968,9.835401103444344,10.447183873192541,9.164765967291132,12.328832473197993,124481,899,0,2179,0,1,0,0,0,1,58.34
2021-08-25,1.332338091076306,1.1755148502371169,1.300679946525117,1.6637597874498298,2.1692302780156356,2.4460889627764866,1.6290502809300413,1.3865686508979718,1.7368433261304548,3.7535757445303495,2.5301295269481363,3.8367662676068734,0.854919081501774,0.8936011053857613,0.9477839116844514,1.0716695896216386,1.0931711103803232,1.1886827884085296,2.539571224055721,2.346028758176002,2.6550546188200768,1.838360967270557,1.915652704750358,2.0555574544542146,4.0264658746452175,3.883382914429976,4.162675829604387,3.6876914214412606,3.926509251448374,4.679518626619257,0.4189276910435497,0.463313855200294,0.438953488372093,0.5884223500410846,0.664954979786843,0.8012790697674418,0.13179129005751847,0.16003178978316795,0.2516279069767442,0.1521364009860312,0.12493752296949649,0.12434108527131782,0.06995891536565324,0.07202829841969864,0.07724806201550387,10.069145760579293,9.17202315325248,9.92751956910126,10.059408220778554,9.21678783076075,11.809302514837693,120825,1205,0,2179,0,1,0,0,0,1,58.34
2021-08-26,1.3326167238984954,1.1738476565325568,1.2298091823227058,1.688623694888058,2.2007005543489133,2.342277538781315,1.6251085216231782,1.4702258482374713,1.9098671090587305,3.61926335811252,2.573850503820241,4.002288892702362,0.8275386150504854,0.8911209393208233,0.9303590543870005,1.081840644143343,1.1414080059166247,1.291150283015542,2.4415962208883086,2.3538753992068417,2.53260036452213,1.7842258828196829,1.8721546448182294,1.7565281303829205,4.1061468377894395,3.8855192668739704,4.340090667891272,3.6960644082563774,4.011717928114544,4.50458258307005,0.3998032036613272,0.45805629161570866,0.34702508960573475,0.622,0.6789390542193233,0.6497491039426523,0.1528329519450801,0.15588021470308466,0.11516129032258066,0.15735011441647598,0.13905914526430221,0.13845878136200718,0.052439359267734555,0.07372604973501835,0.055125448028673835,10.349015839530892,9.25245447751053,9.885662557403673,10.009015660755148,9.644247265253432,12.185304484487007,162414,1655,0,2179,0,1,0,0,0,1,58.33
2021-08-27,1.3534563333513332,1.2034995072125283,1.3541072521727544,1.6198057275684996,2.2167129560284136,2.2335422944189314,1.6206401563047927,1.450823743427625,1.7381805804656727,3.5627974061549157,2.5943763976511214,3.540139216442752,0.8002002256790649,0.9097033676063294,0.9686597010716768,1.1012363423773324,1.1366404942627577,1.1084333822458492,2.558867296589359,2.3744723651904316,2.6032656811261474,1.822404209613862,1.9207921518754714,1.9538361859542355,4.061078683174169,3.8985098797726234,4.065577217434046,3.686201497718744,4.007907816733478,4.4906403843617655,0.402670107930549,0.46487861540248576,0.3576587301587301,0.6271750351947443,0.6754721802764548,0.6072222222222222,0.1265415297982168,0.1492596894722577,0.13587301587301587,0.153754106053496,0.13128218530994695,0.17273809523809525,0.08273111215391836,0.07661613814999807,0.12126984126984126,10.422055556370248,9.320987968017965,9.740079365079366,10.042561810769591,9.448716459519108,11.380952380952381,176904,1658,0,2179,0,1,0,0,0,1,58.31
2021-08-28,1.4429554108044809,1.2095813485122904,1.35150221909668,1.680420132691066,2.2301272890161616,2.489468467810278,1.7406120775734153,1.439150745628277,1.9070940660454534,3.6997204784578073,2.576579659381999,4.337317946158901,0.9225829095885772,0.8917576743726583,0.9369105315491001,1.1225396997107775,1.1325092464094737,1.2669022923462299,2.508479986320327,2.397744943125523,2.7906295905845524,1.95654935161591,1.920418702487636,1.8362405934411523,4.260729238796605,3.8829060497162136,4.144692218641446,3.84507469757226,3.9987915539827465,4.860036732687055,0.46553629469122426,0.4835656917363046,0.510934065934066,0.6023510292524378,0.6779206128133705,0.6935164835164835,0.12540628385698807,0.15283681522748374,0.1696703296703297,0.16562296858071507,0.13126717734447538,0.1829120879120879,0.06806608884073673,0.07959238625812443,0.05390109890109889,10.43878656554713,9.419922963091922,9.647801661229396,10.147128715804442,9.454524286211699,12.084614848042582,186271,1760,0,2179,0,1,0,0,0,1,58.31
2021-08-29,1.4161810377668622,1.2110166195236105,1.4231150787175932,1.7480306598184323,2.267816837885453,2.6210004643970244,1.7164987090949497,1.471360483218279,1.973749360254358,3.8313821367230214,2.6075873174948065,4.283724650767657,0.92549762556902,0.9151879854190956,1.0216563899419675,1.0931516317974455,1.1667418801798957,1.297965419168451,2.5616991233969353,2.3688642841758494,2.6253926226496227,1.883208332305212,1.9128836193551937,1.924128903365549,4.051317481261377,3.853448854696051,4.101156122614917,3.772029861432475,4.037008930728119,4.735411461018821,0.4271958584987058,0.4812405143817876,0.412156862745098,0.589732528041415,0.6918412323351661,0.7885490196078432,0.13050043140638481,0.16447857499886398,0.17780392156862743,0.12979292493528904,0.1307792974962512,0.18796078431372548,0.06471095772217429,0.07735606852365157,0.10168627450980391,10.168421221149698,9.430071965738174,9.880784696691176,10.157808792601381,9.620811701958468,11.952941176470588,182171,1837,0,2179,0,1,1,0,0,1,58.3
2021-08-30,1.272676169162028,1.2151494575218094,1.3175597698850507,1.7000986576651782,2.2225530106276805,2.6439913685584533,1.6355664479960361,1.4501293545163998,1.936646248516265,3.7817015117533312,2.5705449073098987,3.9657356633888026,0.8242844619829869,0.9182999641929597,0.9657426592626621,1.0099968301274578,1.1368238832271986,1.2879295244816045,2.449193587924632,2.3720608181642366,2.67828486389377,1.7826845870241228,1.931483552745696,1.8783647780562482,3.967582177612631,3.8689888299160433,4.1666688642148495,3.6677199514549628,3.9448213355388586,4.752439065613705,0.38600968188105117,0.48478053137788485,0.35725099601593624,0.6056224066390041,0.6638397141610752,0.7319920318725099,0.1364591977869986,0.15484077359313655,0.23139442231075696,0.16468188105117565,0.12790128585969796,0.17434262948207171,0.06761410788381743,0.0801181993809593,0.06948207171314741,10.13955726465249,9.35512591142317,9.577291420256474,9.926348547717842,9.46038555017761,12.10438227558516,150022,1460,0,2179,0,1,1,0,0,1,58.3
2021-08-31,1.4061147783785215,1.2070592458802774,1.3692900656899367,1.6925477659692068,2.2124339451874864,2.6307722381208007,1.653325084656604,1.4449748230707513,2.1004922578289866,3.763670166138285,2.5481911799461106,4.072038012686106,0.8328577847263627,0.9051441823998883,0.8463424617450239,1.0781454913247406,1.1391421007516946,1.3666371192141744,2.5982153355474513,2.3840958788571744,2.5943719760165167,1.9095408159518557,1.9153427950843862,1.8458435681842145,4.2307121802795224,3.8720459529155655,4.072612229561109,3.767097771203065,3.9905932907569506,5.050485049079423,0.4323196410079393,0.48521710682845587,0.3775294117647059,0.6065170866413531,0.6701383932111983,0.744,0.13938557128063514,0.1516052026330399,0.15364705882352941,0.1422782188470832,0.13354667301134113,0.15388235294117647,0.06182602692440456,0.07514255690379887,0.11047058823529413,10.27873662409389,9.344864655206598,10.383137063419118,10.17459467768381,9.444077642953445,12.043529794730393,115672,1183,0,2179,0,1,1,0,0,1,58.29
2021-09-01,1.40106097192681,1.2011425704507597,1.4040257544654715,1.7625277092600922,2.18337804258826,2.55266175917635,1.725235315134038,1.4414535226820255,2.0061149684594444,3.8006461174928803,2.552794294093333,4.372590933073577,0.8624101274375551,0.8935400248086524,1.0432403691760823,1.0775122841479288,1.127688985875429,1.3526173048950325,2.6415985230072714,2.3856445363842873,2.7818852799106333,1.929004283097544,1.9167640614154897,1.8361730614876548,4.239718859785054,3.8747014452750963,4.4333515256105915,3.873315276141415,3.972967379947313,4.877899753108663,0.4140105863192182,0.4673911000864434,0.3784824902723735,0.5881555374592834,0.6534242868418085,0.7403501945525293,0.13133957654723127,0.1548817980230766,0.16894941634241245,0.142064332247557,0.12958338031345135,0.20517509727626457,0.07080211726384365,0.07260025557184199,0.06906614785992218,10.440187137367671,9.296066354718683,9.863035209447958,10.325000477147801,9.45819121847634,12.224513428684338,138600,1243,0,2876,0,1,1,0,0,1,56.01
2021-09-02,1.2301944656013168,1.188739813637115,1.396319541549891,1.5860945864651408,2.1516241127220086,2.1580782864923833,1.635585763772335,1.4509332633210945,1.7651385698410742,3.8488127294860415,2.51765130211386,3.83223026827971,0.883296229734678,0.8955663648860245,0.9395272476465404,1.0981286894968942,1.1813305208637441,1.2340056733965294,2.3637941520330292,2.4040592679208865,2.6662752161572714,1.8181654360484583,1.8872378382411967,1.8116281859861947,3.8887187541355397,3.8683194095023037,4.256181605904483,3.6651180960302074,4.010547447200002,4.3468619649501505,0.39653277634961437,0.45750981540157043,0.4050704225352113,0.5934704370179948,0.6595832759333241,0.6076760563380282,0.14621786632390746,0.15021593883455023,0.13749999999999998,0.17177377892030846,0.1377741424438628,0.11563380281690142,0.058701799485861184,0.07164881526381044,0.06933098591549296,9.659029688504177,9.39837400123984,9.797535211267606,9.782133676092545,9.57437319189971,11.340845242352552,176801,1807,0,2876,0,1,0,0,0,1,56.0
2021-09-03,1.2766878773955357,1.2265259700556455,1.434897739989049,1.703465051513174,2.2120632902936674,2.3973457794071016,1.6640397640547426,1.4601705223094026,1.9891268369171728,3.9406620016622136,2.5629030679742764,3.825871281437054,0.8540935318905755,0.9072434788776814,0.9241708395446501,1.148474541159799,1.1695336781698125,1.3529308465990204,2.430941745514209,2.3877041235405057,2.612894080992612,1.8702817782333188,1.9321136857503642,1.9584652743438604,3.9926578299860656,3.83859166026131,4.098744471233556,3.7861509062799676,4.007576012190154,4.812717612349121,0.40675866711544933,0.488063639569375,0.3941897233201581,0.6173443285089196,0.6695847248439089,0.840197628458498,0.13496802423426457,0.1504949283328839,0.3090118577075099,0.15213732749915854,0.13610508411292496,0.15715415019762846,0.07480309660047123,0.07540479993362234,0.07952569169960474,10.081151653483676,9.432467226036632,10.75533635437253,10.2703128944379,9.48694227218984,12.49367550333498,197627,2015,0,2876,0,1,0,0,0,1,55.99
2021-09-04,1.4027266300704089,1.2318489562762327,1.3144755194348954,1.7292524050239502,2.197627261025173,2.490439796404178,1.7295505558692021,1.4457571593327354,2.2528016898052394,3.88448273255298,2.544540197800432,4.118952155084852,0.8821501004990986,0.9120557812159946,0.9451100614019615,1.0687725869726523,1.176998919157199,1.3603904158867657,2.5040011463872736,2.3938940724907165,2.6595015568266187,1.9205315114935728,1.9208886013213373,1.8467377131647253,4.130883651965094,3.8585857377739545,4.01996307377292,3.8007523482269994,3.968675726779767,4.916826264971699,0.3995889053987122,0.48599932938950496,0.390507614213198,0.6113818722139672,0.6634866955667856,0.8118781725888324,0.13137196631996037,0.15194908150312553,0.19274111675126904,0.15171867261020305,0.13045577563288865,0.18568527918781724,0.0843288756810302,0.0744535721984049,0.08634517766497461,10.068004349306587,9.44891385050176,10.069543518995875,10.470529965329371,9.418051547194214,12.845177664974619,183417,2028,0,2876,0,1,0,0,0,1,55.99
2021-09-05,1.4745363725108207,1.2178910329635535,1.3085671035248179,1.804174723798511,2.233302499111675,2.5545396795132285,1.7810953333114319,1.3984202885713848,1.9002942874168356,3.732487962562608,2.537134431880949,3.6736861282016653,0.9086264947355916,0.8818702023205439,0.932774833491568,1.2927673067196312,1.129064150679683,1.3748692010304644,2.554660743903917,2.3501567632668676,2.5709946114449984,1.9890398195907883,1.9011529799042686,1.9842417756282287,4.236954245368818,3.785556953270971,4.202391912877968,3.9517482031856743,3.9750130054097697,4.782862177377669,0.44317231075697217,0.4887446459732431,0.36835748792270534,0.6244223107569721,0.6877946697689176,1.0252173913043479,0.13923804780876495,0.1641793136269896,0.39,0.16873505976095618,0.1353426577124425,0.17053140096618355,0.08548306772908366,0.08230209930728147,0.2002415458937198,10.045518122821216,9.428517959124319,9.66570071897645,10.510408561068227,9.301718411242135,12.817391068463165,182112,1973,0,2876,0,1,0,0,0,1,54.42
2021-09-06,1.3225807362328907,1.2270237710505767,1.2111439650037847,1.7168991559458036,2.2331721023962805,2.361274545415579,1.6947535006710164,1.3947405218838576,2.0333138795833334,3.819312676681325,2.5393786875170354,4.191325206049067,0.8335459518548572,0.8973452924863942,1.0017404593056294,1.1318480034114167,1.1017671808038512,1.3087272015064522,2.4979294687719173,2.355191190358948,2.588665553429046,1.815854978911902,1.9404382490436296,2.0057727955929603,4.077413300950016,3.819625444037429,4.001366651668142,3.769274646274361,3.9617242754421245,4.824667307811438,0.412734375,0.4787378811032893,0.4592226148409894,0.6235724431818181,0.6721880401833805,0.5506007067137809,0.14392045454545455,0.16075105844627602,0.1486219081272085,0.14374289772727272,0.12509682591377108,0.12837455830388692,0.06564275568181818,0.08119472906280532,0.046890459363957596,10.123863913796164,9.431024062429541,9.703180212014134,10.380681818181818,9.210997977052383,12.042402826855124,141762,1490,0,2876,0,1,0,0,0,1,54.42
2021-09-07,1.393100460512145,1.2265855800215437,1.4766107489316413,1.7540306848067875,2.2272006455837423,2.5166652142811494,1.61355430495434,1.4217290575761334,1.862299488072186,3.640409995177717,2.553720180821318,4.067675286471541,0.8597601277519642,0.9009274353487099,0.9746918351645637,1.1113825091010283,1.1116301432007853,1.2573127615314172,2.498047539702536,2.3867167676481653,2.8213877520274315,1.814029629385526,1.9342645303778134,2.0537596255652435,4.1343808316687864,3.8187256884747462,4.3188129826367145,3.7339638825883745,3.9702199810647767,4.971681119764486,0.39335260115606935,0.47478179876871346,0.5157446808510638,0.5680744219653179,0.66855675958109,0.6738905775075987,0.10146315028901735,0.15587041959154002,0.2395744680851064,0.1545556358381503,0.13126331811263317,0.16161094224924014,0.06741690751445087,0.07726050114723189,0.08750759878419452,10.08518743790643,9.33620922215407,10.212461709251519,10.064342344427384,9.258362866035121,11.43191519044453,123082,1324,0,2876,0,1,0,0,0,1,54.41
2021-09-08,1.3866673710444437,1.2299663853430447,1.3261578864181933,1.676400963695302,2.2339947713066928,2.542824985853869,1.6851431692667358,1.4367848033257735,1.890642417770718,3.6909808415711263,2.5633592759858086,3.9164534362445855,0.9054463357063429,0.9060401988705664,0.8677163105966997,1.0808357530121842,1.145917924085711,1.1848731668596413,2.536619090026317,2.378643903192813,2.4689641733824805,1.8955578331284408,1.9088047133522488,2.0016883744667244,4.187038328164208,3.842977228374537,3.929667068553175,3.6861997953089336,4.0188848552128595,4.6108981167297705,0.4020877192982456,0.4880402856229351,0.37963525835866263,0.601957894736842,0.6789971224555047,0.753677811550152,0.10965964912280701,0.15483640626665246,0.1874468085106383,0.17059298245614035,0.13293850580837685,0.17100303951367782,0.07856491228070175,0.08052882873281465,0.09857142857142857,10.14371916118421,9.36724062133646,9.47142886825608,10.216315789473684,9.430184242779495,11.786018533909575,116004,1092,0,2876,0,1,0,0,0,1,54.4
2021-09-09,1.424860733500986,1.189946596848367,1.6001823778189974,1.6977169399426706,2.2030261640651534,2.1322369595060655,1.608119153995883,1.4076335003523395,1.7655693126117964,3.666274985703909,2.545049860586138,3.638883582828352,0.8520599213614134,0.9026474693822989,1.0977087888860468,1.0490442616968092,1.1055669746513483,1.1432305096170827,2.5978718830086898,2.362567452614563,2.7910492069472816,1.8224894100535705,1.9015279440134116,2.1399323649672453,4.301900899905435,3.8631417833580417,4.448986416072556,3.6523286991176134,3.9784128008941524,4.3598419154151165,0.4220871287128713,0.46976143763566536,0.45257510729613737,0.5978930693069308,0.6543195859074971,0.7010300429184549,0.1300118811881188,0.1532707881115378,0.16004291845493565,0.17013069306930692,0.13205021706461847,0.18055793991416308,0.06511287128712871,0.07043725997662381,0.11274678111587982,10.362455136138614,9.341413685506762,10.70858306229882,9.914969832920793,9.25676239772917,11.566094001475323,114676,1522,0,2876,0,1,0,0,0,1,54.4
2021-09-10,1.4321285549748901,1.152504904593039,1.3661250844658122,1.6879661440610048,2.284026949068196,2.3756355000440528,1.7368249291152955,1.4694224405787193,1.821798228870138,3.635829202401807,2.7048053274767967,3.8860220654224795,0.9049746279380456,0.8987255312291418,0.9199933575612343,1.1159447698022458,1.1706889874355224,1.1475764521481473,2.656056803495827,2.337230495719927,2.7025580202261987,1.991086873466027,1.8752625219920047,2.0618670229817346,4.382719445513571,3.922289648519203,4.371045487553672,3.703103441436292,4.132985380008701,4.570249570399076,0.40850022055580065,0.44507067903911196,0.4382116788321168,0.6517909131010146,0.6694970080652155,0.727043795620438,0.13415527128363475,0.16025080218541324,0.18846715328467153,0.17776797529775032,0.1322535773133293,0.15350364963503652,0.07003087781208646,0.07101829849969647,0.09113138686131386,10.422717592082046,9.251249891596565,10.133211678832117,10.105646228495809,9.530552423900788,11.407299626482665,171241,2119,0,2876,0,1,0,0,0,1,54.39
2021-09-11,1.3777931569234583,1.1924261430577268,1.2573254131756872,1.6897127968843249,2.3397284254671415,2.576465485061126,1.6348893413252796,1.5063255669220252,1.9337889449251904,3.6370192815986577,2.7106780926912797,3.8681930298163048,0.8766458009389972,0.913454120888506,1.0026445071886978,1.087082864701615,1.1997836781187639,1.262042436449333,2.559564824527316,2.3278477712088907,2.5753461239577162,1.9187380739280437,1.8849534071034746,2.0082185825474443,4.218593666851126,3.8994035949350825,4.185283672625887,3.7533759913634133,4.161169528185223,4.643379322128013,0.4516561844863732,0.46161213491796177,0.3180975609756097,0.5752620545073375,0.6970206418707597,0.8895609756097561,0.127248427672956,0.16395587739979792,0.30736585365853664,0.1485587002096436,0.1378670066881586,0.1424878048780488,0.07329140461215933,0.08244839532310061,0.12609756097560976,10.394025566692871,9.285815029110331,10.16243926257622,10.386425985980084,9.69248679810422,11.604389767530488,183714,2246,0,2876,0,1,0,0,0,1,54.38
2021-09-12,1.4815523882502433,1.1996779572113934,1.4264107067744953,1.7379894981608666,2.244062172081778,2.7426549704616745,1.7013418011128012,1.4530097230760237,2.026106428377723,3.6779774689489324,2.640698828168615,4.144558143155423,0.9282327410765948,0.9216727960335065,1.0112840700695394,1.155142018503809,1.1385895266768482,1.3027422358196346,2.6236188309603357,2.309320422922528,2.569204568332929,1.8716196281238304,1.934766975845174,1.9879675843379894,4.161499791319679,3.8552848487464497,4.072147196013264,3.817221166264602,4.084838410464202,4.881091114203274,0.4587731168245377,0.4764411577944756,0.44560344827586207,0.6172079386558412,0.6796965287331993,0.7148706896551724,0.12328371673432566,0.1679347020848767,0.18116379310344827,0.17224627875507442,0.1319430627579638,0.1469396551724138,0.0717681551646369,0.07780373584506298,0.09383620689655173,10.450970131371223,9.323859502328288,10.234913793103448,10.1765899864682,9.513271080273045,11.863362279431573,172091,2292,0,2876,0,1,0,0,0,1,54.38
2021-09-13,1.3512043444546613,1.1936800681733208,1.3572546736385012,1.7174097460188844,2.246920486332893,2.4299101621627255,1.6728824299339422,1.4576150821974092,2.0525780063768835,3.7000317088000645,2.604180397401609,4.01845300429546,0.8990302291326971,0.9083805651139462,0.8958694580849494,1.0749664024037178,1.1330628258969626,1.3951284798506522,2.5660173303981284,2.3255824768303524,2.549870937079675,1.8769288145918501,1.9317967174020598,1.8443678895353732,4.04781800007659,3.868080324032242,4.130310094936853,3.7364690607154882,4.017910344503425,4.92198764661046,0.4166476624857468,0.47430589777787824,0.42602459016393446,0.6213112884834664,0.6799518502610936,0.7712704918032787,0.11212846826301787,0.15941542147975676,0.13118852459016392,0.17993918662105665,0.12962316612790198,0.212172131147541,0.07142531356898517,0.08052060492348034,0.1485245901639344,9.921399153126188,9.352137351086196,9.72868872470543,10.162980152508553,9.425564996496146,12.10942602939293,153543,1739,0,2876,0,1,0,0,0,1,54.38
2021-09-14,1.3414102319234789,1.1871138997046526,1.3388929617430656,1.7328077480309685,2.2602673848650716,2.4664914525293153,1.6952895579201195,1.4586289033467805,1.8348772539946117,3.7411388664909504,2.585231628549435,3.732085766855754,0.8663555873217788,0.9067909486124616,0.9423217825410447,1.088009865546201,1.1504139744553807,1.2072008693104601,2.387788097691636,2.3329886602687426,2.6157744456750125,1.9087669826456388,1.9007766923230378,2.0887332995588035,4.071873794400222,3.866648406313841,4.169769430619156,3.7797754454341788,4.010876362596595,4.772282497661355,0.37934343434343437,0.47849057003602463,0.29996323529411767,0.6203939393939394,0.6811171858444586,0.5573161764705883,0.15731986531986533,0.15781627463445647,0.12290441176470589,0.18166666666666664,0.12989807162534436,0.1713970588235294,0.06385185185185185,0.07928628946810765,0.060698529411764714,10.241750841750841,9.311239801864803,9.850734935087317,10.404646727693603,9.57086247086247,11.126103120691637,113838,1140,0,2876,0,1,1,0,0,1,54.37
2021-09-15,1.3643667945818176,1.2017909127079203,1.3856398192111485,1.690910363965962,2.3313448063750397,2.459634721690001,1.6701121921274185,1.4957413329297344,1.854203913187568,3.7716979119457945,2.6217320069165715,3.783207605743009,0.8366336707677735,0.9162193272828513,0.9944731157812765,1.0315463194906256,1.1717534526999989,1.1117021504482685,2.4842439790342588,2.333515639156614,2.5618400539822996,1.8370452842789633,1.9079689680676046,2.113661347379412,4.103310862509171,3.829634958825679,4.210135687402541,3.71894172052966,4.087595436887721,4.774588866943144,0.42453267477203643,0.4769921763713265,0.4628217821782178,0.6128571428571429,0.7010497249676755,0.7095049504950495,0.13721884498480244,0.1591321689202516,0.15806930693069307,0.17144376899696048,0.1397740571102978,0.20683168316831685,0.06840045592705167,0.08119589752580482,0.07603960396039604,10.037461857665274,9.343174733185773,9.94504962581219,10.111474312547493,9.686852824833995,11.792079207920793,118971,1352,0,2876,0,1,1,0,0,1,54.36
2021-09-16,1.3639895576068999,1.1880138045311084,1.1836849690190476,1.6572446824453608,2.317940704697669,2.306931538315287,1.7003868123162467,1.4855549770483714,1.8861114196704705,3.679482258094322,2.6417462126905247,3.9726740319418994,0.8681612154625443,0.9146702693704765,0.7589604175926741,1.0965476259220073,1.1717039114383034,1.1748123061082916,2.5535226339924466,2.35097937577176,2.7652701405135294,1.8557284119765385,1.9197804626113109,1.8947384701941017,4.162814288265967,3.8602349367441002,4.165024169196932,3.6906764779745886,4.076689456008711,4.549113924414988,0.39157031570315703,0.47278281975517095,0.33052884615384615,0.5753013530135301,0.7007724778387505,0.7609134615384616,0.1181180811808118,0.16530941325453777,0.24557692307692308,0.1725010250102501,0.1352097931616716,0.19692307692307692,0.07093480934809347,0.07478471929084002,0.07461538461538461,10.357318573185731,9.322312948501477,9.495192307692308,9.925297573288233,9.547277332207683,12.102884145883413,162147,2413,0,2876,0,1,1,0,0,1,54.36
2021-09-17,1.346685510203454,1.1956719687588375,1.4929753147263056,1.704161286268685,2.3324390403277997,2.3771265645870887,1.6582396009075033,1.5016195793493876,1.9358820871855402,3.638970697702562,2.6630073778668235,4.041714080014578,0.8476668577600966,0.9344002365472747,0.9812343751007461,1.0883093657863099,1.1829873256206576,1.2941188524695437,2.4886007835341064,2.342439930903951,2.7545613432152605,1.8101142252339169,1.9252092584620297,1.982253655161578,4.154920680679943,3.8709984246981177,4.450391224743109,3.7596461319853813,4.140003654125378,4.795535639055023,0.39155486622721986,0.4734919967234165,0.4884,0.6332260566110897,0.7235048373884745,0.7117818181818182,0.13105854982551376,0.1655542518098696,0.13832727272727272,0.16524234199302054,0.13711749208527974,0.20887272727272727,0.07723148507173323,0.07901303991675707,0.07029090909090908,10.403411569406746,9.24553759215391,9.726181640625,10.21318370734781,9.738887566693972,11.730181107954545,163128,2499,0,2876,0,1,1,0,0,1,54.35
2021-09-18,1.4023031570247635,1.2238143385317246,1.3366231776459239,1.6759431705260426,2.2875898560811634,2.4169288713474124,1.6862656656817017,1.4744416714378215,1.9454911605978373,3.8173395768461504,2.6242025186588553,4.251716855039528,0.9178519741568385,0.9014587775119466,0.9145099217341224,1.147950118129567,1.147330241392858,1.1409755397690997,2.525866282973687,2.3373983392279323,2.6059346391412177,1.9143553257658543,1.9108899233567969,1.9584846860818856,4.143588748222764,3.8441376170212544,3.955507634207955,3.7700440482680744,4.0617686232405505,4.7486347067958885,0.4212384769539078,0.49847461004212684,0.33315555555555554,0.5938637274549099,0.6886348628031425,0.7469777777777777,0.11803206412825652,0.15612860070590914,0.22257777777777776,0.17072945891783567,0.13362603893885916,0.1699111111111111,0.06757915831663326,0.08121883183422521,0.05004444444444445,10.184609061873747,9.513895807241262,9.93199978298611,10.319359030561122,9.513668094614596,11.97022243923611,167335,2108,0,2876,0,1,1,0,0,1,54.35
2021-09-19,1.3756357913599364,1.2079070485329846,1.3301512096973935,1.6657537537235243,2.3004844412699836,2.3410259441118177,1.6284530347720636,1.4750893755460932,1.8936718897424187,3.6947573143354377,2.623705386416814,3.934222939598896,0.8402290997361452,0.9288073772581557,0.8394974368685666,1.0954194333609162,1.162041155740741,1.2036696197412657,2.4385290066513585,2.3265068063576195,2.8334743955106623,1.8017779688004476,1.923737168827932,1.8469298401172205,4.067290115098851,3.8239781509595834,3.9722884145590682,3.668303067405899,4.038016269305498,4.592255587370579,0.3902588130298974,0.4861087222712646,0.38353711790393014,0.6431637661758144,0.6998624597773159,0.6998689956331878,0.12960731816153503,0.16772360964774896,0.21877729257641923,0.1690896921017403,0.13068684682632342,0.1696943231441048,0.08424364123159303,0.08400546743742347,0.07528384279475982,10.121954833221777,9.425952886066577,10.166375972298034,10.42485480114904,9.466309942478002,11.842794759825328,158492,2339,0,2876,0,1,0,0,0,1,54.34
2021-09-20,1.44717716789369,1.2422791146088354,1.573726544281073,1.7498617885634073,2.308706208971199,2.34767154916814,1.7205487140117761,1.4666422401373997,1.804460524785316,3.7354093961957777,2.6273327451999426,3.8444575701574055,0.8956789004636933,0.9318286384527152,1.1380656788217434,1.0988788706257504,1.154390356007579,1.0911950534332167,2.5292707720923975,2.313606721811194,3.12023220859003,1.864177047550968,1.959321954534976,2.066542663301153,4.21307856052273,3.85047553986594,4.521580047066652,3.8279879222605877,4.086434659040585,4.70226648670085,0.43000436490615457,0.48680073871540264,0.4070995670995671,0.5944129201222175,0.6818549431572888,0.6757575757575758,0.11072020951549542,0.15428670791960475,0.15160173160173163,0.16378437363596685,0.13172398906317456,0.12805194805194806,0.06850720209515494,0.07651772437281143,0.1487012987012987,10.414884329986906,9.311416210965607,9.654112976866884,10.28799684908337,9.513543615388306,11.148051736674784,122574,1589,0,2876,0,1,0,0,0,1,54.34
2021-09-21,1.4046745764452966,1.2586703582302177,1.58749059923121,1.7437620116807515,2.3787725693014745,2.4503689431138542,1.759309437724333,1.5003211498148326,1.8892063718157286,3.8143877901334733,2.666507654818027,3.932741717677813,0.8665568289117374,0.9198873260703887,1.0901566599952819,1.0880332620872308,1.1538557042981845,1.1570472791126538,2.607311647080302,2.3122785947397477,3.0569549642751315,1.8750400092643686,1.9555790617363058,2.1328024462594737,4.124775285866312,3.845645373650397,4.327907523428568,3.7964131044517813,4.1766797783826926,4.578984768110997,0.3838441936658173,0.4896756494722694,0.4880412371134021,0.6132326174008008,0.7270076901042241,0.6997938144329896,0.1198762286130324,0.16740673820593616,0.1917525773195876,0.18397888605751728,0.14180662362558666,0.16776632302405498,0.06407717510010921,0.09029019676971554,0.1131615120274914,10.445613254231889,9.309364877817686,9.922336434170962,10.237604375227521,9.713688220258687,11.58006889631658,94644,1194,0,2876,0,1,0,0,0,1,54.33
2021-09-22,1.3656786282434301,1.2359376360141072,1.4303625431942837,1.696548538691497,2.347851611023054,2.218743301431996,1.710739326293316,1.4993300626544732,2.0059794432782545,3.734613353451139,2.6582027078224915,3.7110595253674306,0.8981635057466808,0.9191399236217545,0.9886070917742649,1.0708508349854726,1.1660680289133671,1.2440447264722898,2.586548551137248,2.346395987365238,2.661190647895501,1.861297382057435,1.9554885209364945,1.997125601275676,4.173614386303708,3.8477524143703823,4.084084315173799,3.6851308286276376,4.1078103137022355,4.627748511738753,0.4113209044030147,0.4900016455874748,0.42355932203389834,0.5949543831812774,0.730406225022333,0.7702542372881356,0.11045220150733835,0.1749174855423386,0.20275423728813557,0.16988496628322095,0.14582114814988953,0.1647033898305085,0.07109877032923444,0.08898655319949222,0.06258474576271186,10.472590396915907,9.249573910386008,10.038135593220339,9.954542003421261,9.698732603789553,11.491949566340041,98378,1368,0,2876,0,1,0,0,0,1,54.33
2021-09-23,1.4460199562212135,1.2282960684961877,1.2892673082344142,1.6289614686823333,2.2892921153882475,2.3473011690369643,1.6482008638083014,1.4712786553673824,1.8028998175553357,3.7268218015417642,2.623682258185283,3.8985589374451957,0.9284702431333175,0.9140526745751659,0.9760504127640636,1.0820748485447589,1.1508314769178962,1.2008084692513339,2.608073501366801,2.353291901269914,2.4228421321739178,1.8940897653572162,1.9312280847795624,1.9413527670180015,4.234455448619006,3.860920332585166,3.9572019200670665,3.660421780257018,4.060751066981854,4.491003148715528,0.43582417582417576,0.4983338183934808,0.337037037037037,0.5840934065934066,0.6913998835855646,0.6349537037037037,0.11640453296703296,0.16426755917733799,0.14101851851851852,0.1556936813186813,0.13601062281722934,0.13916666666666666,0.0577712912087912,0.07859526581296081,0.09000000000000001,10.556627881395947,9.340628941113698,9.90879652235243,9.973729395604396,9.551360290551028,11.659722222222221,132981,2345,0,2876,0,1,0,0,0,1,54.32
2021-09-24,1.3323522902636042,1.2483488771690665,1.238144025700937,1.6044630545604104,2.232690343099209,2.1583470288374818,1.610561411331415,1.456425030941039,1.8748784856997602,3.7038497201486886,2.5419695449150823,3.7498233071632545,0.8620498704068211,0.9213331253984526,0.8542901106609126,1.0610498723358683,1.110116301097354,1.0883383798505981,2.503164397871421,2.3470195243225636,2.6624561388834427,1.8064329719539511,1.9559066944004742,1.928361693700943,4.107613783686745,3.855232367287111,4.182306144003489,3.5876443460112513,3.971391903210805,4.561592331781589,0.3930361260568794,0.5065979632080824,0.3507441860465116,0.6479131437355881,0.6781671574056566,0.654,0.11815142198308994,0.165687079607769,0.12441860465116279,0.16729823212913145,0.13190037548286015,0.1974418604651163,0.07106072252113758,0.07839568870039709,0.0790232558139535,10.16487317448117,9.425160052945785,9.213953488372093,10.012990307936203,9.28316202490613,11.62418581940407,132730,2350,0,2876,0,1,0,0,0,1,54.32
2021-09-25,1.3856543874144693,1.2552784808678252,1.2926943535314146,1.675872873208122,2.290443714971782,2.6874204736626974,1.660222017864139,1.477472905711278,1.9903323925851288,3.7183211674200063,2.6102230450763044,4.191786348237438,0.8501879081966416,0.9127840629282195,0.8340376530945327,1.0987379189920372,1.1466563693061445,1.1716421517619846,2.490974948015377,2.3393714504967513,2.1288247630732156,1.8526111532297338,1.9582633811803603,1.5893661753390986,4.09999161522732,3.8417614167289,3.6537622558775715,3.678754810768614,4.077747733719382,5.13656832759068,0.43178961152335227,0.5049932323132283,0.4045751633986928,0.6344041903099084,0.7051655607276088,0.7902614379084967,0.11700130947184637,0.16682017761051135,0.2481045751633987,0.1863247490178961,0.1387828067742894,0.17261437908496732,0.06868616324749019,0.08403420157802648,0.07568627450980392,10.23644662538193,9.547621405698061,9.132680057700163,10.469532614033174,9.506968860387573,12.384967479830474,138256,2073,0,2876,0,1,0,0,0,1,54.31
2021-09-26,1.4007920222099455,1.2417764134951743,1.4431697020975356,1.6835100378735937,2.2594564935828556,2.418423066327726,1.7208726069807183,1.442674574290694,1.9186136957668125,3.7127497920329025,2.5928706798864747,4.236318708849566,0.8957209841482764,0.9186651228717397,0.8529111069221289,1.0945893045733903,1.1545582367213085,1.2735531352903016,2.599145647021991,2.3207869054394337,2.796765257004754,1.9087165002530377,1.9447098291388543,2.0810829077688346,4.259299572406119,3.8345088362341397,4.378233333001599,3.704063609198343,4.045972601480323,4.927578088531197,0.4075249881009044,0.5112468743246997,0.38517647058823534,0.5812279866730129,0.6905405488840182,0.8095294117647059,0.13077106139933364,0.16508566665637636,0.14476470588235293,0.158857686815802,0.130125644429352,0.2123529411764706,0.0627510709186102,0.07503472972555798,0.09023529411764705,10.046882436934792,9.473451054240114,10.067058967141545,10.156686919919085,9.513361297193839,12.15941233915441,132731,2465,0,2876,0,1,0,0,0,1,54.31
2021-09-27,1.358947497302547,1.213364023975915,1.2315124582322639,1.691607251171765,2.306243382486371,2.4438755774639818,1.5781300035574897,1.5034050190173172,1.8696643283040046,3.5402780804100584,2.6809842333117997,4.045542324014116,0.8585414584368999,0.9064334916422412,0.8439375140339677,1.040373748845312,1.161798477277248,1.2647145495375285,2.418519985609432,2.3193192265817255,2.444426022269366,1.8568393820542035,1.92329924517974,1.824204933000876,4.079089393116237,3.85835209407509,4.160631104532287,3.600513589092547,4.121199164339574,4.552851654127298,0.43464272211720223,0.48593698565718313,0.3472946859903382,0.590117202268431,0.7161624474227344,0.6787922705314009,0.11624574669187146,0.19079107558063588,0.19082125603864733,0.17043478260869566,0.1343660683961648,0.19227053140096617,0.07522873345935728,0.08250385348904042,0.07917874396135266,10.34945209120983,9.303654936384774,9.755072699652779,9.671002185727788,9.714928351229197,11.797585012832126,96166,1435,0,2876,0,1,0,0,0,1,54.31
2021-09-28,1.4332364061526248,1.2160774456915262,1.4846047114955196,1.6377574144193652,2.2364915196853743,2.085470690211222,1.6534064508684478,1.4555030285685104,1.851661913529135,3.5394988650182437,2.573884886215854,3.894300314249745,0.8788100937713027,0.9104798624910572,0.8564016553388283,1.1081611834086178,1.1241680231815336,1.1468037083854012,2.5522349182695194,2.3035080105019246,2.611023000265049,1.8490632371106046,1.921664672858909,2.1089012627666093,4.129395153008855,3.8894510882478777,4.147817731163925,3.671591328739146,4.048842628387045,4.607395447168576,0.40940491591203104,0.4825342258908798,0.352,0.6419577404053471,0.677818602778337,0.6928780487804878,0.1236265631737818,0.16170751962955507,0.20824390243902438,0.178128503665373,0.1323099959734246,0.15370731707317073,0.08013367830961622,0.08037094825850614,0.07263414634146342,10.102544536977145,9.286744859824845,10.21170684070122,9.875549974396291,9.472722311002617,11.682926829268293,75238,1019,0,2876,0,1,0,0,0,1,54.3
2021-09-29,1.3332622859522516,1.1931150036553988,1.4734324203248308,1.653733764405055,2.242197951918858,2.2540314596135733,1.7048552513251634,1.4534637076919932,1.7897678803012103,3.626735500765775,2.5728769462963155,3.9333939296188416,0.8096322125812921,0.8850883425732828,0.8695963286830001,1.1099548049477432,1.111919128301157,1.1467595548570269,2.511857396691381,2.3141795388317825,2.6617159933113035,1.9123457961465729,1.9077701547423278,1.8829593493955616,4.245974181060761,3.876823186514839,3.9694705294974946,3.7520925189631997,4.023817770378117,4.499696814457619,0.37299037749814956,0.47279319696854477,0.4391203703703703,0.656058475203553,0.6854672648467797,0.6966203703703704,0.12058475203552924,0.16287354573796667,0.20722222222222225,0.17763138415988156,0.13661977542899145,0.18101851851851852,0.06761287934863064,0.07434998605936177,0.08796296296296297,10.315470166774611,9.38466577319849,10.078703703703704,10.234048274426351,9.406397327199452,11.140278003833911,107319,1957,0,2876,0,1,0,0,0,1,54.3
2021-09-30,1.4634933777986305,1.2203324432110279,1.2907947364219128,1.672561709410444,2.234157865278937,2.3621104794480563,1.6850874413344272,1.4216736376403463,1.9479641505578444,3.6427914891615285,2.571508560780953,3.932229954315779,0.8614485686862047,0.9069952438893438,0.9251799465332629,1.1224216973313101,1.0957802531009924,1.2426627888863613,2.5750599431826773,2.3158615497956165,2.4877736769114,1.9391072015748656,1.9280905571441473,1.8682637808528386,4.318862709885729,3.8625911042113468,4.238906830585353,3.743277749397303,3.9986143943652657,4.54638960476312,0.44293736501079917,0.4899297236863121,0.3627,0.6526349892008639,0.6892951072778577,0.75405,0.148488120950324,0.1638260661236224,0.2357,0.16287257019438445,0.1294122344673375,0.1704,0.05826781857451403,0.07657402970771442,0.04655,10.241036717062634,9.361957954000959,9.841500244140626,10.271101343142549,9.354615876058137,11.4025,115452,2155,0,2876,0,1,0,0,0,1,54.29
2021-10-01,1.365280080186021,1.2251770498933114,1.2131038451907692,1.6907535451626061,2.2605310454386043,2.287182529824302,1.590544581865049,1.4673062974205666,1.910938245318828,3.7003452426187082,2.58979000293831,3.912426996124158,0.8610745053062281,0.9121977052921527,0.8629617644590314,1.0816555931411627,1.134987126021461,1.3223100634669094,2.4607302324637454,2.296432334248668,2.184778303555575,1.97222432713914,1.930463084313068,1.8501664073025406,4.231846487058805,3.8120828021854307,3.696760104773867,3.7182078671333247,4.053384651045628,4.61692147658917,0.4352096924510718,0.49766078526695073,0.40844311377245507,0.6046272134203169,0.6904449655409076,0.6855688622754491,0.13537744641192917,0.1612422431296291,0.2198802395209581,0.1517381174277726,0.127587863536275,0.15580838323353294,0.06476700838769804,0.08468529268780921,0.04550898203592814,10.30764176083411,9.479212838514112,9.192814078873504,10.035647716682199,9.44193428465212,11.827544617795658,116797,2253,0,3175,0,1,0,0,0,1,54.28
2021-10-02,1.3574842951688686,1.2407516640546759,1.4696331986888025,1.70700579706459,2.28031144794481,2.376599463286841,1.692285837918126,1.461008763919357,1.7591711567791235,3.6894165815092275,2.6191420047902234,3.5349467238029044,0.8126249362793149,0.9196638029515958,0.9651935324616875,1.1206701895604663,1.1421855107521666,1.0909208523433103,2.4111790353693787,2.319248442522493,2.5627317089383803,1.7319359042237938,1.9669895713022791,2.1772922390984815,4.043657511762716,3.893673309460158,3.998382038084957,3.718058097463994,4.075692520504678,4.287401227349865,0.42340909090909096,0.4962270815811606,0.5077564102564103,0.6289204545454544,0.6905779646761985,0.825576923076923,0.15198863636363635,0.16075862068965516,0.30525641025641026,0.15891477272727272,0.1322627417998318,0.1237820512820513,0.0746534090909091,0.07990647603027755,0.12512820512820513,10.326591352982955,9.327828006728343,9.985897748898237,10.214715021306818,9.488147603027754,11.446794558794071,124042,1962,0,3175,0,1,0,0,0,1,54.28
2021-10-03,1.421477339152854,1.2565532976482645,1.366646154307656,1.7237862121793057,2.263210673342868,2.782761356813387,1.6990701191947748,1.4679202012203527,1.822205487008427,3.897568692783518,2.609230226159831,4.161279402275769,0.8556958066716586,0.9325204371155024,0.9580900787854586,1.140752614004971,1.1312760692408217,1.312856211879053,2.498282604087646,2.3405564584498784,2.741863635379598,1.8812641916175499,1.9414900848315786,1.8508438384878392,4.1451457143350865,3.9029170134314985,3.953914411230228,3.8440951142573105,4.054778193827416,5.006334402495844,0.45667037861915366,0.4887206105882733,0.29671532846715326,0.615261692650334,0.6764212024190679,0.7286861313868613,0.12702672605790646,0.16926263704278646,0.26102189781021895,0.1594153674832962,0.1386818020115779,0.16671532846715328,0.07356347438752785,0.0734138611299764,0.06401459854014598,10.528953229398663,9.347557080948222,9.610948548699817,10.206068824819042,9.517466891433006,12.823358020643248,120674,2211,0,3175,0,1,0,0,0,1,54.28
2021-10-04,1.2452085649471791,1.2324188487443715,1.407556401135908,1.6283893057404188,2.19387335975607,2.101580315093809,1.6763075315008413,1.3987611885669429,1.8467874040079892,3.880531318805128,2.5102186346058124,3.5322802660311554,0.7957914660552708,0.911428226174633,0.8849117826241499,1.0855947864412279,1.0917951400562247,1.2517900685234864,2.4548283519231684,2.289497005453456,2.6538455743474123,1.7997780075430678,1.9537985014442398,1.9509194150068085,3.92535019991415,3.837425274162729,4.166380556757554,3.6873176843082462,3.9234379322649375,4.278234347042589,0.37755839416058395,0.49438430350419926,0.44810055865921794,0.6578467153284672,0.6731604401969302,0.683072625698324,0.09536861313868614,0.15808890819577182,0.16089385474860335,0.2489744525547445,0.12361685490877497,0.141731843575419,0.0566021897810219,0.07669215175209962,0.10815642458100558,10.064488765967154,9.45106881697075,9.970390788669693,10.781934306569344,9.185076382855488,11.42122918667074,81968,1287,0,3175,0,1,0,0,0,1,51.16
2021-10-05,1.3366917178544981,1.2665828637481076,1.2495160076855285,1.7291645695442315,2.1837736132899592,2.279216755591851,1.6557255952172003,1.4103633388837937,1.5331731766906644,3.853833624891151,2.48470256381581,3.8977767990544527,0.8314275735462635,0.9018601122370965,0.8878056548961084,1.1104016102184282,1.0779217968858443,0.9634159011484407,2.452345186436517,2.327037529014601,2.458160270662015,1.7484500710660547,1.9461335959329755,1.9100520464191348,4.057063195549733,3.914066845767407,4.051663168222527,3.727108396406808,3.9141526156140207,4.485493266173485,0.4032343679712101,0.4986807947019868,0.39785310734463275,0.5764237516869095,0.6561118469462841,0.6905084745762712,0.10225820962663068,0.14955202354672553,0.21887005649717511,0.1675258659469186,0.12438145695364237,0.1405084745762712,0.06247863247863249,0.07258896247240618,0.042655367231638416,10.466621155251913,9.548388520971303,10.390395342293433,10.154881143162394,9.06522718910964,11.018078820180085,66639,942,0,3175,0,1,0,0,0,1,51.15
2021-10-06,1.4137541579192978,1.2242350972253435,1.2722694777810972,1.6940231948848314,2.238793256196743,2.3878190297901107,1.687769985834155,1.4638442805214857,1.7857721408806086,3.8160445199604274,2.5679412401605735,4.1405341082964116,0.8256496817003144,0.9264025204658044,0.9479104762561851,1.0924497474820103,1.109571729289798,1.1871342944334327,2.5316348463863108,2.2888961143993916,2.49525101971317,1.8429434893308776,1.9754081739908094,2.0144810189664533,4.182587673433642,3.878835010493611,4.047931391118182,3.6339373253655363,4.008410241161408,4.474692327253541,0.4126823529411765,0.4662844735858281,0.3467452830188679,0.5789364705882353,0.6551215023150145,0.6712735849056604,0.10605176470588235,0.15377390504126767,0.16566037735849054,0.16448941176470588,0.12852644292985937,0.14382075471698114,0.05821647058823529,0.07278146838064015,0.06018867924528302,10.463623161764707,9.321269375665027,8.840565807414505,10.147717830882353,9.335852349524057,12.11650920364092,91816,1356,0,3175,0,1,0,0,0,1,51.15
2021-10-07,1.4011081175270663,1.228065646723977,1.608708415487809,1.7555165273815116,2.2062331877230448,2.3171684374948422,1.622123532933719,1.4305213139607729,1.8063748781693092,3.714888666678896,2.56815303900429,3.802346696192336,0.8473059428176791,0.912835226316869,0.9513943757498698,1.0849833195553389,1.0917724137839,1.1236140219346173,2.540299795311515,2.3011471232871457,2.700061912492023,1.8939444906215719,1.9622871677352878,2.200216307803018,4.226461564653926,3.9171585193012928,4.164827434525065,3.7964844673756617,3.9659873964020615,4.122453112466061,0.37826719056974456,0.49026659086829033,0.45892045454545455,0.749811394891945,0.6426497516605828,0.7295454545454546,0.24458153241650296,0.15453772963915985,0.25022727272727274,0.15469941060903733,0.12251271617497457,0.09988636363636362,0.07847937131630647,0.07000418885763868,0.055284090909090915,9.887780114194499,9.342384881215965,9.921022588556463,10.36746531188605,9.280737612949554,11.52102314342152,101799,2055,0,3175,0,1,0,0,0,1,51.14
2021-10-08,1.3797452950897846,1.2589083705724182,1.5103131735302104,1.6143344641721777,2.215245218925742,2.480632183748734,1.6798655634012614,1.4335292456260451,1.9654317772460133,3.776529805923575,2.5529470081319947,4.164590085968393,0.864698798964723,0.919264044408633,0.8720254174440802,1.0567091171030611,1.0996227976508524,1.362427087819961,2.5749460139938964,2.35011875132205,2.887981840423583,1.801933193009288,1.9585149938703366,1.9428735403198085,4.160043121707069,3.94523773152196,4.278855331916643,3.743972407849937,4.001850075371016,4.891036630169709,0.42453982300884957,0.4892285125772423,0.3770621468926553,0.5686194690265487,0.6673072841895012,0.92954802259887,0.11519469026548672,0.152887148118095,0.14180790960451978,0.16792477876106193,0.13245615130141689,0.2840677966101695,0.052783185840707965,0.07630297734223832,0.10627118644067796,9.984469199391594,9.44952815835466,9.557626842778955,10.61783220409292,9.242407426190624,12.213559597899012,118223,2053,0,3175,0,1,0,0,0,1,51.14
2021-10-09,1.390739393582557,1.2317009314031393,1.4485847406628836,1.6420129703811421,2.240805058542659,2.19656828570373,1.7105989751502955,1.4360691075049088,1.7420994595831545,3.6562847106579395,2.5943225093166404,3.553275326328436,0.8234361327213274,0.9270616620524128,0.8486495431134641,1.1039239280132875,1.10681780307836,1.2380468019696704,2.587978271304067,2.3241416631075267,2.7948137200118905,1.818324836019592,1.9286862859059422,2.05123246069448,4.095577963847158,3.916152380110282,4.42918250038835,3.714689392706034,3.976823209941652,4.137911160834064,0.41171206225680934,0.4762325480717198,0.36582089552238806,0.550875486381323,0.6756030159818176,0.6623134328358209,0.10445525291828793,0.15967062303834914,0.12291044776119402,0.14684176394293127,0.12938201233810745,0.15925373134328358,0.051128404669260705,0.0723777914066164,0.08492537313432835,10.544682484192608,9.49110380064216,10.00074608646222,9.986575748824578,9.264893890472239,11.144030215135261,113038,1738,0,3175,0,1,0,0,0,1,51.14
2021-10-10,1.3994335543063703,1.2904411295582379,1.2353822118052349,1.7811710240627208,2.236242025723003,2.346916699605998,1.7714921971234325,1.447029850879096,2.0213372361856363,3.789323453892374,2.5718476704172777,3.880891014362886,0.8256533650589047,0.9230197302151988,0.9952383318493738,1.197352605269111,1.0934616753369806,1.3353148440545397,2.5188976714124838,2.3199075629903567,2.5155037968864438,1.8904977144282318,1.9748071260060571,1.880561782389042,4.222549855466597,3.9237569081770705,4.043296856219208,3.8673329131617757,3.97623856424197,4.607636000588451,0.37440267765190527,0.5089327014218009,0.218015873015873,0.7201390319258496,0.6848872037914693,0.7933333333333334,0.18627188465499486,0.15792151658767772,0.15658730158730158,0.14460865087538619,0.13105402843601896,0.27174603174603174,0.12460865087538621,0.08421687203791468,0.10674603174603174,10.229093918962409,9.514115521327014,9.580158536396329,10.230998768988156,9.272451421800948,11.75079345703125,108501,2253,0,3175,0,1,0,0,0,1,51.13
2021-10-11,1.3608699983325216,1.2796982808610269,1.3986850563188116,1.698897360245757,2.179274380232,2.1478441369053107,1.673479750848636,1.4050477736352958,1.7321708717658377,3.752919899784176,2.488063045115689,3.7898266664413236,0.8514136177218353,0.9140982407435727,0.9030412684939851,1.0985924082723115,1.0672396476655794,1.06209651120056,2.473823330641386,2.3266412053248846,2.4717027730605836,1.7944685566924123,1.9877235224435772,1.9378383553955756,4.137149082633835,3.886157785682295,4.07208498902471,3.748070015752481,3.9083520227399013,4.591021307595354,0.4396175637393767,0.5118506845601193,0.4123391812865497,0.6578706326723324,0.6691778500745561,0.7610526315789473,0.1417610953729934,0.15279076860512403,0.1791812865497076,0.17419735599622285,0.13267656228819302,0.09777777777777777,0.06764400377714826,0.07771350142334282,0.08222222222222222,9.938763352809254,9.44036257116714,10.229240194398757,10.061850802644004,9.092215458519723,11.594152617872806,70589,1051,0,3175,0,1,0,0,0,1,51.13
2021-10-12,1.3068303501030096,1.2482931211415718,1.2707636572033163,1.5766421315339438,2.202935888288624,1.992185411185169,1.649473336646519,1.408606894887682,1.811900316448009,3.5348188257582054,2.5183862016542253,3.654983108014601,0.8661236989010744,0.9133191343678723,0.895436858417558,1.1333803432627194,1.0669572091755362,1.2009506674527732,2.377391101926401,2.330456535896622,2.7807350409730027,1.784597546426696,1.9493478837851654,2.0973402257463674,4.034760566846651,3.898155488031721,4.1170563402269185,3.7509320363778587,3.9660663883467997,4.498241725155034,0.39432841932841933,0.49625022320099993,0.4627439024390244,0.5701310401310401,0.6660960657103744,0.6507926829268293,0.11889025389025389,0.15580977322778405,0.13426829268292684,0.18642096642096642,0.1321763585500863,0.1472560975609756,0.04812039312039312,0.07756443068864949,0.06871951219512194,9.968222928183867,9.43773622105827,9.367683224561738,10.228582808660933,9.178840731206476,11.980488102610519,58449,1013,0,3175,0,1,0,0,0,1,51.13
2021-10-13,1.3421258567285301,1.216499616157929,1.2830991129446914,1.677148693158289,2.193962993332271,2.5249110850237293,1.682144100244185,1.4202063245619556,1.9874183511071706,3.6589392192797177,2.544606699475345,3.967999599826583,0.8449082215058549,0.9004869702070493,0.9980385666542305,1.109970143895055,1.0749718570396734,1.1949785504661767,2.516700755505999,2.2908083492377824,2.6053568934702014,1.8517928799702346,1.9399954724656736,1.8291320959290263,4.158743511110351,3.9122677140205844,4.040116475592631,3.6691621272439896,3.9568693472013408,4.811216661063739,0.41657142857142854,0.47554069633387136,0.5550877192982456,0.592064935064935,0.6548458035508415,0.6692397660818713,0.10270995670995672,0.1528311620936131,0.20976608187134502,0.1760952380952381,0.12727980170624856,0.15976608187134503,0.06330735930735931,0.073763258012451,0.04105263157894737,10.322857481060606,9.312485589116902,10.256139922560306,10.339696631493506,9.224158584563062,12.067251461988304,77961,1024,0,3175,0,1,0,0,0,1,51.12
2021-10-14,1.3556665056309414,1.2320653589969488,1.372734012691991,1.5469258853723653,2.214237738348801,2.3453716483991705,1.579765760013353,1.4568876490898655,1.9169812611972028,3.656928618572168,2.5650226605276076,3.782547006260805,0.7972231336423868,0.9373303033588444,0.9740423583907525,1.0280000720862512,1.1017189638909606,1.5798458043711112,2.486633227063093,2.3202449199952104,2.604642612019778,1.8717910228761683,1.9741376573277127,1.9702222172955637,4.211821493241438,3.900064531502523,4.060432334924553,3.5979527821292763,3.999062477557527,4.606810369364853,0.39393866020984664,0.48321418132928035,0.36492753623188406,0.5367433414043583,0.6575436955632198,0.7786231884057971,0.11100080710250201,0.14824370140878004,0.21688405797101448,0.1448829701372074,0.1297243818319986,0.11036231884057972,0.05918079096045198,0.07713655228853686,0.07326086956521739,10.32405165456013,9.43364741041679,10.160869211390398,9.648910411622277,9.299681782311335,11.850724814594656,89638,1914,0,3175,0,1,0,0,0,1,51.12
2021-10-15,1.3856000874544958,1.2285606235099598,1.4704434781449638,1.708702924022771,2.214779404793527,2.2637580091026472,1.6656595806880337,1.4583907757199654,2.0232252446125543,3.6835020948111223,2.580294626596351,3.7972960562052585,0.8528287097928235,0.9151658978375087,0.9692196600404362,1.1123967344589207,1.119733972731836,1.1694005018140219,2.5177818501354956,2.305062465920032,2.6239520140007784,1.8301742246490207,1.9592231683156034,2.0373022757470074,4.128403205391147,3.8771013529935936,4.173718006917895,3.7783810705271095,4.041403998532946,4.478449663629511,0.41607431340872375,0.48658552631578944,0.4157228915662651,0.6101413570274636,0.6523345864661654,0.879277108433735,0.1052302100161551,0.14994924812030075,0.22054216867469878,0.19862681744749597,0.1330043859649123,0.25987951807228915,0.07198707592891761,0.06777318295739349,0.11734939759036145,10.02613054069063,9.280827067669174,9.813855274614081,10.344709208400646,9.324154135338345,11.179518366434488,96312,1846,0,3175,0,1,0,0,0,1,51.11
2021-10-16,1.340330042788937,1.2409368259002183,1.5169966267936403,1.64565617899178,2.222479076165064,2.0092397181342214,1.7198889816269456,1.4369993863666557,1.6934873268864683,3.7180000535595625,2.5746666308948316,3.460279806485308,0.8047652993579721,0.9106288384518043,0.8734453821051695,1.1045773290496903,1.1211038177003796,1.1365019783515173,2.537287920861329,2.3068455280059807,2.8323087681437706,1.7839837847825661,1.9544433185857237,1.9806438122044039,4.026166217670846,3.869105600949555,4.464256698990693,3.6400663135356734,4.008634461675639,4.25901625885252,0.389995004995005,0.5136849764907829,0.41333333333333333,0.6428321678321678,0.6742988282707665,0.6823188405797102,0.11855144855144856,0.15428278229718637,0.12920289855072462,0.20650849150849152,0.13148220016419135,0.16485507246376813,0.0602997002997003,0.07898686469139488,0.051521739130434785,10.264435759552947,9.412560522240465,10.492029162420742,10.336463341346153,9.406776508508097,10.844927359318387,96871,1576,0,3175,0,1,0,0,0,1,51.11
2021-10-17,1.4058806448528323,1.2370246237404618,1.3234203128768702,1.6683006922738233,2.2218513415768695,2.1823933666296798,1.6510860416367268,1.4410666950825448,1.8335642035347184,3.680205165099088,2.562923871641401,3.7237749470787063,0.8569150260070169,0.9211079328210156,0.9323891679612847,1.0610276371953642,1.1072350724782425,1.2283007556653154,2.554657258984659,2.3372170738388287,2.7988457345284656,1.8702037164824605,1.9494235348079294,1.784578438922891,4.074080717853677,3.8930955945226793,4.092944075080789,3.7015458705260644,3.9617607065499834,4.540790886213495,0.412288,0.49869166666666664,0.3938392857142857,0.6070506666666666,0.6544958333333333,0.7083035714285714,0.12172266666666666,0.15080151515151516,0.13955357142857144,0.162048,0.12724810606060605,0.22017857142857142,0.07165866666666668,0.07506363636363636,0.047142857142857146,10.124266666666667,9.379810606060605,9.844642639160156,10.317172916666667,9.279965672348485,11.827679225376674,92417,2038,0,3175,0,1,0,0,0,1,51.11
2021-10-18,1.4158091788841636,1.2420226265850578,1.231398253139347,1.6489716681909927,2.259251483912174,2.4125897012466977,1.7085706903179576,1.4774823644252484,2.155672287834375,3.7449405297333445,2.597058776153292,3.9817877063955276,0.8225116862720838,0.921264254592582,1.0148681576340994,1.1207005056363748,1.1310587230553193,1.5700070677724023,2.5174565451025326,2.3391354913258273,2.6099890826257433,1.892662041491409,1.9631244376155847,1.8678084919337086,4.129732179906581,3.8940748965324112,4.169365951923766,3.739727260726301,3.992512763717002,4.860198705283993,0.42219038817005544,0.49001711596063324,0.30859756097560975,0.6080730129390018,0.6466828657008374,0.833109756097561,0.13156654343807764,0.15175071825906228,0.18646341463414634,0.16205637707948245,0.12570664466043158,0.17365853658536587,0.0674445471349353,0.08086405036982701,0.031890243902439025,10.337477255660813,9.366376115593862,9.381707168206937,10.371118118934843,9.423785263463538,12.153658238852897,63002,892,0,3175,0,1,0,0,0,1,51.11
2021-10-19,1.3161383057080627,1.2239945733304942,1.1956726790064867,1.549533665266228,2.202228226207412,2.2205973369007626,1.5871907848716846,1.4215407023227782,1.9715728558041368,3.7649730478949506,2.51432917725661,4.026455568647292,0.8111211745657068,0.8995519210613184,0.9734129897430261,1.0186453291035635,1.0850258048964752,1.362804015408892,2.558899201533077,2.2747828797460903,2.506307709161684,1.7481753627107512,1.9472801586650035,1.7323402493527347,4.102672361191891,3.869887111947426,4.077459835942119,3.576362231948289,3.983858411365238,4.67403139597062,0.35182284980744544,0.47993692204054134,0.35902702702702705,0.5876829268292683,0.6434533651785168,0.7702702702702703,0.09538510911424905,0.15366770775920144,0.21172972972972973,0.19219833119383825,0.12483832445342642,0.20291891891891892,0.04813543003851092,0.07307612223651172,0.0892972972972973,9.694416168565468,9.335831764039439,8.775675675675675,9.680262907172658,9.210292080041643,11.33945972339527,47645,695,0,3175,0,1,0,0,0,1,51.1
2021-10-20,1.3427246741189807,1.249894331941376,1.3641843066671893,1.7510740876908044,2.179065661379993,2.039852323354979,1.6472958769060728,1.401884571226274,1.7063031630175793,3.805802534788971,2.538177798034138,3.518233321900619,0.9061239279793419,0.9122785639520569,0.9466466647145702,1.0679037892517564,1.0598296166926404,1.162950373499213,2.534844722315389,2.322102005646967,2.819077427497992,1.8478783774509924,1.9869302441119767,1.9341153717874722,4.14177399284958,3.9378723550874395,4.196964928164682,3.703506475314296,3.9404746778815047,4.3018792998201825,0.39909895150720837,0.5011138437833353,0.3165151515151515,0.6001736566186108,0.6368783335308759,0.6665656565656565,0.10151703800786369,0.14798328789854215,0.17752525252525253,0.1825786369593709,0.12254681758919048,0.16808080808080808,0.06705111402359108,0.07167239540120897,0.04242424242424243,10.022935779816514,9.394725242977362,9.884848238241792,10.114613624262779,9.059183136778476,10.424747967960858,72322,2330,0,3175,0,1,0,0,0,1,51.1
2021-10-21,1.409172474008397,1.2245429246239536,1.2440286043707807,1.564349327943221,2.263251351515597,2.4856231280913623,1.6637032960690539,1.4347454365930905,2.0360653517651612,3.6517990965066787,2.5759414169443944,4.069494991143908,0.875261551311855,0.9308508924499646,0.9311417521881405,1.0680539050714386,1.100109369204403,1.25662819695908,2.493980529441759,2.2968841586411095,2.4684095387800173,1.9229475281598156,1.9642510423409176,1.7931607509538299,4.149860872656352,3.8589765420124205,3.9217466128843625,3.6451451707043816,4.028750161085719,4.87333975901825,0.41293143297380586,0.5004521413243872,0.28420765027322403,0.5842719568567026,0.6804327983800283,0.6542622950819672,0.12489984591679508,0.1622694713935987,0.17846994535519123,0.17678736517719568,0.12015262792033124,0.189672131147541,0.05236132511556241,0.07699428778674404,0.06420765027322405,10.340678116573574,9.355487049294284,9.207650273224044,10.028967341583204,9.21642657992565,11.914753564719945,80595,1849,0,3175,0,1,0,0,0,1,51.1
2021-10-22,1.471316537231291,1.2333366350630415,1.354565721971035,1.7405522622793321,2.2403472097574406,2.4196721430557835,1.7531224971622892,1.445004125234494,2.1588961529350903,3.7513414522934987,2.5656676565393033,4.093706091576829,0.9060533373038655,0.9141916417869352,0.8278831949921621,1.1089850803399812,1.098327678748613,1.256205807015213,2.491431838382224,2.2920550711509677,2.547459446181038,1.9082606280733045,1.951906261955336,1.9645284177446993,4.098973885598213,3.8542486969807275,4.0534392060619,3.8141873502516757,3.977619937346777,4.913648828904322,0.3913605769230769,0.4928836767451764,0.28781249999999997,0.5839326923076923,0.6723117240475645,0.7318749999999999,0.12454326923076921,0.14532512202312708,0.133125,0.15846634615384617,0.1263910636485734,0.21237500000000004,0.05565384615384615,0.07506338651030235,0.0364375,9.991634427584135,9.372840026861468,9.075625610351562,10.533173076923077,9.216723105775216,12.195625305175781,76534,1841,0,3175,0,1,0,0,0,1,51.09
2021-10-23,1.3899994226213819,1.2694578705564699,1.344672790072321,1.7169825994252088,2.239203848000992,1.8952184506571672,1.7479414322683038,1.4523940609814394,1.6344321711558731,3.6580919471827182,2.578094980476409,3.5907125530670667,0.8215239600933901,0.9255217940892377,0.8347100301230752,1.1670751570681548,1.0772685079154865,1.0804270323440806,2.4685688203532425,2.3127674463149144,2.5741346359562227,1.844208787622093,1.9680198263597675,1.7691742762559814,4.1152272943204835,3.8492203624783565,3.8485800986140593,3.782721231323555,3.991267449841439,4.244928950728429,0.4060695652173913,0.49918361344537815,0.5110638297872341,0.6131768115942029,0.6800508403361344,0.6577659574468085,0.12302608695652174,0.14821470588235294,0.16276595744680852,0.15791304347826085,0.1279063025210084,0.17063829787234042,0.0596695652173913,0.0756655462184874,0.08521276595744681,10.222203351449275,9.403478860294118,9.8978726001496,10.312927989130435,9.158004201680672,11.104255838597075,87571,1523,0,3175,0,1,0,0,0,1,51.09
2021-10-24,1.4284776140624436,1.2598388777256966,1.5803279525024507,1.6300241231797663,2.224082394712728,2.437558953241353,1.6562112378219895,1.4373665589774927,2.0980893155864626,3.638239439330012,2.5295859009453263,4.168978838743506,0.8968662863902286,0.9215615568275645,1.1887334418374147,1.1332972485778154,1.0956504584684075,1.172481073318913,2.5070517268300643,2.291935205339153,2.832790426377527,1.9489595119694607,1.9831171680897621,1.957338184484603,4.073220604501418,3.855819086939453,4.061829324090787,3.6681507283393886,3.9899899867761066,4.9385550796581,0.3989604462474645,0.49534112686853204,0.4543262411347518,0.642185598377282,0.6663587581448831,0.6119858156028369,0.14546653144016228,0.16582866998850135,0.1998581560283688,0.15727687626774847,0.12222345726331928,0.1570212765957447,0.07192190669371197,0.07002644691452664,0.09198581560283689,10.481237322515213,9.290045874856267,9.58936152897828,9.834178498985802,9.229286843618244,12.239716658355496,80874,1961,0,3175,0,1,0,0,0,1,51.09
2021-10-25,1.4377762034039339,1.269513106086529,1.3772356451927037,1.6818357786111988,2.1891093246900972,2.2644932037278425,1.5898457457149064,1.4105081687450562,1.786420918127296,3.782591654398199,2.4875022086706253,3.893315204315429,0.8977154195973387,0.9022693981935839,0.912041486451297,1.055034140501297,1.0740515524330054,1.081978674538973,2.5115571851251057,2.30166426699398,2.694424314733687,1.9717103941201408,1.9739725602677276,1.9287529688388474,4.137412649970273,3.839650652930302,4.20143086520296,3.6755604718025823,3.936807877595499,4.672817997340294,0.4031518010291595,0.5001641596033368,0.3234375,0.571393653516295,0.665389125263828,0.6011249999999999,0.12115351629502571,0.15096887667928574,0.16043749999999998,0.16111492281303602,0.12242956212938458,0.1658125,0.05861492281303602,0.07316861536399878,0.09162500000000001,9.801328996033448,9.428262881503567,9.85687484741211,10.055531732418524,8.95475246239405,11.93375015258789,36114,654,0,3175,0,1,0,0,0,1,51.09
2021-10-26,1.4270938056397486,1.275331936537231,1.291702915886166,1.5977715833531492,2.1864588466085735,2.6405268142837617,1.6648315253387709,1.4150740741350554,1.9389031315095975,3.626056046664709,2.483498794368107,3.9045979284087027,0.8851656968000522,0.9097233335403012,0.8791641181813842,1.048772428774277,1.0705658089165846,1.3897239548698008,2.547699034711863,2.3209604913975936,2.4934935979773476,1.9371218934894296,1.9989285723468022,1.9256158687498783,4.207539493579726,3.8933428116144775,3.837502487872774,3.717644926915687,3.908878429722771,4.9088006010206415,0.4200690548122572,0.519047386100512,0.3027972027972028,0.6070522227017695,0.6587665916576981,0.895034965034965,0.11898144151920587,0.1533480090010762,0.29594405594405593,0.20203711696158827,0.12828294687408276,0.12937062937062938,0.05153646957272335,0.07260933372468448,0.03734265734265734,10.229477435800604,9.444147873658807,9.69999982927229,10.165990336372465,8.975706674167563,12.748251748251748,28057,347,0,3175,0,1,0,0,0,1,51.08
2021-10-27,1.394965465033091,1.2716280858631166,1.315920055441215,1.6245292821388506,2.17977086206236,2.310972221624575,1.6786032034540974,1.392843606637591,2.1804162133677654,3.6583486847515645,2.4744648022636384,3.755640293813147,0.8550185288804305,0.9234723051552615,1.0168210103770023,1.06112292979711,1.04149980209233,1.3505544026729994,2.5686485813871243,2.342330327135465,2.610951250255802,1.8996371416761408,1.9745908323919652,2.0175329525976706,4.165983535387162,3.9123968657268318,4.073869265184895,3.6806050480507344,3.8962849338954637,4.685514508837643,0.39160815780675357,0.5128520504938191,0.3175776397515528,0.5576061517886994,0.640502975995814,0.7317391304347827,0.0827415580073554,0.14197037085486297,0.18385093167701863,0.1811200267469074,0.12536202498528354,0.1601863354037267,0.08171180207288532,0.07662175420236772,0.0684472049689441,9.98575740241558,9.550984367846164,10.198757763975156,10.38027428640087,8.917277127346459,12.391304347826088,84460,1030,0,3175,0,1,0,0,0,1,51.08
2021-10-28,1.486383752597269,1.2574319260897195,1.5388584207430887,1.664428557753517,2.2048345868709527,2.285781709348604,1.6517519465468877,1.4059078424882705,2.035603466275431,3.5946075324323385,2.4908961667538505,3.7378381811716026,0.9037520385929849,0.9201208327320829,0.8558962842614974,1.0219577280478351,1.0575252960636596,1.2110351319458783,2.473330338425688,2.341137564779537,2.8251151277894024,1.9312045004680856,1.9749725347975948,2.0447445263073947,4.186728382938612,3.8706426307419526,4.240300219298646,3.652350242552212,3.9325730480114514,4.565154433620314,0.41275272727272727,0.5019783224945806,0.4127173913043478,0.5863781818181818,0.6637115224278806,0.6148369565217392,0.10271999999999999,0.15026880106720028,0.10168478260869565,0.20180727272727272,0.12834684008671002,0.20125,0.060698181818181825,0.08265399366349842,0.05554347826086957,10.418399857954546,9.364735492746373,9.438586691151494,10.081600142045454,9.044179381357345,11.11195705247962,101787,2052,0,3175,0,1,0,0,0,1,51.08
2021-10-29,1.4205665816309094,1.2782221967944598,1.4029678525483174,1.7258519833308816,2.221287924981326,2.2469110232282747,1.7046945288366206,1.4011867108292828,1.8248611848265803,3.73813017808609,2.521827289195424,3.6741868114244034,0.8649193214627492,0.9250467926613235,1.005695530503979,1.0863257542398266,1.0606569273375173,1.1498299934505323,2.4916176822190366,2.3072007640102594,2.566841934128612,1.8460060157865525,1.983807523832831,1.9413768372546636,4.127738970637419,3.8304423929842857,4.323185918005791,3.7695791745136322,3.9485497104678107,4.3822533764681,0.3577161383285303,0.49663982227159126,0.46041666666666664,0.6064048991354466,0.666278464315468,0.6282142857142857,0.08123559077809799,0.15351707858928076,0.1542261904761905,0.18406700288184438,0.12371563454595945,0.16255952380952382,0.06518371757925072,0.07619341849486254,0.06517857142857142,10.19225476179755,9.418022988405998,10.255952380952381,10.37914265129683,9.066571677138295,11.150000435965401,84199,1765,0,3175,0,1,0,0,0,1,51.07
2021-10-30,1.3477451527026743,1.2367208574088282,1.4820202102169184,1.6560145652648144,2.231348775609691,2.2372018018700683,1.6926861410596674,1.4639071070756546,1.9707852935249532,3.732380958881592,2.558454507045604,3.9642256014947295,0.8217726991270183,0.9261619618258785,0.8468673741928766,1.122049755957619,1.1027059809645294,1.2436972654769667,2.531785349997314,2.304727968401518,2.7012868534402186,1.8315630886053278,1.9577510458210832,2.1347425464667324,4.102683926198991,3.814032226304422,4.217208274877259,3.748271140461856,3.9976789159083417,4.532093886423505,0.32520529801324505,0.501181741471451,0.42102564102564105,0.6213333333333333,0.6716727608791738,0.7708333333333334,0.12419426048565121,0.1558367822557962,0.24,0.1804635761589404,0.13057178446578535,0.15833333333333333,0.057156732891832235,0.08051914654237151,0.07250000000000001,10.21717456539735,9.394776263711979,9.565384302383814,10.175850234547461,9.285599032627475,11.87371826171875,103121,1277,0,3175,0,1,0,0,0,1,51.07
2021-10-31,1.4218172298160372,1.288494100372356,1.3863126574201967,1.6106982946935833,2.199864140339327,2.185417588204814,1.6635981397253115,1.4013107066259174,1.8452229764973798,3.5133879997504027,2.503969545736343,3.5037914603919247,0.895031392463055,0.9284101350414429,0.9174614744860166,1.0553417845363064,1.0607842532737948,1.1824528448420957,2.553229317689968,2.296422187425064,2.7122004357378064,1.931150460861381,1.9768726175787021,1.7866540769510408,4.3572740902541165,3.8487483204282484,4.322242325098519,3.6009515201675035,3.959407371167669,4.275445482438167,0.40989852398523985,0.531099635212939,0.2952866242038217,0.5898431734317343,0.6523636443545906,0.6069426751592357,0.11776752767527675,0.15296927877642508,0.1386624203821656,0.16694649446494464,0.11822397046543312,0.16280254777070063,0.07677121771217713,0.0814384916274777,0.06700636942675159,10.058579335793358,9.533477041489034,9.617834394904458,10.07666015625,9.069195545642334,11.580891408738058,88448,1790,0,3175,0,1,0,0,0,1,51.07
2021-11-01,1.3724461672214394,1.2873390128451614,1.343414188497669,1.5833636951338277,2.1263339357371986,2.169644129412344,1.6517040686841242,1.3465614929865202,1.8702007307999327,3.695482621457225,2.427189134048171,3.531228987118977,0.8372176693440501,0.923633777264232,0.9560411857305908,1.0279707347119822,1.0094391861726402,1.1166668686330414,2.5326623083952904,2.2991318162232375,2.652590514617517,1.828757313541781,1.988976409858357,1.805996466575544,4.19075427765224,3.836789739499227,4.13017952444665,3.576001313180701,3.8265888396084766,4.312144575475401,0.38995251396648045,0.5297269586537391,0.31531645569620254,0.6295474860335195,0.6543474869051599,0.5585232067510548,0.1148268156424581,0.15667892566588656,0.11042194092827005,0.1818435754189944,0.12048850254467106,0.17548523206751057,0.06973743016759777,0.08025743898361751,0.04725738396624472,10.059916201117318,9.598673915264312,9.477637954905063,10.122374738128492,8.89865893978231,11.14641329608386,34950,453,0,2927,0,1,0,0,0,1,51.07
2021-11-02,1.3369061686425932,1.288331568787562,1.2856689910459027,1.5182523295942403,2.156551364945627,2.1435182253984086,1.59439411874266,1.4088214129958683,1.76532890285741,3.6580978512375206,2.435259217525561,3.826274880568418,0.8251762252292779,0.9372784174928231,0.9386441072489576,1.0862260114614954,1.0354202088027933,1.1865700090908773,2.4795776810416648,2.333521689734466,2.542589762512466,1.8073742262636037,1.9780856369571853,1.8460970937679975,4.0736299931035385,3.894486783587041,4.064805790818558,3.6103400597717745,3.879426057434093,4.5399095119062665,0.366811004784689,0.5180592682839431,0.37686991869918696,0.6404904306220096,0.6524664062779948,0.6276829268292683,0.12795454545454546,0.14880925932561723,0.2184959349593496,0.20325837320574164,0.1250840290966424,0.13943089430894307,0.06189234449760765,0.08019099150750707,0.06731707317073171,9.86490449312201,9.535546637044469,9.371951219512194,10.003827751196173,8.909560101408248,11.657316874682419,25347,302,0,2927,0,1,0,0,0,1,51.07
2021-11-03,1.4755665638383744,1.2864642519445977,1.431483788011388,1.6762576441002968,2.148080421974072,2.358536737314101,1.6964733052637213,1.404197982547636,1.902203882374134,3.634329860692858,2.3833989297179325,3.678150459809296,0.8991432034107831,0.9081631296593227,0.9108860905680181,1.0839474249541297,1.0267141418712122,1.1446252199421225,2.5983899007004236,2.3154504075553666,2.8743484286174956,1.8780584480832196,2.0020584216853146,1.952200945690495,4.25016207392877,3.858655268378661,4.310347898169127,3.734852115066866,3.8312674391080668,4.627239247675,0.3909080257762156,0.5111826740844898,0.37034934497816596,0.5800966608084359,0.6675218560860794,0.5467248908296943,0.11410369068541301,0.14740539218683132,0.15471615720524018,0.1740216754540129,0.12973161337653605,0.1005240174672489,0.0644083186877563,0.07874212875221617,0.08336244541484716,10.180843127562976,9.536192455829308,9.685152411981441,10.040831411101347,8.913697117442073,11.288646714656114,117847,1196,0,2927,0,1,0,0,0,1,51.06
2021-11-04,1.433577550878165,1.250285907665026,1.335896766087153,1.6512183079467266,2.1290112437766013,2.2926596571726114,1.7148234414403143,1.401339657313104,1.996395815147672,3.6536454375234686,2.4238968739967603,3.639300339927758,0.8662062558623572,0.9243153589383828,1.050491950338277,1.0522807121005857,1.043644244605401,1.2457915497235315,2.547929050419078,2.334065923753597,2.700261344928295,1.8879185665563307,1.992287533439392,1.865504944693479,4.212859539156414,3.889588172039706,4.353643057535747,3.720236902406673,3.8421719463220914,4.540300224959361,0.4216868758915834,0.4942861938169246,0.3885561497326203,0.6303601997146933,0.6441542747809741,0.726951871657754,0.12763195435092725,0.14603034473498708,0.18197860962566845,0.18836305278174037,0.12583196267329058,0.16288770053475937,0.05807061340941511,0.0760481353428888,0.060748663101604275,10.044757489300999,9.511208292772984,9.598930481283423,10.255635086037802,8.900013846463697,11.354010434074198,74593,1450,0,2927,0,1,0,0,0,1,51.06
2021-11-05,1.4012323872162937,1.2235045498588069,1.3501476539578057,1.699197258682471,2.1852104763564295,2.4331452892450076,1.6865909068974587,1.4139237020107192,1.9276007160612738,3.6238076624366866,2.493057191875114,3.5825826615569083,0.8391152636320561,0.893491826995218,0.8828004426739221,1.0761289186243819,1.1014695525693257,1.340407663198194,2.4706873270693452,2.333980217628088,2.4398120885332326,1.897358704374325,1.9512148728156353,1.852105025314771,4.048623058163825,3.901598297349216,4.013748405686623,3.743501375576389,3.948078824827558,4.888457980262488,0.4193085106382979,0.4921108468995793,0.3507975460122699,0.6332283142389525,0.655234132065118,0.756441717791411,0.11878887070376432,0.15145387476373393,0.1487116564417178,0.178588379705401,0.12770654228400707,0.19914110429447854,0.07829787234042554,0.07742790073775989,0.1196319018404908,10.3016778974018,9.464636302664472,10.105521172833589,10.103028142900982,9.178479970733491,11.152760885975843,78766,1188,0,2927,0,1,0,0,0,1,51.06
2021-11-06,1.422999719250674,1.2765845162999057,1.4828016498122627,1.6803971267884301,2.175043260228673,2.015562131609562,1.7029080424161018,1.4290443309646474,1.6939217007970675,3.595884877394618,2.5105518828763236,3.2019057341514565,0.9307200429692517,0.9119959167845789,0.7646987105783688,1.0795573304321886,1.1165947436008714,1.3187959560326308,2.5685151723637167,2.3451439967851555,2.875328685357985,1.89413274918937,1.9578438870805495,1.9292839479665744,4.233546537073926,3.892797819407776,4.513789127604109,3.6733081916002788,3.9642513967737223,3.9762801016618736,0.3955857461024499,0.5129735535965627,0.31238461538461537,0.6326369710467706,0.6652281650492629,0.6783846153846154,0.11484632516703785,0.1465249277724276,0.21284615384615385,0.18510913140311805,0.13334024742573525,0.14876923076923076,0.07346993318485523,0.08362026816801245,0.05953846153846154,10.266369710467705,9.576409595155196,9.893846717247596,10.013274290089086,9.274183504333655,10.65,88850,1204,0,2927,0,1,0,0,0,1,51.05
2021-11-07,1.3448650715093529,1.270398557122408,1.432073839277153,1.616703595863906,2.1553835675688946,2.450838715652578,1.6448501627357301,1.399444951378563,1.8173869707150614,3.6284489686771555,2.4639344445934928,3.742972727630246,0.8239507353512544,0.930969365773027,1.0229245279973962,1.1378800787348187,1.0662777152713128,1.117479415851689,2.44365267611097,2.291300191175324,2.6991348702324087,1.8459301508083947,1.9626856473996337,1.9299215510886576,4.0719357382472365,3.8914457167115253,3.9727363117870507,3.671138217251952,3.897198087020284,4.373824863511795,0.3841821396993811,0.5041444945586957,0.3316923076923077,0.6080150309460653,0.6537948442090454,0.5792307692307692,0.10707780725022104,0.14605743369056978,0.09884615384615385,0.1812555260831123,0.1275425166549427,0.18361538461538462,0.05538019451812555,0.07322216245293169,0.053,10.178558106763926,9.465357589895312,9.413846529447115,9.992793642241379,9.104088219472835,10.680769230769231,89858,1614,0,2927,0,1,0,0,0,1,51.05
2021-11-08,1.3563025383377438,1.2684263520809484,1.444195029133027,1.6928779927228828,2.162595769733242,2.010460119469695,1.6448945601499758,1.3944153893130837,1.7323704489676064,3.655158962510157,2.4487198572769717,3.504523069996661,0.8248069001590861,0.9274945350545809,0.8304144577257182,1.082233182987987,1.0547681635731418,1.1855337549967553,2.5227984573733737,2.2990756407155293,2.7313572213116166,1.8040092764528215,1.989685731765967,1.9187051679122686,4.208254273444692,3.8320087651508477,4.438700810112761,3.6696687583987164,3.869111849660361,4.19401001460475,0.3885938043856596,0.5198505751377742,0.3515934065934066,0.6059450052210232,0.6540152383770389,0.6981318681318681,0.08320570831883049,0.14214890705329733,0.16692307692307692,0.19806474068917507,0.11765432555387062,0.14313186813186812,0.07603202227636617,0.08325294966157487,0.07274725274725274,10.218204103941872,9.521689027998669,9.756593138307005,10.151653052123216,9.037256236823612,10.618681184538119,35987,476,0,2927,0,1,0,0,0,1,49.8
2021-11-09,1.3668665008828123,1.2635217400036187,1.3666969649502034,1.6684704915038056,2.204751130932577,2.4080672679058583,1.6483899488722211,1.4288577529603903,1.903741930339967,3.7443153754915297,2.4975896580293817,3.5819277623408023,0.8330851211833228,0.9205611431941382,0.88614804920402,1.0815054622582774,1.0963507075844607,1.3695344640643108,2.4228794184104196,2.358503027442296,3.023901926313984,1.7982376875575115,1.9829698928687947,1.6827063658276546,4.0992697659683195,3.9066658589136147,4.414164028752084,3.7583148212713335,3.943648355184586,4.87262217737696,0.36764481707317076,0.4867224013562477,0.39292134831460673,0.6399809451219513,0.6700136289598777,0.7012359550561797,0.13519435975609756,0.14775753747963966,0.1196629213483146,0.16988185975609754,0.13331748828241866,0.25286516853932584,0.05015243902439024,0.07556393976664562,0.08786516853932584,9.941692073170731,9.412428738822591,10.202247191011235,10.264900765767912,9.123730595352857,12.101123595505618,31524,256,0,2927,0,1,0,0,0,1,49.8
2021-11-10,1.4275512952446086,1.2438776658302275,1.2889094871855244,1.6147645997718374,2.1910581659656154,2.2059646052869404,1.651434657394463,1.4252432825888472,1.782377274117331,3.594285170800873,2.513217830703309,3.7149087740008206,0.8290911129050339,0.9115143989082934,0.7983881694409156,1.0711119575850938,1.05403208945228,1.1705947791360891,2.5344684735483476,2.296893110926566,2.658472125730239,1.8681167516631974,1.9882152730241736,1.9530894815971176,4.125388806913542,3.857150489744134,4.055808096738477,3.691167127570453,3.956483860229523,4.400751937563715,0.4260121304018195,0.49333902310924377,0.3231764705882353,0.6239082638362395,0.6468260898109244,0.6373529411764706,0.12531084154662625,0.15121159401260506,0.2214705882352941,0.1678316906747536,0.11780101102941176,0.14688235294117646,0.05764594389689158,0.0754579175420168,0.08964705882352941,10.235595147839271,9.374685079109769,9.454706169577205,10.209287190816907,8.938868418461135,11.944705738740808,116391,1161,0,2927,0,1,0,0,0,1,49.79
2021-11-11,1.3477993997870255,1.2669888695461788,1.105913815156757,1.5448789348227145,2.1748463141061634,2.1120244066940876,1.612422570356065,1.3934200327383586,1.691747422003708,3.679024322814064,2.4877129387486243,3.969699447108013,0.8654849418916462,0.9214532615912173,0.7482246188915557,1.027116471714276,1.0395530895134468,1.1472821736003047,2.4530092920706297,2.3095130348569586,2.336942523824462,1.7794300927069922,1.9909278774679027,1.6591994980713765,4.0404782024580435,3.8485489684673997,4.029257459009947,3.591883385473477,3.919428090541596,4.58362461209643,0.34765542462413657,0.5037903076524378,0.3831756756756757,0.5779114181227143,0.6586735033875089,0.6052027027027027,0.11520520113774887,0.15204694383769574,0.20412162162162162,0.16225518082080456,0.11626744659583133,0.09756756756756757,0.06371800081267777,0.07995150124023546,0.05425675675675675,9.820764075832995,9.38454356558439,9.616215886296454,9.905363514577408,8.968864536670246,11.671621786581504,82883,1587,0,2927,0,1,0,0,0,1,49.79
2021-11-12,1.3399783843503559,1.2459548084841274,1.0319015144880073,1.5785201654965328,2.1652473298043122,2.129140913931334,1.6870193794907506,1.406873604986548,1.9855672822501977,3.6269473105524974,2.497392502464221,3.8211007826064805,0.822558757591076,0.9264616693461822,0.7576509847060613,1.0814855080666688,1.0707205712853074,1.2880169983468244,2.4498250704816162,2.298373750950316,2.3779739082419264,1.7483922342535319,1.982117101879947,1.6342683389375856,4.081752336359445,3.8196609724691006,3.717820658301552,3.712670950169263,3.9026104972904325,4.535775081740849,0.4296119402985074,0.49858550111277317,0.3740441176470588,0.6028784648187633,0.6664376664599219,0.8140441176470588,0.1431002132196162,0.147806924732752,0.16125,0.1751215351812367,0.12173154803166843,0.2719117647058824,0.05531769722814499,0.08222189791674267,0.05808823529411765,10.247164012526653,9.38929902130687,9.547794117647058,10.177143023720681,9.08628552665183,11.719118006089154,93749,1345,0,2927,0,1,0,0,0,1,49.78
2021-11-13,1.3305906922167938,1.2518985953737565,1.2215146043563923,1.691718112693968,2.2374340242209465,2.3488634972375926,1.7127957826718903,1.422940712377737,1.9386720838111118,3.7794845662088727,2.553576485631553,3.7128988959189826,0.852467195264638,0.9110684506411939,0.9279878839743804,1.1872974488761316,1.0823159450164985,1.5087630699711856,2.446976780759821,2.2775276413264205,2.5508896315649623,1.8199191617651613,1.96807387724185,1.8795251824895174,4.001385284450003,3.7871350496512957,4.125978011113488,3.846110372315568,4.000571634695524,4.6437636796501955,0.43681794470526863,0.49974367320367813,0.396,0.6807250912884715,0.6835482952233705,0.664962962962963,0.16031820552947312,0.16270851981446824,0.16103703703703703,0.19583724569640062,0.1207103914069493,0.21385185185185185,0.08238393322900366,0.08610830824314428,0.046740740740740735,10.237610850286906,9.342713122507934,10.076296657986111,10.654407929055816,9.203152972170233,12.978519241898148,73647,970,0,2927,0,1,0,0,0,1,49.78
2021-11-14,1.4638439286296134,1.2709934814436954,1.478692662611707,1.742069326982563,2.2019828385657334,1.920269462937556,1.6610168928227014,1.4293110623533163,1.6629974011351156,3.7540695453071984,2.5330463521991997,3.445058299360187,0.8653260454309087,0.8914834586244276,0.9389517136816763,1.0802737021337405,1.077061888561956,1.167226442814529,2.48288860199625,2.274531132091345,2.5985219767897783,1.8684718259420334,1.9790468956463683,1.8132374099649253,4.1552065508834835,3.848946239071693,4.476960866299145,3.748463264046268,3.966470113354775,4.0644411951631465,0.40804137931034484,0.5043436358845009,0.4464383561643836,0.5917287356321839,0.6844885743327185,0.6141780821917808,0.11901609195402299,0.15824229190979935,0.10876712328767124,0.16523218390804598,0.12699393893762,0.10746575342465753,0.0616183908045977,0.08618680118962467,0.08136986301369863,10.21880477729885,9.390833231374469,9.895890745398116,10.273471623563218,9.037458118435417,12.150684931506849,122999,1734,0,2927,0,1,0,0,0,1,49.78
2021-11-15,1.4555348790476075,1.2815046757808641,1.2720825996028826,1.6569687297880489,2.1582036302268106,2.005922296307459,1.7022369764120002,1.3770838937387466,1.9649483574012503,3.721851380345105,2.47398929331704,3.7188095095490694,0.9193266267560994,0.9045875028149124,0.942199238353205,1.1167051237391552,1.0162431816703301,1.2846679360308013,2.578865833077153,2.281973899600711,2.4889562336954976,1.9092724997207788,1.987634373403928,2.0006584160180596,4.255810540152165,3.8045173471091727,4.213735311063421,3.709939120210605,3.8556123929603343,4.4715665792151125,0.39925806451612905,0.5103222384784198,0.37101265822784807,0.553258064516129,0.6547637161667886,0.7620253164556963,0.09333179723502304,0.14343269934162398,0.32651898734177215,0.1591336405529954,0.1255610826627652,0.13677215189873418,0.05390322580645161,0.08315618141916604,0.054240506329113924,10.36488515264977,9.360380280724213,9.223418030557752,10.058894369239631,8.83802864392831,11.471518987341772,69276,544,0,2927,0,1,0,0,0,1,49.77
2021-11-16,1.313303841556162,1.2706900044314782,1.3692179670403704,1.625040386134614,2.159551029170491,2.4877238542063402,1.6128852091189874,1.3957865347464613,1.772850939675921,3.8003369767929547,2.43296487974447,4.1776158957893506,0.9164270225227106,0.9103865623369469,1.0039359965961105,1.0355130009220932,1.0492572191319485,1.170478477181585,2.3989513699197516,2.3035084154493566,2.692618539409702,1.8379962912952865,1.9551677020966107,2.0904009985200256,3.8968024919231565,3.8511409422683927,4.2597533225518465,3.620631228700629,3.8717636916929576,4.691342395415135,0.38133994126284876,0.49985241095798094,0.4778527607361963,0.5852496328928047,0.6601347845132595,0.677484662576687,0.1212885462555066,0.14957576574451595,0.21104294478527608,0.14887665198237887,0.11864979613842369,0.1528834355828221,0.06899779735682819,0.07882737473464299,0.04392638036809816,9.806974749908223,9.360214770697846,10.02760736196319,10.291299559471366,8.913619975064865,12.585889570552148,33593,217,0,2927,0,1,0,0,0,1,50.71
2021-11-17,1.3503935509985368,1.2412358842131583,1.2696030731994592,1.7236552868759423,2.219348358387963,2.297238359209423,1.6603161926457868,1.421741641005413,1.820780463974171,3.7790179533266453,2.500976026835011,3.9120163332354876,0.8863639734389694,0.9187460524493906,0.9072219072500427,1.1238784545652496,1.088807219774807,1.348115458642959,2.4125962099127856,2.282812641461229,2.4699975158536653,1.8486106862575475,1.9447244924748635,2.035438363749468,4.022033094411324,3.816540125038343,4.049605050438324,3.746191977546535,3.959265062366446,4.820357859327959,0.3731598639455782,0.49791677825388325,0.2326046511627907,0.5625714285714286,0.6688792179967862,0.6955348837209302,0.10257142857142858,0.15361341724692018,0.22395348837209303,0.1337142857142857,0.11976767541510444,0.13079069767441862,0.06450340136054421,0.07753514997321907,0.06446511627906977,9.866972921981292,9.30435169222014,9.255348950763082,10.273945711096939,8.9817052758436,12.1,133590,1080,0,2927,0,1,0,0,0,1,50.71
2021-11-18,1.3361739691232448,1.2499235609472803,1.2631261748039921,1.6814296230686874,2.160243984472753,2.4879766180472522,1.685844032496018,1.375935861596952,2.322392682510978,3.731348796489286,2.479223897625722,4.335964682195768,0.8287212855711721,0.88873124382609,0.9452335224615702,1.108235162555253,1.046290105605049,1.3986673315092102,2.4099313206287745,2.2852756108795655,2.5064305728034184,1.8562748305444388,1.967511852963272,1.930915803386154,3.9863614361961996,3.818963915215594,3.882875132901416,3.762426254918649,3.895065638152907,5.009254535461734,0.3876161790017212,0.49683750295418483,0.37091463414634146,0.6365877796901893,0.6704834734460987,0.7734756097560975,0.13613597246127365,0.1532965326310814,0.33128048780487807,0.1695567986230637,0.12361963604443094,0.11939024390243902,0.07500430292598967,0.0802103379587427,0.07323170731707317,9.948020317878658,9.338087460751545,8.950000297732469,10.488511523773665,8.886721783314764,13.513414336413872,96915,1464,0,2927,0,1,0,0,0,1,50.7
2021-11-19,1.3638064599004325,1.2318784720954028,1.3346222713370501,1.6466596720399835,2.2145611720215217,2.3380883210439367,1.6471151091139575,1.4111817650830873,2.008609153619238,3.7062499527599067,2.5556933671665143,3.8288791213926436,0.8555198692244215,0.9103480281438233,0.9604163676800379,1.0722804369401735,1.0580573520910372,1.2498762688335254,2.4781561064307005,2.265595610046439,2.6153350269172453,1.8364866933503385,1.9399108023933123,1.9267071351612353,4.0881343350630255,3.8352347300803467,4.213386833282648,3.666754149978776,3.9671463319626445,4.882544174548647,0.4072489270386266,0.4894318561593476,0.38237804878048776,0.6099227467811158,0.6490842858097722,0.6115853658536585,0.1370214592274678,0.15733573958959962,0.18530487804878049,0.1648197424892704,0.11562161620212554,0.12,0.07552789699570815,0.07637290288082348,0.045365853658536584,9.99523621915236,9.396344036160684,8.74024405130526,10.468454935622317,8.960661260945123,12.871951219512194,105810,1442,0,2927,0,1,0,0,0,1,50.7
2021-11-20,1.348123199877162,1.2639242311606482,1.335586242983095,1.6631220843722427,2.1836312960471003,2.1465091475014626,1.7483291227602586,1.3990400060354615,1.7272176595422517,3.5603321585977845,2.515540871012605,3.8091772188406074,0.8633636395198623,0.9180477639859241,0.8701934177896533,1.1405897931108984,1.0592313656581793,1.1843618915537375,2.42199794224942,2.2737121018731954,2.6091755071819076,1.7992102354834754,1.9560457872376997,1.8863886828350218,4.137544808214618,3.822401487152035,4.1860006117945945,3.7707685895810927,3.924077378061791,4.158971968797488,0.4031570155902004,0.5314506051470267,0.36837209302325585,0.5981904231625834,0.6750876043168611,0.7309302325581396,0.10441536748329622,0.1491348800629178,0.2268217054263566,0.16121380846325167,0.13150478437540963,0.14790697674418604,0.05798440979955457,0.0775977629221829,0.07744186046511628,10.04181492726893,9.490881149779351,9.518604840419089,10.415312021506125,9.022012359636475,11.090697295906008,123870,3867,0,2927,0,1,0,0,0,1,50.7
2021-11-21,1.3929809009748695,1.2472439575117529,1.5755773109913762,1.7162224238445083,2.221019771468839,2.2288058261316106,1.7724092706558778,1.4415495628151185,2.0227761172912038,3.684962101621887,2.5417036286081043,3.99003778406834,0.8213545301759875,0.9227352008767237,0.9906100552992216,1.164274704692304,1.103753131431243,1.4275303121553704,2.4252361499091517,2.249870016011042,2.654035956458285,1.8530280928995717,1.9486317335514278,1.980155449264089,4.191815670760687,3.799969952723606,3.829598709784869,3.7127861821505332,3.9988328878407104,4.799436312840803,0.38241320914479254,0.4896044972490232,0.42843373493975906,0.7204953429297205,0.670183398453074,0.7712048192771085,0.12089754445385267,0.1474208595805757,0.24222891566265062,0.26118966977138014,0.12444103341041385,0.25162650602409636,0.07310330228619813,0.08148074316242725,0.05909638554216868,9.925233018892888,9.4785385186588,9.757228621517319,10.371634539055885,9.227434016426121,12.369277402579065,113822,1662,0,2927,0,1,0,0,0,1,50.69
2021-11-22,1.3710173180770164,1.2384254551035538,1.2810347278891698,1.6427792703248012,2.1840602937170543,2.1799089636683218,1.6984308965669415,1.4228377402218328,1.8858430915502913,3.6322561733799263,2.5093133249363353,3.675718026299984,0.8729062587377592,0.9001496624616755,0.8910729181527671,1.1472096411583157,1.0732392413670653,1.2051927816590626,2.4163667813743483,2.2821806023783244,2.5128109588280045,1.9361469225290797,1.9711379936334577,1.8511026617266833,4.0935951472686005,3.802354455432601,4.362093381004445,3.7983091181362654,3.9312984233494492,4.5224446540399255,0.4269776297001428,0.48912408497201093,0.27032679738562093,0.6278819609709663,0.6728864647624515,0.6600653594771242,0.12522608281770586,0.15544280177981915,0.225359477124183,0.2035411708710138,0.12963865365293525,0.18849673202614378,0.05769633507853403,0.0776047796756136,0.02908496732026144,9.94269376933603,9.38795392564949,9.222222222222221,10.206330318895764,9.036252937957514,12.29934672436683,46194,374,0,2927,0,1,0,0,0,1,50.69
2021-11-23,1.2971141904381844,1.2355214368504894,1.3790560051354235,1.5636598306637934,2.180874134741158,2.1500397467283405,1.5741041147078403,1.3905439568870988,1.8291013041920658,3.547888344706278,2.4914105404498352,3.657018743994248,0.8270386294779392,0.9085528345925875,0.8309322438888626,1.0849462645183992,1.0628445043929198,1.1801334904769794,2.444895605541514,2.2658829467785964,2.8263153221547617,1.7436107352859094,1.9867102482085623,2.0446264484401024,4.13155813121905,3.804158976882584,4.223194132668845,3.659708294067248,3.890834693184886,4.440482393702105,0.38137703475582924,0.4858004695634421,0.3694852941176471,0.5475934887813462,0.6718503521725816,0.6476470588235294,0.11405631324241092,0.1524502364830379,0.19875,0.1435767707875055,0.12436932185511586,0.1978676470588235,0.061794984601847784,0.07861376705570111,0.05323529411764706,10.191993132699077,9.372577750178639,10.65220552332261,9.919182041904971,8.969158316036612,11.602205164292279,38751,177,0,2927,0,1,0,0,0,1,50.69
2021-11-24,1.2856871492163056,1.2611277764292868,1.2712643681568747,1.7062648732154921,2.1841431025220266,2.4629781797839536,1.7363344906787472,1.4167117922717425,1.8524978306364914,3.667866278891271,2.488427310141782,3.7345971592547085,0.7335326528769647,0.903073074953782,0.9424779423247477,1.1272062012187583,1.0721961595162794,1.3160449615753467,2.4420912234167345,2.2913517499022897,2.720842931741499,1.8245059341390344,1.9938302368887786,2.003001005027724,4.068460159046143,3.867313164155042,4.066740191934206,3.8660135016389434,3.9576844303441248,5.00827020147522,0.3768371134020619,0.4978806413712074,0.3491724137931035,0.6369938144329897,0.6617724099799571,0.7496551724137931,0.12158350515463917,0.14391975948579722,0.22110344827586204,0.20310103092783505,0.12829359319925357,0.18268965517241378,0.06660618556701031,0.08039290897781463,0.09710344827586206,10.364082635309279,9.461224212108647,10.455172413793104,10.384907377577319,9.005418372900683,11.806896551724138,145378,1177,0,2927,0,1,0,0,0,1,50.68
2021-11-25,1.3530519373789516,1.3037235049426592,1.3915007872001364,1.690488645011897,2.1746782940760436,2.4396721180541516,1.7184629212626485,1.3821516257777522,1.7616109870333134,3.7286682763057533,2.493182957496542,4.022277857607257,0.8303467831741835,0.9176223006745299,0.7753355437914544,1.09797719872236,1.0801834678074225,1.1579121248380906,2.4417872568606396,2.304421096801322,2.518537191901732,1.8615626343806442,2.01809370231035,1.9605989222628337,4.194513078816322,3.8353439990613576,4.041005668826545,3.7903549327919968,3.8953084112323326,4.62032477193139,0.3977325581395349,0.5262144934464762,0.5022222222222222,0.556416490486258,0.6530333452850484,0.7277777777777777,0.118107822410148,0.14676666268276164,0.27244444444444443,0.1628276955602537,0.11286004541651727,0.1426666666666667,0.057394291754756875,0.0803609417951476,0.048296296296296296,10.343075903475158,9.60654953985897,10.054074435763889,10.211521785808667,8.997055645193418,11.574074074074074,101066,1560,0,2927,0,1,0,0,0,1,50.68
2021-11-26,1.4204518812005253,1.2027857436272835,1.360336505824188,1.6844953814620824,2.119140165664426,2.605868319046416,1.7083011811285087,1.3903117735891644,2.176885149786345,3.739040223898591,2.4976922335252207,4.711275460458124,0.8858850035408459,0.91130697237234,0.9697411625133437,1.1723843495125688,1.0788974096772777,1.404563745080676,2.439394499291762,2.1478017696186407,2.571951011578009,1.9026322402075533,1.9444638658983113,2.1392954619255398,4.057850008413298,3.626723361168589,4.118735563521826,3.7309463080004135,3.953608100898735,5.075294648304524,0.4580974842767295,0.5016651918854259,0.48325396825396827,0.5846540880503145,0.7180365745747714,0.9713492063492064,0.09379979035639413,0.22974469898076233,0.2764285714285714,0.1646069182389937,0.11000819322911545,0.15603174603174602,0.06574423480083857,0.07515681840526989,0.09103174603174602,10.5352729461478,9.16462450430964,10.107142857142858,10.36111111111111,9.227224871366303,12.5999998062376,106535,1374,0,2927,0,1,0,0,0,1,50.68
2021-11-27,1.5465839078358727,1.180875654117879,1.440654696379109,1.7910958011587148,2.2208469961816597,2.3777846991778824,1.8596387467707005,1.470570996388201,1.8119838285574952,3.6780039963926496,2.6126665654568733,4.113278306076707,1.093958698529235,0.8895792892820509,0.9012936862576219,0.966239268566755,1.115813424558205,1.4526665304356274,2.739631191735091,2.200369411543923,2.494890935834349,1.9577068761798684,1.9412287500393635,2.155729860854357,4.361289093908721,3.646702911104347,3.947343905973212,3.7092568148054457,4.117210092224227,4.691129439016592,0.6661191162343899,0.4817128831487596,0.5056565656565657,0.495806916426513,0.7051173187622359,0.7772222222222223,0.09391450528338137,0.19082634485579872,0.1457070707070707,0.12026416906820364,0.11454460450574175,0.15368686868686868,0.05921229586935639,0.0771636034245975,0.13707070707070707,12.178674351585014,9.308462145340853,9.944444444444445,10.317147349303553,9.534783807673202,11.684343434343434,72723,465,0,2927,0,1,0,0,0,1,52.57
2021-11-28,1.3846866869475953,1.1979217273046916,1.285775026636513,1.5900079793206257,2.2016592700925184,2.340376260970194,1.5687079328306568,1.419246468431695,1.9075085648519858,3.573559356911732,2.569851407625513,4.04153462577456,0.887430918663267,0.8781302294429287,0.8676765721971287,1.0161654898797334,1.1067276427148942,1.2690496931556698,2.4877237714677958,2.231281780559012,2.6487019796841764,1.9131276525128826,1.9413180590966705,1.7964145614645746,4.165014310190345,3.6774277225886696,4.274942458928665,3.5457419005603175,4.063638389079002,5.027125099938686,0.4926631701631701,0.4954462496531738,0.37434210526315786,0.6248951048951048,0.7060560471066991,0.9023026315789474,0.11670745920745922,0.18907451367265776,0.11210526315789474,0.16918414918414917,0.1224058945031908,0.23921052631578946,0.0681993006993007,0.07601658599747202,0.1013157894736842,10.477039399402681,9.213820251564572,10.083552310341283,10.016550344187063,9.290221236550853,12.592762997275905,81747,563,0,2927,0,1,0,0,0,1,52.56
2021-11-29,1.416097523056381,1.2145041427099446,1.2066540546997562,1.606015488972445,2.155267673626592,2.1890295530573094,1.682425601473374,1.3788248471119204,1.6913599392531469,3.5525720186136738,2.4791611744795437,3.629085192129607,0.9873280476172359,0.8763380326032404,0.8738386346430793,1.0268501470641602,1.070555262153291,1.0677687296344622,2.534396752885455,2.2079973072239385,2.2359825686970356,1.915493316628798,1.9289564628884428,1.7781713893802562,4.2126921016502585,3.6987690698689453,3.5514191230330385,3.547223876746426,3.932447663944318,4.31275779491486,0.49040897755610974,0.48964805404781153,0.37888888888888883,0.5235860349127182,0.7155866728259614,0.5998830409356726,0.12513216957605985,0.18563777572467952,0.13730994152046785,0.13810972568578553,0.12014031643376834,0.11122807017543859,0.05885286783042394,0.07926117334565193,0.07391812865497076,10.646433720386534,9.259735174385034,9.605847810444079,9.650623441396508,9.116884347210995,10.947953073601974,51800,214,0,2927,0,1,0,0,0,1,52.56
2021-11-30,1.4128081556102086,1.2111845967039268,1.2111476558258638,1.6724466515184495,2.128116195967977,2.0995824781495993,1.6462451173661565,1.3699276362819859,1.9130065008061954,3.643690955822842,2.4624400465164555,3.573159648983544,0.8835168624446738,0.8908405675448479,0.7986026597249095,1.109562584462009,1.0363759278558915,1.2535011194326386,2.4629372837302843,2.2470240808439894,2.680388245385898,1.9419927857486585,1.929045604984705,1.9835886612686433,4.108377398226254,3.7600597000441423,3.9790822259902248,3.764895003897986,3.922393710872216,4.370753035055713,0.4207677067855374,0.491254178213296,0.3773544973544974,0.5943833580980683,0.6766802845470389,0.7388359788359787,0.10192174343734522,0.17354912436076908,0.22322751322751322,0.18654779593858345,0.11813415992914894,0.16756613756613759,0.08070331847449232,0.07647544496186041,0.08354497354497355,10.017731937221397,9.370753935376968,10.008994450644842,10.17563130726845,9.089446797417365,11.33386295056217,56537,193,0,2927,0,1,0,0,0,1,49.08
2021-12-01,1.431609742489655,1.2062561940239664,1.1866635769190688,1.7090551834827081,2.1744146038512566,2.215962835096111,1.7026088622963427,1.4217223903712852,1.7841450704728898,3.724443908895639,2.525437513167533,3.5917209975200253,0.9005378715148863,0.9028656225611155,0.9508610269486037,1.1075816208082911,1.0835434021601726,1.281885104795875,2.4897531287986685,2.2495090325231843,2.514955097075272,1.8814911399312404,1.9500814725529834,2.0503553127149265,4.116181388040243,3.751094643727308,4.240734350094596,3.7809337682484663,3.9885109357830504,4.445177861400761,0.41205323193916343,0.49695643581128773,0.38666666666666666,0.6440847365562195,0.6847257121883734,0.7291358024691358,0.13198804997284086,0.17012620345012566,0.16648148148148148,0.16650733297121129,0.12492475789830317,0.17660493827160492,0.06488321564367192,0.0763567576724357,0.09833333333333333,10.391037691811515,9.368903342838589,9.504320686246142,10.010266371876698,9.194763050904882,11.03641990379051,93479,1663,0,1649,0,1,0,0,0,1,49.07
2021-12-02,1.4090065948751325,1.1944751387873396,1.472954797699792,1.7989668707746067,2.1962241596994603,2.246358164225033,1.7132743112342448,1.420145113747503,1.7661034341171586,3.7197974322445537,2.570976031156148,3.919700310562604,0.8236005382325454,0.9069734902578347,0.9408920074665852,1.197976326575986,1.1104664771972184,1.2193815279921016,2.3680034711477447,2.254287794049626,2.56490130022558,1.8989799071316862,1.9558168981325175,1.7473382301726657,4.1508398179499855,3.7467515383762815,3.9755358331980397,3.8615538984603246,4.005669595617221,4.6347715435684,0.4138550057537399,0.4864132759338981,0.4215606936416185,0.7058745684695051,0.6615892237189279,0.8107514450867052,0.1566800920598389,0.16306985140952646,0.32716763005780347,0.19990218642117377,0.11684793778641854,0.14947976878612718,0.0739873417721519,0.07168504374392445,0.10104046242774567,10.301208285385501,9.296239237605889,10.780924714369581,10.352359258127157,9.320083148173865,12.27456647398844,120690,1622,0,1649,0,1,0,0,0,1,49.06
2021-12-03,1.3828189591287936,1.2131787360361348,1.2282250983737406,1.7359768863861431,2.2068537879860144,2.3476705046824655,1.6211830086445247,1.4099205374602641,1.9352075726380387,3.637578927004646,2.5849773089176984,3.6972193864209353,0.8462315153162684,0.8983841860559826,0.7639184388318344,1.1202335568459534,1.1039973810058434,1.2114769803807732,2.434034232941505,2.2737779879698623,2.564535322639199,1.8797547413591311,1.9397043414508617,1.7614509803901943,4.072242026273082,3.7903230080458896,3.8265469369878202,3.735310148124832,4.0082788350162994,4.66540744442316,0.4478323848939472,0.49461589100692654,0.3876190476190476,0.6361407139161925,0.687037895700956,0.8444897959183674,0.13828763579927575,0.17065029480794552,0.14925170068027213,0.1595757889291257,0.1283044249813956,0.23693877551020406,0.051236420072426285,0.07502175281927988,0.07571428571428572,10.498809735514744,9.375307687904288,9.640815994366497,10.184842618339369,9.286867987577995,11.904761904761905,133075,1727,0,1649,0,1,0,0,0,1,49.05
2021-12-04,1.3811849818753315,1.2343462832383532,1.199109078054334,1.6313392395543926,2.2163083295391144,2.319263982549802,1.5885381787629467,1.4261095582363017,1.6984635767230694,3.6071157172542576,2.572418979575594,4.303770950450337,0.9023664229831848,0.9111883355716117,0.8029856699285213,1.0533968496979742,1.101382594164765,1.1532854772621361,2.5283684689797084,2.2534984625588175,2.475351662973391,1.878024879496353,1.9428334003525771,1.7988942129259389,4.212398215430438,3.7272569141571825,3.9223275199110765,3.735328535019623,4.016337003696884,4.8324519320840365,0.4267404033832141,0.511779928391648,0.42286713286713284,0.6163044892648015,0.688708213690666,0.6667832167832168,0.12837345478204296,0.17243397497252652,0.3323076923076923,0.16803513337670786,0.11996419582402779,0.10363636363636364,0.06279115159401431,0.0780757914140877,0.04006993006993007,10.408262849707222,9.463823602396399,9.974126215581293,10.164086008661354,9.315349267964125,12.548951048951048,143869,1244,0,1649,0,1,0,0,0,1,49.04
2021-12-05,1.4411436337534218,1.2593256907952266,1.4743488592487586,1.6760377945956664,2.2085874153625413,2.1584103418944953,1.6496685706677783,1.4308019374129308,1.7978242842426144,3.5851806650838456,2.5754050881307884,3.5866176022666223,0.8355470274059068,0.9008028574234599,0.7914130269621727,1.0681190899061577,1.1159188228132146,1.0924213195666952,2.471427098672439,2.2402228497102126,2.8094648560831783,1.8226811841638157,1.9452601059375147,1.861602581376976,4.211078312223808,3.7316296072776263,4.39605217631856,3.5823513320960765,4.015603946202355,4.435927459547187,0.45069511355815556,0.49754283900994284,0.3637864077669903,0.6229593943565037,0.6811857414850857,0.7815533980582524,0.10919476944253269,0.16699950638177843,0.24359223300970873,0.17088781830695116,0.12476623651364502,0.1387378640776699,0.09249139710942876,0.08174176715323321,0.06213592233009709,10.527116579920854,9.403596802059093,10.370873312348301,10.201239085082587,9.38368569741203,10.611650485436893,151567,1641,0,1649,0,1,0,0,0,1,49.03
2021-12-06,1.376666975986861,1.2232201459093885,1.217185063351434,1.6525776783034118,2.1898751335757454,2.3400891264728627,1.5597220288090563,1.4173414327346572,1.7969259644735753,3.56169602045808,2.5262571663585955,4.267825938530436,0.8450917708799809,0.9144723972924191,0.8558281662206384,1.057686615121442,1.0788323905361945,1.4054981422400594,2.4196205801804602,2.2578858916327884,2.6726988707946386,1.8693302345636469,1.989149631599935,2.0062993872230184,4.117477001856446,3.756465935827008,4.266400425766359,3.5365274521657195,3.944117731069275,4.860147276260919,0.4142995689655173,0.49453933747412004,0.2458860759493671,0.6072359913793103,0.6728674948240165,0.9812658227848101,0.14473599137931034,0.16702259164535377,0.30765822784810126,0.14050646551724136,0.12182499086591157,0.16981012658227848,0.06530172413793103,0.07399890390938985,0.12018987341772151,10.212230813914331,9.388195903361344,9.238607285897944,9.867672624259159,9.113734624284497,12.565822939329509,67352,572,0,1649,0,1,0,0,0,1,49.02
2021-12-07,1.413512615843979,1.254328041693455,1.5612764582981338,1.7222428403961811,2.2147190028046713,2.1105606582219036,1.6499681189599487,1.3989507224667197,1.6516804793583504,3.5031569661046236,2.4954088815861666,3.6758501739086116,0.8344816366657517,0.9218592162296341,0.7075872978953252,1.112297310118291,1.0959013317559563,1.1910650295969354,2.473133756391678,2.29171542004439,2.5296391412263084,1.8677225989300408,1.9799405986984293,2.0929532426781075,4.055569360850083,3.7859092202017397,4.650539515143115,3.7450199593171627,3.9618345977549194,4.074072951557449,0.42047881122729774,0.5075890512527419,0.4168888888888889,0.6092625206384149,0.6887945256263709,0.7784444444444445,0.1330654925701706,0.15221230189378726,0.16096296296296297,0.17465052283984592,0.12964812011492477,0.2368148148148148,0.08261970280682444,0.0818245852513207,0.14977777777777776,10.272481898390204,9.447397587197628,9.954814995659722,9.883929339226748,9.097738190861627,11.19185203269676,55314,281,0,1649,0,1,0,0,0,1,49.02
2021-12-08,1.4093590223832198,1.2197138145149493,1.367542047568188,1.78251457511455,2.1702603730519057,1.8531801988382401,1.673496787445556,1.376039894513329,1.5432245638543598,3.740437154090979,2.4665118853094263,3.7070046741469707,0.8740420442517295,0.8753235784561211,0.8997057566791814,1.1114756611317975,1.0839612392514155,0.955500039290189,2.5163367589687464,2.2583377983732795,2.396532600867947,1.981974166836758,1.9268761039809168,1.984653076653796,4.1645460503394665,3.745847038737264,4.089492133212211,3.838866806430485,3.9578090354588977,4.1010931019670105,0.42893506493506495,0.4923820109952834,0.3572327044025157,0.668,0.686942950701475,0.6836477987421384,0.1404779220779221,0.15563222879802927,0.20446540880503145,0.15354805194805193,0.1311019316850422,0.14798742138364782,0.06968311688311689,0.07267011145492233,0.10628930817610062,10.233817978896104,9.438829347793433,10.04591225678066,10.402337662337663,8.971835851834049,11.286163522012579,184043,1288,0,1649,0,1,0,0,0,1,49.01
2021-12-09,1.3603235248905075,1.222135749167702,1.23888038072985,1.6787868900038008,2.200195438367698,2.615985955307972,1.6903179002206843,1.4204619695596867,1.9498212269259123,3.605083616146851,2.5168673014171827,4.094537476008424,0.8538960506250215,0.8885093252031813,0.7922810551610718,1.1201265661152737,1.0953204931513274,1.2998695084864091,2.5841029768497275,2.2843438573766153,2.516293998215517,1.896294923195697,1.9534303141783986,1.747040700293417,4.105782648653405,3.74143009567937,4.122039333054038,3.686785398150961,3.9470075575896955,5.156014043176246,0.41373669467787116,0.4818128637779999,0.30453488372093024,0.6355686274509804,0.6662525721676759,0.7122674418604652,0.12129971988795518,0.14575460050561467,0.2427906976744186,0.1592997198879552,0.1289884766888118,0.19017441860465117,0.07096358543417366,0.07509700746663531,0.06383720930232559,10.131204044117647,9.363019210418013,9.924999858057776,10.034678089985995,9.099776221412194,12.136045943859012,125548,1832,0,1649,0,1,0,0,0,1,49.0
2021-12-10,1.4308922112323337,1.24970547849402,1.4478096406592567,1.6265775564412623,2.2407764765543483,2.2861121222172343,1.637555048488124,1.417129468294802,1.9507692195648263,3.4270933758257884,2.5558979605058245,3.5925029980815735,0.8117007598053982,0.9203587984407909,0.9622496930229082,1.076855883924451,1.0897417744589064,1.203071544768887,2.502683593818895,2.3289798028483912,2.8072535428582155,1.880522809143959,1.9951949279901537,2.1059089729071987,4.088863462920537,3.8044174276118223,4.4314412838268975,3.6418146616448337,3.990066951657231,4.480032150345938,0.4497924427887174,0.5017937438905181,0.3827027027027027,0.6581958488557743,0.6849040811339199,0.7610135135135134,0.17706226716338477,0.16181512707722384,0.2555405405405405,0.16895156998403404,0.12497281280547409,0.18952702702702703,0.06853645556146887,0.07871731427174977,0.020743243243243246,10.13437998935604,9.433696847507331,10.062837342958193,9.953113566059073,9.084127565982405,12.320945945945946,129708,1480,0,1649,0,1,0,1,0,1,48.99
2021-12-11,1.2917084244428303,1.2404706173788713,1.2936928957386362,1.6375728940707563,2.2354984756554703,2.291920099905477,1.6147882133878573,1.4277402747546077,1.7704682496367714,3.9058826637421475,2.558706168263956,3.8450499670699285,0.8599737168952882,0.9206096912366645,0.9694968791270651,1.0981346235037392,1.0908540615078435,1.1868140314070785,2.3484952321546992,2.2568038785377684,2.4445413184126106,1.769288657096925,1.978221599916677,2.121112423818553,3.900346445325479,3.758449003608474,3.9241138104217557,3.6929995676520098,3.992167016114238,4.453910087705808,0.3923173569101908,0.5093977611397834,0.44600000000000006,0.6658120055839926,0.6965115940975504,0.6994666666666667,0.18230805025593297,0.16544522788398636,0.20153333333333334,0.16382038157282458,0.1257636112524533,0.143,0.0926058631921824,0.07697463109689613,0.07666666666666666,9.960260404548627,9.46825252598677,9.45933349609375,10.02764094491624,9.143596214654357,11.605333658854166,137431,1162,0,1649,0,1,0,0,0,1,48.98
2021-12-12,1.2802471013162677,1.2541546066396683,1.2635640310529828,1.6630177027042519,2.2274137685626676,2.50735632085395,1.7754729922680452,1.4321032421614182,2.119060652767697,4.04368933699055,2.517098579183131,3.885216263264052,0.8894700963814047,0.8995905071044894,0.9852896169923039,1.1570309231425868,1.0999848269577261,1.4101044540079928,2.4068162067709737,2.2529836001100834,2.4145411757808777,1.7681451186986412,1.979939698357026,1.9657439539669528,3.8311955371595423,3.7395469407189954,4.056931687293208,3.7952489176451976,3.960975791134737,4.967266435277815,0.37390644234714815,0.5118297565374211,0.19834437086092715,0.6166228970045138,0.6761399458972047,0.881523178807947,0.12679524004924086,0.16291794409377816,0.25311258278145693,0.16241280262617974,0.12098286744815148,0.1739072847682119,0.06974148543290931,0.07782326420198377,0.15225165562913906,9.536233394029544,9.470340396753832,9.974834113721027,10.372219782263029,9.17991715509468,12.111920691483858,135573,1971,0,1649,0,1,0,0,0,1,48.98
2021-12-13,1.3439784623869924,1.2236077933879925,1.2147150882405924,1.5668138024482958,2.2060850047490654,2.2221570476152595,1.6634819560135485,1.3780220760250492,1.664806133911951,3.7673911882478945,2.4913094039382133,3.8061960894060594,0.8769979611427039,0.9104738732251403,0.8336835969431458,1.1063989750312306,1.0639451579307353,1.1621257500627231,2.4241495482250452,2.267344720721753,2.552131671089012,1.8528319292660833,1.9553506654802895,1.6710490350912224,4.038248782089924,3.7109730005744335,4.21466540641787,3.5527155811012063,3.904783891545471,4.383785152168304,0.37459765115267507,0.4894433316641629,0.3235567010309278,0.5760374075685081,0.6730965893284371,0.6418556701030929,0.12865593736407133,0.16330328826573193,0.21365979381443298,0.15700739451935622,0.11666722305680743,0.13721649484536083,0.059177903436276644,0.07491765425916652,0.05170103092783505,10.114789208623314,9.379425040338285,9.44432964521585,9.851239669421487,9.05664051633005,11.611855418411727,63967,490,0,1649,0,1,0,0,0,1,48.97
2021-12-14,1.319906030802854,1.187152095126636,1.3659656580050752,1.6466585794408082,2.1684885081364373,2.387375600865963,1.7208935954013074,1.353135158465759,1.691900801086313,3.864096512456616,2.498828822348581,3.890510671348101,0.8217796297881301,0.9016897680496735,0.9257944329899988,1.100512298616764,1.0421126090486215,1.1270406815039793,2.4435314009954037,2.276301007265353,2.4963192524494087,1.783515269373134,1.9601085540360557,1.8158228580389644,4.011912496803502,3.742930410243345,4.094500474187711,3.7272228016216107,3.9080355048082196,4.965760178563558,0.38074604370761117,0.47895340681362725,0.3984375,0.6234815373021854,0.6524085671342685,0.5845312500000001,0.12749058025621704,0.1654686873747495,0.18505208333333334,0.17143180105501132,0.11617059118236472,0.11609375,0.0743594574227581,0.0702695390781563,0.08135416666666666,10.426488466701207,9.367121743486974,8.842708587646484,10.192426231631499,9.01202874498998,12.556770324707031,58109,306,0,1649,0,1,0,0,0,1,48.96
2021-12-15,1.3564082295092184,1.1933273761444592,1.3770616835246066,1.5898869637636182,2.152783168344235,2.4056088343255264,1.6645782868733574,1.3541972930277488,1.984512859854915,3.6261515703597635,2.496026646590833,4.022584899417845,0.848413299539519,0.9032614981281917,0.9385645094613114,1.1024609215064367,1.052738296001586,1.3940330178261082,2.4210600659709605,2.2468247232064047,2.6195571326726768,1.8312069716477604,1.9487135945967669,1.9332015834035998,3.9615943410322174,3.7087255149151988,4.108236666489195,3.647625681699179,3.927143629711705,4.847941776841719,0.42853497942386826,0.4783993176487312,0.44387096774193546,0.6335720164609053,0.6680472433482597,0.8895852534562213,0.12984773662551438,0.1644168028999929,0.23400921658986176,0.1792962962962963,0.12081195062430404,0.18903225806451612,0.07596296296296295,0.07187741369914943,0.1362672811059908,10.413374485596707,9.386282192527306,9.425806001584101,9.935843460648147,9.027485813964509,12.409676969326037,185683,1312,0,1649,0,1,0,1,0,1,48.95
2021-12-16,1.3610057055785036,1.1781320807278588,1.287860470741073,1.6659758849432278,2.153922275374105,2.3455008620429814,1.665502200153417,1.3611787079807511,2.0696577748779554,3.671646263518816,2.4836276832908424,3.877524278500589,0.8845727189843231,0.9008319564051974,0.819674622055454,1.073851205339986,1.0603449573172847,1.3961449626274405,2.4306258184097738,2.218750921749179,2.4617873932681875,1.8490403732754233,1.9453487646208538,2.0531357976622777,4.043363426132244,3.660095835635533,3.99884287890971,3.666220547419311,3.8761144977409345,4.776337645099775,0.40183962264150946,0.49081790335116354,0.36924999999999997,0.5803987993138937,0.6833209893475976,0.80175,0.14330188679245284,0.1686993096511681,0.21739999999999998,0.1452615780445969,0.12142024413660676,0.2302,0.060720411663807886,0.07311274173638732,0.0711,10.066423838175385,9.424843128514608,9.8625,9.810505835924099,9.07114221871714,11.94199951171875,125442,1908,0,1649,0,1,0,0,0,1,48.95
2021-12-17,1.3510044597647453,1.1650654751327305,1.4171447572771412,1.6158919163101384,2.2095461597887,2.474006212660533,1.685320919209867,1.3794300667739388,2.001963445126923,3.6680837930490173,2.5309220393860934,4.046144102464887,0.9151705631471393,0.911233856425382,1.1044968914682263,1.0781768978559867,1.0815602130194772,1.2333626932028425,2.4163466571703824,2.2071923732970458,2.7015969004050517,1.8119310377553846,1.9540123125005826,2.1851388996713994,4.060628690116911,3.6081162399278637,4.181298880873779,3.6715922861736674,3.9763728478201728,4.833056399764742,0.40635820895522384,0.4845231578947368,0.44601941747572815,0.6093049040511727,0.7019922105263158,0.7861165048543689,0.11310447761194031,0.18009663157894737,0.2684466019417476,0.1682814498933902,0.12251221052631579,0.20470873786407767,0.06862686567164179,0.07610294736842106,0.04966019417475728,10.249723480810234,9.452686842105264,9.783980582524272,9.902089718816631,9.243606578947368,12.003399006371358,146477,1900,0,1649,0,1,0,0,0,1,48.94
2021-12-18,1.3668362397038603,1.1876021743154526,1.3082948148054923,1.7501205613811301,2.2010143388102925,2.5799291776352287,1.668504790926179,1.362778171288845,1.943505928592912,3.8880176899033185,2.520424971084496,4.3023812745111245,0.8691728981956092,0.8949697224481025,1.0368989207256127,1.1084411612483474,1.0823407707501487,1.4782212880111265,2.4032353477171666,2.219723773584979,2.4760863969333013,1.924494873060555,1.940543985148487,1.9859676383258895,4.025567746758911,3.6432605678455423,3.8935046099063517,3.71766368464282,3.9616607189641435,5.025972005404747,0.4135459861775651,0.4981740529541206,0.428252427184466,0.6167304625199361,0.6951432695265363,0.8788834951456311,0.1260021265284423,0.17054350140785085,0.29199029126213594,0.15930887825624668,0.1254936942479237,0.1741747572815534,0.08251993620414673,0.07910844000662519,0.11815533980582524,10.465975544922914,9.398991878238649,10.21067913759102,10.134449968434344,9.305006743487212,12.537378403746967,162668,1115,0,1649,0,1,0,0,0,1,48.94
2021-12-19,1.391248403061723,1.1897085545408137,1.4324210857928874,1.8495822677197966,2.193584872087637,2.5934066236496705,1.6573037918440345,1.3432319000070785,1.8802168701799775,3.872666110995865,2.4840498196624625,4.199545833111292,0.934421165698708,0.8940045991098885,0.9100273613724285,1.129043326271044,1.0829603033689716,1.2890470637191618,2.4584134243677247,2.2123017383569756,2.494029758208338,1.8593741242236577,1.9409002133838351,2.0143540368962194,4.077279707641764,3.6035439972356174,4.069346298155654,3.744394897184469,3.927234304416565,5.048405946819865,0.4530704761904762,0.511103122527805,0.4390944881889764,0.6109371428571428,0.706463539485318,0.7837401574803149,0.14589714285714286,0.18163618595560518,0.20885826771653543,0.14994285714285716,0.11913700032574807,0.15889763779527558,0.07606476190476191,0.07905463260272697,0.08102362204724409,10.036190476190477,9.430425159383871,9.821653351070374,10.397066964285715,9.341868223277025,12.035433070866143,156763,2034,0,1649,0,1,0,0,0,1,48.94
2021-12-20,1.3605932447476878,1.1769705622107398,1.2886959305737336,1.7236989428272844,2.2301811709736064,2.5274191582760173,1.6561358192406637,1.3844236456835017,2.0395944395721957,3.7691596367853455,2.5308741075494865,4.555064403481631,0.8573557535749976,0.9102525957068097,0.8829329550955625,1.0752958383236435,1.1101146633388503,1.3441923111365526,2.5185831333727005,2.2017180851697806,2.407751374966765,1.8230860549448904,1.9418959622197705,1.8328868412038744,4.172894820077789,3.6109224967088194,3.987544478667224,3.774461402202732,3.999536331192158,4.884352766330843,0.38395921835174174,0.4944478360861384,0.38552036199095024,0.6149065420560748,0.7186723813506167,0.7228506787330317,0.14065420560747666,0.18830942922851768,0.2332126696832579,0.15472387425658454,0.1240541501149906,0.13452488687782804,0.06052251486830926,0.07057662554881873,0.13244343891402716,10.524384193128718,9.45293944699979,8.878732810732465,10.093798122875956,9.323083707923898,12.043439355910634,87584,590,0,1649,0,1,0,0,0,1,48.93
2021-12-21,1.3982756899027506,1.166234108012216,1.2441598148015813,1.6843402072541318,2.231072535090276,2.3008512346540893,1.7090060183283322,1.372674776792593,1.6298760520133755,3.5475107324518387,2.541761809792821,3.7263771834294976,0.8713406342787188,0.9081549748445435,0.8584266790695179,1.173030590468763,1.11725564989611,1.1501089851039066,2.3688209000157894,2.2236496028758057,2.6697127945490657,1.8353296166461495,1.9083711059773942,1.925583512404456,4.03276744775085,3.6438461815340624,4.19165256139272,3.780323716838179,3.9987777172152135,4.379796341476184,0.42488991295442907,0.4794624075519382,0.4182352941176471,0.6208960573476703,0.7127764150592782,0.6971122994652407,0.1285304659498208,0.17433493143048276,0.16262032085561498,0.18397849462365592,0.1231774259486379,0.13919786096256684,0.059150025601638505,0.0747108559111012,0.0574331550802139,10.404556891641064,9.385209936076114,8.479144907252675,10.076138872887865,9.277165328724868,11.665240119485293,102213,286,0,1649,0,1,0,0,0,1,48.93
2021-12-22,1.44368963125378,1.1743837648740008,1.4573791803906908,1.7100119066744293,2.2131436686506762,2.5169388293719974,1.7265661890481667,1.375435011594136,1.8358126260144974,3.6459955651568428,2.5004988221577835,4.212325583228101,0.9228154448297118,0.9175243572065247,1.0157227476691595,1.1431188505291499,1.1177840101181695,1.0675430208712995,2.4985788074159463,2.2311963378022326,2.790524952129915,1.9918331149632644,1.9308914533915353,2.1526160206194844,4.258798404141132,3.6508071470344414,4.166079952283726,3.738902887664487,3.9363451485159278,4.855028631499998,0.34877031419284943,0.510980957986065,0.45420512820512815,0.6186836403033585,0.7141121637271467,0.755025641025641,0.14634344528710724,0.17476373094374728,0.2694871794871795,0.1825406283856988,0.12481631955650903,0.18933333333333335,0.06560130010834236,0.07335238167562129,0.07902564102564102,10.243553417862946,9.542387703377441,9.405640900440705,10.469447242348322,9.112021339206045,13.618974108573719,266159,1467,0,1649,0,1,0,0,0,1,48.92
2021-12-23,1.4303333783220846,1.2137596162077375,1.4825401526950732,1.6981968920372195,2.25108790377825,2.5845580972205546,1.6688284355887841,1.3595842365962543,1.7450179416801426,3.526443589597143,2.4954631269902383,4.388474823598891,0.889729868621206,0.9147584590464137,0.7922281555443238,1.0592631763639482,1.1238891105865503,1.2747054442653927,2.444359138241184,2.2128755271138973,2.4384250462597143,1.8292004388388061,1.9622545159406473,1.8682013272596256,4.186762487302889,3.6539515438323806,3.893024405556219,3.6374194834473217,3.9638169940044317,4.674010376899439,0.4464033018867924,0.5169744640055778,0.38216374269005843,0.6058667452830189,0.7292986316890361,0.8070760233918128,0.09830188679245283,0.17635131601882517,0.27953216374269,0.1645813679245283,0.11998147986752658,0.17830409356725146,0.05902712264150943,0.08195855848004183,0.06502923976608188,10.440448113207546,9.620895611818023,9.106432462993421,9.895872871830779,9.179854998256928,11.97953216374269,203318,2259,0,1649,0,1,0,0,0,1,48.91
2021-12-24,1.3781355891884568,1.2418105610912873,1.3406275640136804,1.6868926149511807,2.223782137043506,2.1723426450165007,1.572419502180018,1.368034731575509,1.503532966880903,3.6736060732309497,2.458156866815449,3.6714104902854374,0.8597240458643057,0.9392270536230289,1.0777236742230332,1.0596197459119598,1.142728159825567,1.1291726981129528,2.4590787004401986,2.230309272634152,2.675309615113083,1.884330626270664,1.941140398155407,1.8010268475956468,4.10536991187657,3.6461626655375037,4.182062934549503,3.6633130034742525,3.967241580132164,4.3722521598007695,0.4023402868318123,0.5623563786955021,0.5579194630872483,0.6161147327249022,0.7340184056137122,0.6806711409395974,0.13166232073011733,0.163273668468883,0.2191275167785235,0.1515123859191656,0.11910847808581618,0.15879194630872484,0.07196219035202087,0.08710939836650178,0.0738255033557047,10.15664915559811,9.760220867364547,10.409395973154362,9.957888129481747,9.31146468422869,12.388590767879615,237883,1854,0,1649,0,1,0,0,0,1,48.91
2021-12-25,1.3384975437256557,1.2853857309122192,1.3463825525553852,1.5796275081547826,2.279167665903912,2.116583164749243,1.609499630858432,1.3982721242476612,1.6732156504078575,3.7574197957197617,2.5028949038201973,4.009938277759375,0.8716825841882606,0.9401833219510686,1.0196478214155882,1.1268886968877316,1.1820214182096649,1.1858862727802935,2.343900610345036,2.182671104445203,2.485797185627044,1.8746381530094556,1.9806796870400083,2.2123203976557044,3.814593633347145,3.58028256920375,3.792245958659622,3.605214584455323,3.9995515636132013,4.238156436402768,0.4865676359039191,0.623100248792624,0.71985,0.6504677623261694,0.7665894921703498,0.6848000000000001,0.14147914032869785,0.16502736718864333,0.0866,0.18020859671302147,0.12251895214400702,0.1764,0.09810366624525915,0.09928523342602077,0.15605,10.073640960809103,10.012820137567687,10.060499877929688,10.282743856668773,9.494991219083857,10.80050048828125,278812,3177,0,1649,0,1,0,0,0,1,48.91
2021-12-26,1.2556604381435048,1.2309197698976782,0.9919348828201122,1.6533368732052314,2.2346268388752253,2.152892320349702,1.5905827357390236,1.3858916230876137,1.6608826967207573,3.7012406229899057,2.4574482122706707,4.249647563251731,0.8413816364961391,0.9260111946832972,0.690857616140108,1.049506508377883,1.1670172582478129,1.220104816377391,2.2532169852733914,2.208244557898011,1.9730805067527306,1.7905712235541609,1.9372100297453376,1.6342078500977728,3.746707987225377,3.566083575037147,3.44995052944643,3.6373867598151284,3.993380648712226,4.148616621116064,0.4599947229551451,0.5431493752845364,0.5487500000000001,0.6801688654353563,0.7811424452425515,0.7642905405405405,0.16245382585751977,0.1723541909049522,0.17662162162162162,0.17704485488126648,0.12470509383378016,0.17064189189189188,0.07883377308707123,0.0851767919469877,0.15972972972972974,10.245751566622692,9.68009256917396,8.9375,10.003324950527704,9.47551248166321,11.440878378378379,241450,1368,0,1649,0,1,0,0,0,1,48.91
2021-12-27,1.3333321923422439,1.2428752778549235,1.1619770476531972,1.5233747896648087,2.2048327296844366,2.1193685664395283,1.5983592944235994,1.340368288644633,1.7705459010359141,3.6819371403184147,2.432655862135006,4.245566049604127,0.8217691483095257,0.908651873956663,0.8469565954631642,0.9858879133593347,1.1056766885363962,1.2037040522282056,2.4628595984326407,2.2320263286540256,2.3612907351841077,1.8395818849609296,2.0031283091734333,1.8255200923368387,3.942396713200921,3.6466325313645327,3.7280567709402628,3.4970008003197335,3.8921902743264436,4.3625658939602685,0.4994017449106772,0.5168823818897638,0.45069444444444445,0.6264437058579144,0.7076628489620616,0.8147777777777779,0.11476942251765683,0.16360884931997138,0.2688055555555555,0.18642293311175737,0.11302903543307087,0.15811111111111112,0.08068965517241379,0.07636788654259126,0.13455555555555554,10.26298296634815,9.676933272190409,9.923055691189235,10.013917739925217,9.049063003310666,9.971944851345485,115824,262,0,1649,0,1,0,0,0,1,50.47
2021-12-28,1.3637124450422848,1.1996743700577985,1.326343160466636,1.6464623597110533,2.1565822411697755,1.987466431888446,1.6106204127502086,1.3044403921848533,1.621776290471215,3.6631402801734807,2.3947181087137355,3.9167098040050123,0.8514018955376924,0.892299756818434,0.7648177572593515,1.0761449338375144,1.0748635991961208,1.0461094969404063,2.480356279231757,2.233801021493229,2.5135450256213954,1.839312952070401,1.9465457356856615,1.976342949264838,3.968299204630212,3.6178166664885096,3.939167609415642,3.6283546176780948,3.8445902495144506,4.225450686939322,0.44383411580594684,0.5161959414858506,0.5115506329113925,0.6103912363067293,0.7027153290888573,0.656740506329114,0.12174100156494523,0.16397248898068692,0.17962025316455696,0.1597222222222222,0.11420990992909312,0.1724367088607595,0.07771126760563381,0.07291250558950664,0.09389240506329113,10.297339593114241,9.60767386027298,10.60316486600079,10.159076529489436,8.89997045546494,10.50727863553204,211284,266,0,1649,0,1,0,0,0,1,50.47
2021-12-29,1.3358946233148883,1.1843709957606765,1.2826520883829653,1.5998658432106083,2.172437206134771,2.0133847226984343,1.576281698688935,1.311352167783791,1.5462557223438729,3.696471288445241,2.412523144268741,4.108961665836252,0.7871445494254237,0.9050367456244792,0.8466644418453735,1.0363686251694462,1.0766772406952714,0.9608046948268514,2.3779993049040318,2.215615244073594,2.1872447931480496,1.7918723658505324,1.9395230939754173,2.043481460844384,3.9345947209138004,3.5936713499030724,3.6703533896697644,3.5536491705981708,3.8764390725714835,4.1209444170266805,0.45749999999999996,0.4980219499744768,0.4484848484848485,0.6519772117962467,0.7102194997447677,0.729090909090909,0.11282506702412869,0.16188655907645189,0.18631313131313132,0.1791554959785523,0.11814563945498094,0.15196969696969698,0.09138069705093833,0.07604861192916323,0.15217171717171718,10.026709508001005,9.586413299564143,9.963131066524621,9.98247358306803,9.046020340047905,10.152777777777779,464495,1786,0,1649,0,1,0,0,0,1,50.46
2021-12-30,1.3414797842228636,1.1727844255498965,1.23605431313945,1.6602525309093177,2.2065210514277185,2.2790361709174007,1.5455675777752607,1.3142253595203557,1.8179239606852111,3.657080663343413,2.459244268505163,4.243792317570701,0.849560869667645,0.8892346773412902,0.866061469402437,1.1004840925972763,1.0918871056987276,1.2470731075063215,2.4865379919220607,2.2067319456965766,2.296265949400548,1.8198081039108798,1.9323559132647505,2.0888997766883524,4.045036618277066,3.60862432487146,3.833905824824873,3.607129252453358,3.900861117377555,4.56163097403929,0.4398541444325863,0.5058144458281444,0.4390052356020942,0.6314300960512274,0.7260821917808219,0.7141361256544503,0.1663820704375667,0.1723547411492617,0.23329842931937175,0.1515297047314123,0.11339263476249778,0.11395287958115184,0.08118107435076485,0.07548727984344424,0.1075392670157068,10.32657417289221,9.571613147126845,9.525915974721858,10.01896150168979,9.097290295321118,11.487435066263089,389514,2331,0,1649,0,1,0,0,0,1,50.45
2021-12-31,1.284238462798798,1.2092165226747644,1.1417570745768837,1.586927819093595,2.2047515325768257,2.345438588539602,1.5680834010958589,1.2931280438513393,1.579351666809239,3.7797996114337717,2.440732680268964,4.359033931754858,0.8510710680144249,0.9103539322855291,0.8158328472174988,1.0671891749433533,1.1034658663360306,1.0658937304432083,2.417554017430996,2.2171424026779802,2.3091196306432726,1.831525778716638,1.9456151668071375,1.8602939172911093,3.9528559747349874,3.583728483702655,3.5908275969274857,3.61280185895253,3.87520320503982,4.4018336123617585,0.44591997141836376,0.552909988134029,0.4721779141104295,0.6151911396927474,0.7332484508315598,0.7701226993865031,0.1485101822079314,0.16445030418322565,0.22217791411042942,0.1562486602357985,0.11229502947657884,0.13819018404907973,0.08192926045016077,0.07873825174693462,0.13475460122699387,10.09078298052876,9.705575593769423,9.38527637317868,10.050339546489818,9.08813426440397,10.99294463549655,474309,1823,0,1649,0,1,0,0,0,1,48.47
